customer_id,birth_year,gender,state
33bba21e9131130728f945c135f08f0aafcb5abb422ee53855c58afe495baaa6,1989.0,F,RJ
c64fba6b296db674d690787594b8c50dfb46d5a30e7159b86e9f53ce3c9016a8,1976.0,F,SP
5be7d2822debc9fa857b033df66a66d8aee7e9fdf19d69f210cd2a1ac27138d0,1958.0,F,RJ
8da4c516a83914b17c158671f6acb7cd4763f8a76494fa33debe7523f77a9eaa,1956.0,M,SP
838f7696ac9a81029e31b19a551c0967c12aca39c3d613463704d911e2fe0955,1986.0,M,SP
81ec0d2883004312011401058c850f5ab0f83ff5629ef3de6d00d8376ac5bf9a,1986.0,F,MG
4f6afe8aeb98a6689116548cd0881a60c6be4330cf29ca8c45660eaccd63f3ab,1993.0,M,SP
79b6496926c8e95d81a5d95dbbdb8886f4d2934ce69cac8f674aae9e22546700,1967.0,F,MG
5498c36e2c4ee3621152ef193825214179ead7ab036863229cf2583797b93383,1981.0,M,SP
9b256f0092ac55e451d35eaf8a5bcde213d53cfd96f297540bf4eec0610b2ecf,1974.0,F,SP
f696f898e74e5301d3bff0d138bbd8f4b73162c4aa88d8cbfad3c6a588d5d0aa,1978.0,F,SP
853a52afbfe24de9181a256ffc43b3168da44a78d8b4811452a81fcfc315c260,,F,MG
649ff3053e944c2c62fbdfdce2e28b19898dc34dd13c115a867eebf0c4baee8b,1988.0,M,SP
51566215ca0bddc16320438607db408a9d215825f8275754e44aedc5e3a30a75,1983.0,F,MG
872e88e9fcde60c319a0e1e9e06c108bb408f73f2bed6776023bc21d2301a160,1985.0,M,PR
77bcb61a181be4f87bb05bb383990d955cc4e56bb34756f35556e88138c45aca,1985.0,F,SP
50d6e07038f38c1bb99b6d6f042e3bd744eaf4831cff533ab13b6fd975eb93f3,1996.0,M,SP
b48d5bc769a09e555719dec54a7f7f1d7b4c2daff084452a672ef25daf842b2d,1982.0,M,RJ
60b222ebba4a68846515eb437a0107653ec80f13a36a018e343a485d6608d1e6,1985.0,F,SP
154bdb7790d9d29071aab3c99c330b7b2f8423889e500b5e12fe1cb18ac09210,1988.0,F,MG
bfea23d2a6e724eb3030cc883497ecf1dcba58fc03d44648525206098fca15b8,1974.0,F,BA
f39e8a09fcf9c991b845c3c2dcf4b14f7cf3d4e701bbba659380fd98a0acbd89,1978.0,F,SP
35f6a3d56a4de6d322fec62f65590f5d3322b3ff8cd21e913761f453f8fbe27b,1946.0,M,RJ
b090e62650c44443ee2c8abd02f9bd2d08dd19917ec0811389f8ecc1e04c94af,1974.0,F,SP
db6d21a4a783cb093c85e2cac0be39e46a8219a7f2bd47672c2fdcc4914e3170,1987.0,F,GO
5efa9a24bfc3d50d05896c83b635387d37082840e7d37369ea98f4421356ba82,1989.0,F,SP
c37c36166b2eb81b2026c964ac6c8c06c48a1e562e97c8198625c31e74d3c6f6,1986.0,F,PB
019fdc376b3388544339cc9737c0deff44a391baac0619a306d51076190eab6b,1959.0,F,RJ
777b10d6b8d6083a414c2e152125c0bf041f5b16861cf03c435e93245c9b49d1,1969.0,M,PR
17bb2816d48d30b3c61e0bd93dd384a2645b698f748c02cd419bf59a13dd9018,1988.0,F,RJ
6a687dc400fe7820cde4df9614dae606f0202ab1106f3409b4d92343954b8e5c,1963.0,F,SP
0f81c345442def135410d1e90ee26c1980cbacaee2a0dbd8a95c40f5994d9cbb,1994.0,F,RJ
21d738ee84fe1db42c3d5b03b163aa55c5b6cde8225558c995aa4d80ecc4bba9,1987.0,M,PR
63cc3fe8d44dd46a06a6cae91c0601b1460a10d742f490a2b227928e836acb9c,1993.0,F,DF
71da15bea62980694387ce1288d2c0f5e0f46f4f1a71c6ac8c56bfc552b9d90d,1987.0,M,SP
172761353512e87eb7d0550a8bfbae964ffe0d4799d1ca471366f64c421b9a65,1980.0,F,MG
02f0c18c2f04060c1dd4d5be9f0614857560309d8f8d813e8a4346855fd1b5b7,1986.0,F,PR
89e6787b1fb32e87c4739ab4cd721676a590a63d828f09752faf9bf0949a4d00,1984.0,M,RJ
6ae6aab1dcc0f0f40a1ac8b370a6fb97fead52114eee97bf7892e2238c96cf78,1950.0,F,RJ
a48af095c4082f381134646bf9bfb81451bff542cc17acf4abe7e11d3ea9841a,1994.0,F,RJ
e904988471933406d9fa45dd0cbaab3b3b06fd8063ae9692f9e275eb3653ac5b,1957.0,M,SE
dd5b93d2ce72e4fb106bee4dde7cd5a51ea4a524f3b84eff5e4358e69bc4d922,1968.0,M,SP
72522fa6463f244dba36c76bd3929237a29f0525fb2c711106812269635d2540,1979.0,F,PR
e0b0dea674d6bebffceee549d9afce1b7f491547f6abe72325f02c939248b238,1991.0,M,RS
64f667200eec37b0b21ae8ed14cbc5508753da7a47162214255d3d10b1568d82,1989.0,F,MG
f8e745f4d3f8e65b4cd96e61d995fc8fa00e0f9c4277fb803aeac3ecfcccb0e7,1979.0,M,SP
1ea91230fd8229c9b3466f16ecc65e82f18b74c20763c3b3403c59d6591016b2,1985.0,F,MG
1094b3fe56f210ea6fe3264f711026e2e47dfffc875b2a0be7547b0a71a68571,1973.0,M,SP
b20beed8e60bc6e0cb181e42b45d81c06bbd88e35e74ffc1c8667889355a1944,1988.0,M,MG
e44db8e084d9034fc359608ec2165c73293434b68e08e12ded02c3e39f6c644b,1994.0,M,SP
04bb956e6923d59b7af115a3bb5ca559f3a6be50eeee63a58fdfb01e49c1ec22,1961.0,F,SP
09f7ac2681b609859c104b17554f94d3a594bc64b7353d829f655145f82dbbd3,1992.0,F,SP
8c9471e9626a9ed1dd9361c5687387166b707abc374f8a4ba98a3717926726e3,1964.0,F,RJ
69d0a373f06f60bae053d6f5afc1e1a7f5f966e8aa85fc5e69af5004389250fc,1984.0,F,RJ
ba73ce8b3547a26f129070554e2338344d6b8b668996048fd19ab5a20ac7332d,1935.0,F,SP
2f4efa2ba843a8b0606461cc38767248a4f51d643363c4effe0c28e4ee36c7b6,1994.0,F,RJ
07ceb63dfb0d935531994dd3242767c5f3c50434432d12a04133c3f8c93e3e8a,1991.0,M,SP
d7bd8af113d6ec20553c6b05761b7f819c0f279da9fe781049b3b53d164fba64,1974.0,F,RJ
8c9a428e4aedfd61aaca343021d660a966db386da67c4612f945dfb82432105c,1988.0,M,SP
f0900c0dc6656f03e578bb3350e81c656b41b4e94fe0b72833907d7e7519bf50,1990.0,F,MG
51774188ea744fc4d27b0635476e8f27110c1619ef69ba3685ca8ce7982eb2a9,1969.0,M,SP
ece0897d05e87a527520ae94e030f80aeac094d535f19902cf0579c354eef33b,1979.0,F,SP
c5a4239b35a13f4a99197b7f96f97ef2b4efb677c10afdc0493b76e137b1e2ba,2000.0,F,SC
5f07c848e8fea2e33cceb178e66de5d264c7c5d613a53c302b3168bdff9acba0,,M,SP
42aea247645344a7a97ab4e2222066dd61da3ccf7410acb791e32ed4719be5c2,1983.0,F,SP
bc2b999c338c5e5c31377b3e351a80f8e39dd9131ad4d3e325af09e022b19de8,1993.0,F,PE
556c31f15d43cc7cb279de6233309364eecfcc8e2c7fe87d081913a343a65024,1985.0,F,SP
c3fea918b0e2c04f8788ef160a70adafee2258f81ce4c26cc592486dd29677a6,1976.0,M,MG
c2891a48c6104e936cf3e113453254d85de61ecf6880d194109b6504ee359df5,1979.0,F,SP
b476d541dcff9fa4d4aa3664875f034cce1cc860ceb8b08a1f41017f6a8bdfc6,1961.0,M,MG
274d00c03d65656a63195a6c7e62f768395eccecb794cbb5beaf6a5a7d07e2e2,1996.0,M,SP
dd4af1dc1c6dcd237ecee495e7a8634a4a80120a6a8ffee617020303c7669f08,1982.0,F,MG
2e0061f61ff9822414dbafbc6930389c2fcf9d1c3484d04272fa7d9fdba53132,1995.0,F,MG
b226481c9031ff9b6628998363aecab44f0ccc857a5b8627554cf79cca2e929e,1972.0,F,RJ
0ecd0f46fc7e13c4e242a0038a3a24dee5e536f3f99d23aecb60b07c41746ea3,1984.0,F,SP
e1cd084facfcddc83f5a332e6935c7ea6a68eded7dcbf1c949aaa64db71008a1,1996.0,F,SP
a6604a4aa58568d41d28ff28f4bb06971f9399b951d574963f7d77e0fdafd551,1979.0,F,RJ
18bbde680a1e02ce618839fbe6392006ac5e07aa8587f3698aea996e4cd9da5b,1995.0,F,SP
2dc6cbb9951e5aeb4b1612ad0f488ddd085d6d2a952bb72586ba8b5709d2aabc,1961.0,F,RJ
d2f0bfb8d1d38bf6e46ff1d027dc712c409701ee93d1e110df7c78cd1baa2d48,1993.0,F,MG
605de45b531b97ff669f184460e2e0e94a93c383b4a2617418bd716159725bea,1983.0,F,SP
3a7928c981d47bf857d1b02e8d2807d7df19447a1de1c4bcd3d5c631f8a8ca66,1989.0,F,SP
b8545ee45cb70ff76841c045d0550304f936895edac276dd1d0658d92b7360af,1977.0,M,SP
fce324461577389b689659954fed576c063b6744258449c251ae2748f6d88df0,1990.0,F,RJ
1fdeaf9ee45353c638439b66b24a653393c84e22f5df382513045a78f238dbf3,1979.0,M,SP
338563b9398cc33bd6501857182dcd039e6e30605511e3ada0f414494b5a3c31,,NOT INFORMED,NOT INFORMED
849b50fb8438040585110d6c742e30aafd169b01df4728520114a4ba9793d406,1986.0,F,RJ
ca2af519453a70775a7dfe84ac387da2abfd7bd124ad263fbd9afb86905602a6,1986.0,F,SP
b3a0e02975979d0ba343f75aac9c29030ca4bf9655c66a154fe069be0bc78bb0,1992.0,F,SP
3c74dcf5bb861d83f46ab4f9d73eb44e4c51c480c48ae89ebfc8b62ceaae99cc,1978.0,M,DF
e023a02120d1cba9a6631255d1cce3d7d348d1fe08b7975516d45bef6045335a,1982.0,F,SP
48c6ff6742ea855a5c48f60abd0cffc821ff7deb6971ae5b62e4aeef56d75d1a,1987.0,F,PR
da3fb3787bff038a8ba1cbe64224599e5633daab08cc6198bc8271891c6f0412,1986.0,F,BA
77181728effb23a50021f5fb9c774a11113469eeaa74cbc34067a0b2e11d3be2,1991.0,F,RS
60cf2afa338004cd0a9ca3352bbd0cf84f89d06ab9b4b6c63d6c899b9fedb915,1987.0,M,SP
b17fd952252f919a1e41b43c22c9d9d96c7cf8efb4bf257820515bbd41d53095,1982.0,F,GO
f54ed3e93b36898283b93989eca374b76291fee3c6f5d9de8a93290c0b3194d9,1976.0,F,RJ
fe8fc74d1eb6c4bbc97f3cbef6042f82726c20d47e901de89b8ae500ab97f74f,1996.0,F,MG
b7571029add4d88ab5fbca3936aa6d9545524f39c342278ee91ad28658ee97fc,1977.0,F,RJ
b52d8ac87cd1580558803bd021952797caad6d83dd1af07cf48b8f7f483781a2,1965.0,F,RS
38b70641e58bbd78bfcdd911a0d795b9b7b3e6f960a73cdfa488b2b01edb8853,1983.0,M,RS
6e76dab21e0db3ea2217d5fe4260983f23af483728d40aeed7be571b1703ecd2,1984.0,F,DF
67205a49ec19da8fae40ed51ef73014c52ecedde4dea5bab06c4e9fd64eb01bb,1979.0,M,MS
9a792de22dc5e1eecf02b7b2224f489787e8a0292bff2497d03fc0a1e0b7ebe7,1982.0,F,PE
49e085bdbd2d5714895d861bd18690f97a4598f592484f2df57cfa42e5f6791a,1987.0,M,GO
d9e64cd6396dd4a30e2c07ce6a5e5895f962881cf5533a586f1119eff049570c,1976.0,M,MG
d41d3a8e1cac69b856cb62399e6ac2f5ec507c4ec5c82168b6e7a12e5ae52153,,M,SC
7bc8e4a7c5e2bdb0cf8975c92d465d1c8ecc2621cff454129110c68f1fa610cf,1982.0,F,SP
667f296ceab94f3d53c0c6ef69eff142e509e43ca5dd032e4cfb286dda35454a,1980.0,M,RJ
7a4600b2af32e46eddb675dad7f851e8a2ff2a28195dd416de766dc18d5df352,1988.0,M,RJ
00fcc6d24f700e477047dfc18ad22a95603c946be014ddcb57f1a6010be91346,1987.0,F,MG
04b27752c7d7d66c6d4a30a085516255d37b164283376d5dad1f5683d3a18312,1995.0,F,RS
8e88f58c0c309ef095ea89a998f2a124f257554341b5686d5918a02e75600ad2,1979.0,F,SP
b695ac2e771fc93a05aff5365ec0ee38c4bb9ee10d2c85b87abf7c4d6751d13d,1970.0,F,SP
ba204affb5e2f75a5c2a5a3bc49f05a0cab8a0826023003d579202b52e8f849a,1976.0,F,MG
28ab7b03bd4fb8605ae0f9d2eccc5c3035419ec8beff51233da4325146277ba3,1987.0,M,PR
010055669428b0bfc4e71370cf33c445b191bebda0baed5aecea8a787cb39812,1999.0,M,GO
15a18ccf41fb7c21dd419dbcaf5856ba72d2f513d26e92ad3f612e5cf7e67246,1991.0,F,RJ
a047c68ffbfee89f949488620d8570d3c1bc4810f715d6e22a7eccc4d361e304,1990.0,F,SP
d6dc7a2d4acf4dc36baf206a4d983bb1491a6728d4dcfe0491d704d8a64db77a,1996.0,F,RS
6c4d0868c5eda0c6724370e4bfcc433f35a910c91353b23cf89995523bf44aac,1985.0,F,SP
7ec2c7880406ea275395371193e5ab4ef4d625fe803211195a4de52572c0ddbc,1975.0,F,SP
eec135794afe6427f24124cc1ff58a9142b0e098424cc59cb60eb404dfed63c5,1970.0,F,MG
05b8a29bbe5396cbc0d9c4675e5568583603efc5d28d63ea591dcbf07b4b34c1,1992.0,M,PR
6e49f1b382e0e381ff7b7fa0eb42175b41d1e1d37ebba66321b0877f38639e60,1983.0,F,RN
811119b68d5f897252e2aa0316a03525e7893ac0b2a12b93ad0c4bf59fb4b37a,1987.0,F,RJ
4d25c5cf60423418ab33737e4429b13ebcc31530abf65f36bc7e7750f6e158c8,1994.0,F,SP
e02075ab0817088ae96cba9725d9bc1b3485615a5a38bc6100407a06a2cc29de,1984.0,F,SP
c09a800f5664c5131478f673d3e1e466dd12686743a74fa60cde9b4962ef2c61,1967.0,M,PE
caad0f0a6936d129e4f0936db78b37c3b4642fc6f8349d1061c6a2404bc83c22,1988.0,M,MG
002106d0017e5d5827839b39bb78bb4ab955680d96fb1c6ec3f116072e37777a,1986.0,F,MG
ac0c5c8b461f950490474b1253a7d82ead5833aa87d6afb8df351917b149412b,1982.0,F,MG
db8fd120ee277a9d983360cf8d5b460d0b7019ce053cc88cec5c12b38d4abe26,1948.0,F,GO
baee54c3b8b8f371cc3bbbb8e7f7fbc7324b2d5cdd33564712d7bfd1098c8dda,1988.0,M,SP
09fc98390e48d74a3cc252fae3844f3844362700aedac8f9b146039b75419c1e,1998.0,F,RS
1fdd8108f2d6101ba7998436d1d05f8af85eb2b314ead482e9d8f8e022c5cf45,1950.0,M,SP
8986a27608acdb4cdd07af7ba98e3d0b0d66f700775028d4c9e0ff0197bc1d5f,1994.0,M,SP
399ad8e15bac86a869f50004153fc99ef758a4404e7cb68e4479298a95866f3b,1991.0,F,SP
1a3accc439ad69b1b8f581f1afbec2ddda2ff176d615b62db18f2865293fc6d1,1973.0,NOT INFORMED,SP
f824e8d60096cbe4cb0a6062bc4f01b075374d2abdf1e1b8b4fb435f304294f0,1988.0,M,ES
93f3a6b77eece2126a475883465187289c8baf3c7e0e58ccae7046ecc71c5229,1991.0,F,PR
348d4ccad4ca2442127e3dec44d337b0362e865429bce2d68b4ce98cf2a13a26,1977.0,M,SP
b79163f9eb6e368eaf9b4b300765be13fe4e720567609896ef93759bbe963ec2,1984.0,F,MG
ca7f4d1ca8efc1768a6edf0678cef8ac458c4cd58acb3c66f35a55619780b779,1962.0,M,RJ
d43c45070754187ae85082ca9dffa48bc1847aa1a2bf352afbb0e172bbea9ac6,1989.0,M,SP
ee368cd4a7996725a7073bb29c5a1e99f330c83a6fb3aea8fbbba49f40b0bf99,1997.0,M,SP
8385fc5b6365e150dc05327fe3f8f2a8b08b5d0f00145edb7c24710d36d39324,1992.0,F,SP
131be09e13fad1c7a6ee5583af339cea567fe316dc5bd29ad95d2d633f130387,1986.0,F,SC
af7cde27188ed6226ac717bb9b12bce1fa9298a3481f7cf47dd5272c9397af8c,1988.0,F,SP
5e88d07d1b06228183eff6eedbb3d350333c3aea5d222969b691bf4b6e3458f7,1997.0,M,SP
d1c7404a64263b702062cee25157257679bc1cda3290def84acc32bb1802dbf5,1973.0,M,MS
c37427de08c9977df100676feb5cebcd90a0265418601aa396634e35f10769b9,1990.0,M,SP
4cec76b5ca0582c744d4734a4b055d8542cb8e84a807d9f068e62e2b406da846,1970.0,F,SC
f5c52403a25742410af8fe13e22b1e480a696fe2bfe72951f3d78b4f58a10552,1981.0,F,RJ
c77fa159986d732374d6b48e95aaac4bfe0b58d93c9923f09a8edbc5433ba563,1960.0,M,MG
6cdbc2394227859a10b4fc150d2d67d0e7a34b429f21cc9571a7613f14f17dd6,1990.0,F,SP
58e935e3f5712a01b0a5ac08e1a3118acd1d8687196cee195a2ed5668e7e68db,1991.0,F,BA
a94e13715c7ce2ff176f906e2b6392b44f0f2783fd5f79a3da59b1b9d270c0ca,1985.0,M,BA
326038323ad3c546413bfffcb4845d7e8240f7d95bcfbe873cd0cb977c04fdd3,1979.0,F,RJ
1f94ee64a2cd34957e7af7809acab8bd55f93ebf5dd8c2d0d0cbb488645011e7,1964.0,F,PR
ade7fdc13d72eeca66f4152931296c39a7774cc2be475a9c76979a213480bc46,1993.0,F,MG
043011d483492c9fc96a3281646aa75e21ebf9cd909245ba162be40b5cce2a1d,1990.0,F,MG
a53dc5b879da427a3909069a8fbba6249bd0b845bcfe6ff13a9819f38f75435c,1989.0,M,SC
133e13cfb42de3be1019662e58f2720b4c1a51970b432ff63c8eab18c9ed0ccb,1991.0,M,MG
8b803368ec426f5e1624f5495eb1af958129a76f4ed1e7a6ee49a29362a6139c,1981.0,F,DF
9c6221ac36bf01272e27033415c43a72b514a94fae92e00c4fda019a4b0578b3,1960.0,F,PR
da9875bb200ee452073709af31ead90e26539a6c966e4e2cf0c9aef66389d8c3,1992.0,M,SP
3d0a8e0ebe87568349ba731d3dee51d4289949434dae6901c991fd1c7feb19de,1977.0,M,MG
4cb838650d37a84af623ab65e2c2c81f26a699e5e9dc93032270438049778037,1985.0,F,SP
c531e491a639b940b2c64a332848852d9facc9a461bc93a594ffbde57f13a90c,1975.0,M,SP
af72e39b4c1edad3e09948a481e5d76a70764aeff67d372d034fc75576a8be71,1966.0,F,SP
bd3a6406ddaf53bdeac34c02a80e833c44b8e8e88a067d3796acb3f3c460546e,1996.0,M,PB
2b4f00f5f04d41e7ea11fe6f6c761dadc7aaec8be22e43b8d8a191d207c47578,1977.0,F,MS
bba33f8c40c427c9d3060e4811ed174a9f1b0a7dd24260f8f113643b0b6e9b98,1990.0,F,SC
0052ed58ec51797accca23c77fa97f39c8cf97d999be1d7a6094383386a1b030,1959.0,F,RJ
bb99e36f49c400ca9e3e6608afe1c463d55e63330578d458402a5ceb8717ce9b,1979.0,F,GO
5479f6c20018e6aa3e3d540ff5718b863f3259bc0322be289cb51648912541ae,1993.0,F,SP
524a5c710eca3eeb6f5d4a72d7ae2daa413681bde16df8fc3a3168a35963e357,1979.0,M,SC
cb62fc19c574ee579dfe05118149d54861fd359522a76a6cebbd5fbf185c4cf1,1988.0,M,DF
94faf74ed2b99e53373382c07c02c0120fe2bd69cc4d30c0aba24f0c14c85cdf,1978.0,F,DF
6492baab2024a21e3c7d1bdf37f5d311ba9830d3c35bde5509ec6dae3364d4b2,1977.0,F,SP
55c51d8c15031063d884add3b6ca5ae36a5cb488b42e1e32116857a64226063f,1993.0,F,MG
ab4ba6999b5de8feae47733e4d4d9026a3a63f5bd27d437b0e02658aaf015541,2001.0,F,SP
1b0993ad31a856c7354ff41d8613555c87215a393ead82300e5796c907911c8f,1961.0,M,SP
82bfe1b3293f598b07105acddea57419a87d3dc0db7245eb4c4566b5a38777f0,1982.0,M,MG
b676f0183d3f207e35f151b9ac19f3eba4eb8e21601e683a9f78929b97daf450,1987.0,M,CE
75819af020abb773866a48bdaa67ac1d0c10c5b121b9f5170bd5e30cfb6ade57,1990.0,F,DF
f4fa8050e489a5f2a553dc395494ce1226cd08cd5061ae6fffd101549443c00b,1993.0,F,GO
7b2fd818ec2457f969277dcac9fac6bd1d2b4f45d322bcedf2256647fa64585c,1963.0,F,RJ
4123ba7044ca4310fa277ab4f1aa383b143865054b7bae0b19c892f25f256533,1962.0,M,CE
98d397b9fb845d24d5da3d25e790ff3107caca82ebc20cacbb05b2a135b646ed,1967.0,M,RJ
cf4a9bc9e666408e5e94eeaac817761595fdf7c6c76af2f27a53fb5026ffc2f5,1991.0,M,BA
bf70cdb85dd1f6fa6d02c2c36fec8367c3c69789dcda80540507da6fc247ea22,1991.0,F,SP
147c889c8098e8c852993d28d4f4e2cffafdd6885adcfa9e54e9389aa2aec11c,1987.0,F,RJ
34cb583dc03256c6e65cb3f45cf09a26c4b70eddce834970cce9b6eaea094a75,1985.0,M,SC
95ee09c0b5f00a8c9aee17e927b2bdd23703ca72790df3d9712416024245be1a,1961.0,F,SP
f46a268c7e81bd4c97956a158f366d9ae6aebe91b026f683aa533980c3691296,1966.0,F,SP
9ce9f497721605b0e4ee22c7a7c355769023f1ec8376cbcfa012652f8df45d6b,1993.0,F,SP
1fe27eaab502475243d4dec1c1100c7f2a7230a2d9640949feb83ac92a7a23a4,1999.0,F,SP
a3f10ba68b72b6d44e674062e80bf53ddb15da048b4d884fc2a12164fc84348b,1988.0,F,SP
9b8a4256d6b0f8ee89104bcfdd30231c0e4db38836286ff665f56284af50de3e,1985.0,F,SP
9109cc7ca3d6e343561b09d410be34225d52fcfab19906be821ceb39a9742923,1994.0,F,SP
836c16a1ec4a8805b03acbd5ebb6d8831afd8c89994d1aab35c6c2e1cdefb25c,1964.0,F,SP
47027a79a272a1556ca84b41c32eeb345ebcee9fc694c3b4414e480da3ab24be,1974.0,M,MS
e94e3d542bf5afb1776309ae14ecf6c6b12bfb05a74ec39b32a6add27f9e7b3e,1994.0,F,PR
790ce36f9bf772cb725437369fe374f9fff569969eaca4e757276f790e3667fd,1992.0,M,RJ
f5b82388848cc43d04f8c7d8137fcdd99f0dfb3c3334b23994c1319c6e396a12,1984.0,M,RS
e4b0d759f00203cad06fbb35708c2cebffc8b8eb3d5dc887053c37da48eb1f09,1972.0,F,RJ
0e2d47a55d97b5773d28a6d11a57b604a79398558b8a6a046f3b9c54b7bb3700,1993.0,M,SP
0e9e8e3be45cb605ecde3c2c297a461d8af112a24bba25ee116a36c8fe63f7c6,1982.0,F,RS
dd5b90051cc21caa305930c790e6ae578685a54a257bcf6dbb2e4229cac0bf39,1997.0,M,SC
e31bb0eabbb36d93daadc7699d5efc582f3c8e9b8ebdbfa313fccfb28ad22ae8,1988.0,M,RJ
88c5f1ba2d2328b035567d26e73da8f5018a14e9064ed1b456f9aa89840fe93d,1985.0,F,RS
65a9cc050430c5c8edb54465c199b1ebe842f377e1b25d1016efe90dbe07b501,1961.0,M,ES
31f01cabf813aaac05947460af0e22bcb676360ede382214164cb2cc4081311d,1991.0,M,SP
f3d797795c24823d54d3b582a606cbcf14b2b94ca4a92491839f8a13a0e2b98f,1977.0,F,SP
60219f74550138c31525cb782d43c0fad4b76adf2ac915fe28b859c094d4b246,1979.0,M,MG
63f2ad1a47ed6ee92f210f593260a86c26d60cd96b1c944e72904027253b3d40,1984.0,F,BA
ce82b58f166c2eff5d68ee67fa71e7d7d060fd8bcfc9a9cc656a8d9a5e96b546,1967.0,M,RJ
15c8dd3378ea09a034b14731fc8dccbc9b381ab227cf924c75e7b861982f1728,1961.0,M,MG
fcc62f36ac6c92843693c9e534b31d1f2cbf11302e2d1e20add789c3e3ef1076,1994.0,F,MG
af75242b9b56f60b4590d513250275b2719e5ebcfab00e5428296a42ec656af1,1986.0,M,AL
481b4b260869729aa731932ec98d4a942889c07e3629579f4e31543d5cc30d6e,1994.0,F,ES
42cce3588e413b0381b804f38166894d12bbfad5acc25ceee734ba6111261082,1989.0,F,SC
3e8648e1d56a309ab95d3e974ca7ad26cf9ad1720d26e4d9f9104e2f2ae3da6a,1992.0,F,SP
1f13593b42bd83eba2dbdd13a41a6bddf224f10e8e589bb6df1ed381aa133b3e,1990.0,F,SP
fd86bc0665dcb37079b054b3f75cf4625423c9347e0af72eb62f764576746ca0,1982.0,F,MG
dbae56f1edd0770320788f9669294772c8619669c83776ab6f3c92d7194127f4,1991.0,F,SP
c6832eda3a677038d3c86b76a7db71978396bb867504b50befbf11a5cfc6244c,1993.0,M,SP
de0604573ad18fbca0c54213b54f2254d9c8c42662f5cdf1a79f3fa167da54d1,1992.0,F,ES
39381fc1802453a5052acb6e14cc27ce9102dcd9e3aed491c217944ace00dfbd,,M,MG
11cba3d22c1e25e0cf432bb2d6a2883ada0186df240d1829f74cc2c8bd809d70,1993.0,F,SP
1c6ef7d2d3559547135cbccfe26e00b12d37a60dd2bdae207ff6ad79ee7f6527,1998.0,M,SP
debabc14f480989a4f4b43930c15f482bb7cf736a1506486ff50140bcda38a67,1983.0,M,MG
830349714898986494e70744f99b5097e3c9457b4d07c9aab96adc5dd8ab724e,1989.0,F,MG
a4c0f0f716cf3b3d214b6a9455432dd0c26434fd8bfe37ed362397abcba9db63,1996.0,F,ES
2257cdfe8bde5d149635cc3219fc1d83073ae2a9e0c6a4f0f59883e65774c08d,1982.0,F,SP
f73552a1b69926611a8f98453cae0f8d5a168883bdeba1f616e8675dfdb7543a,1985.0,F,SP
cc4b462b614e21bf58d2ee2e2ce7af9f02face1cfe50a957b88b0967d6b1c1a0,1974.0,F,MG
587f5c911c97f97131a245afec0f700db25a81fd2f2fa8eaeba73cf7b2517360,1976.0,F,SP
2be49f99f3f6e018b80f1d45f42c98487519edbca29776241be1efec42ad168f,1983.0,F,RS
95001a25ce8abe793e5dfd9f475970b96351ff0c6fe4354f7a9b7f5343bbb3d5,1946.0,F,RJ
2f43ca3b7f97a79d7952c30afb4a12187d08656a49e56a3c42dd75baf475b7a9,1973.0,F,RS
2a7a1e74c621d32ac499120bd36b444d08618f2f876cbe1c45295f210b337bfe,1976.0,F,PE
7c3cb5c798ba37f3b2ee21a8f5d1fc1c40e86b0a37f2c2cca481b9d1c8c947d3,1994.0,F,DF
6632c279ab80450c20e1a3b37832e49af97b1c4298c899a59873904326e76802,1979.0,F,SC
d2601c09fa7066bfa79d1682c029e38ccec4488d36afc436b610d4b8ec8d0c5d,1995.0,F,PE
a9d7e9fb9cdd49dadcdbe0bf122ecefeb294f4a4c373f4ae554ccae61bf5e28a,,NOT INFORMED,NOT INFORMED
e0b6495ab501eca8b93731f2e2dc84a909900b4b571352d4c83e39e808482f44,1990.0,F,SP
52ae992ed203f55eae63642d3f6d85a3f8c35b50fc8d965d310421086c67e9fb,1982.0,F,SP
99e474ad5f51397a26769d63589040a44c629c12bf77efe4158066378ac5e2bc,1999.0,M,PR
6ca7307864532c71fe7fef40716e2b2cd42397a0188f57fa651cd319309b6f17,1984.0,M,RN
83d13bfda7b4ea24a7b069e1640d187ef0ff8df666f815d5b8291211696e7412,1985.0,F,RS
056faa923266090171bb9687ca05dfe59c0215c2cad9eb8c4bddcf30b6a0d3e1,1985.0,F,SP
2b56b49d23eae626690ce52268f2504c28d5800ea071c503e83bd498cdb75fa6,1981.0,F,RJ
a2e8f73d9246abebea9775f3c6f5e613356fc73a46bf5092d54c8b4f9c39137e,1991.0,F,SP
38ed7d8e0f7b75567d36c9e071285f1853bb87f789a1d4995adfff0828b76ed3,1966.0,F,SP
db05ba24264d695de007b338c4070313f3b3cf7914c0210b0a1900b0d5601024,1979.0,F,SP
39ae24737fefeb19500b196260987fdfc18af1634235ee3c553ca107141c33cc,1984.0,M,ES
0d66a448d0862d23ea89c37735fcf2d4d46f402cd897dbdf6029e80d206f38df,1986.0,M,RJ
02340a887b8c68f510e7cbfc5b61ce2d1e3b7089e34007dcf0151975a69c0ed0,1983.0,F,SP
c0a2dc93d5194ecfbbcf9573b0fa6e0f44db2552810c7277d752a1ee5fe19bda,1986.0,F,RJ
49c96ca3b2f6b2d9ec74b41abadbab16eb24bab0f88538b3b825eb7ecd3f6a38,1991.0,M,SP
a63ab3b72f4061d3bb775de656dc6777b00cee994ccd389f7a7119b69c6f0d29,1988.0,M,MT
1dad6f3f874ab52c7dcaabf973f42b77e453e90fca6ad3b3dd3b30a1a725de57,1977.0,F,SP
5c103e140ddc824f436d2d2c57c5882af30f88b5c61f8aca6b08d0667ae1ee50,1993.0,F,ES
071b134e95bdffe17e2d817982ca77ab01cc678ab625df8ed704137dbda70cf6,1983.0,F,RS
3093b425903ec211407d36b544d1551009ceb0616bf68f214947a2c8e13ac3cd,1994.0,M,SP
9af34f43cba9b569e1ab6c0be9951340ac2656f922c9863ee32c5095932c4f6c,2000.0,F,GO
48eeac5d2d3fef2c577ae361364ccff5e9d04457fb57f46624e33317415c03e6,1972.0,F,SP
ac96a8ace21947af630cc3c2600c5ccc5cb9b89dc9e4c358e8279c8ad3b2806f,1990.0,M,PR
ed3725fac47e8a4aa36c51ad1014aee8c73ee7141e18290bf2f070824b29e51e,1991.0,F,RJ
51b9bd91ffe25dacbd5fb712bc16a789a9c06f3822e99cf05b5b320a5472dfc4,,NOT INFORMED,NOT INFORMED
a05bd1a85e72e78d95d378ca5e4e8f77f9b7d354f31cbcd44b1c397bc15d7f86,1987.0,F,SC
f3bca12e2dd16f379cf1865e7ab41a2c1d779863df1c8fd273274c91e1c939bb,1988.0,F,SP
b0d8c39d38fdbdc40f5b93a87b672fc4ca176c25305cf1b45535c8a92723ff4a,1994.0,M,MS
13e47bfe123566b23c46c601fa61f0de16e57ffacc819e6da62584a252e9309a,1978.0,F,SP
7a963aa1e102b50f807db47e416ea0f8ecd08b8cdf0c63d192e73038358d1b0e,1989.0,F,RS
7716a1fe03b7941e454f2221f23d01093281afd4d1386eae7239fd99243419cf,1986.0,F,SP
f932e6718689bd84efad964e71f067f77839531c8e5c25841af62fd4f8e60242,1984.0,F,SP
6ffb0ea7a97a8be4e9a4300fe90a547259578cfb2e446d1370ba6fd2c9ef542d,1990.0,F,PB
967ee04b8c27955f70c5d0150f083eedff18e4f60156dee414d890ad27c1e4e2,1986.0,F,MG
de97289fe790caf6a5fa7153c8d79c0796d8fd889b577d5d76a2dae75c83141a,1987.0,F,RJ
5ef12eaacaf566410c2a8c74a169856873b821f253736f82348f556c20f5d84f,1978.0,F,SP
25b1c0ce9f3a6e518019e34bc000cc2c912f9d26e2452b0613b10a7d4deb1f63,1964.0,F,SP
89297c9748904ee220636b197ce6447b8c423a21da392307676661bdf4338f11,1993.0,M,RJ
8713398540560f58f102ef03755984eee822f2e6c499b1be5e578371e20f3a9c,1993.0,F,SP
acfad9e0451ac7e1ce40dac5b810ad312accba87e21efe2c4d94a139be6dda48,1967.0,F,MG
768ab7ce8c6b72d7279e601364075ef340ac10add7332151b95832ca6b6264fb,1964.0,F,SP
c15b878e3021b4662d767b69a8d13cb82838a9f38aa5f922ae2494233929c2dd,1990.0,F,BA
75923e70695a26144a1d91ba4b74615bb0c61384956e1ec731dda44c38b74f54,1984.0,F,MG
a4c0b53ade665396f20be67eb24a900db02c9b5878ba338e80af9694e70c76b4,1995.0,F,MG
acb5e91f2e790b5e3be8f73a0f4176ffa900f0c4ec4f5918d7721694268f9cee,1985.0,F,SP
31102c4e2fcc3833454f31edea05dae493a77d2039c0376cc55515249d88c603,1960.0,F,SP
857a533ebdca1f81e9c6aee8a33d01846c52bd324cc29e978a5c2672c9a94ae1,1994.0,F,MG
e39b170f8098198537ff169fb1b2e5ff4a247af75a6f289232b2cd3b4fc31f3e,1986.0,F,PA
d6b5c8d1dec1776b83481d5293e9a6b4f346bd8f988829e7f8648a962f832c57,1973.0,F,SP
1f2c7c4717b68cc194fbef6dbf51dd1b42214c5ccc2cca7bc1d882cac13f4688,1979.0,M,SP
df29bcd9c9695c61c9c9ff54b1a3d87d87c5ae6ed41155372e984c826f272ba2,1983.0,F,SP
377d63c354679f48aa2413b0b7ec55165e89347944d4273fa34d1068a0320694,1972.0,F,SP
a07ff8d22436a38462b9e45fc77601653f77351ec0885912c9536ea3029e8eaf,1954.0,F,SP
cc33ec6fa5118252e83a6ca3517499d28c8109fa9011e608928ac6584975156c,1989.0,F,BA
8eaac648b5031d8b2d9c84129c2e54832aac0d9a36fe5f95aa7eed2ac4783904,1979.0,F,SP
71663bbbb9a792423610b202601a10d4d131021e5aa262b3fa1e00aca9b90a32,1971.0,F,CE
c2061f98d91e408c138e4cc1bae8743a9b44079ce2187ac9b2eed7238fc52084,1979.0,F,SP
85fb8495d6b2e902b7b33e3ed323ede20b3f5af83c178046f78f66dba9df7c3c,1997.0,M,SP
b28afb99c1991d01860ea5bd594f98f6814d246c6e6c7c24b1bda9cc8558f77a,1993.0,M,SP
375e6020196391326c28c8c0d12ee2d454bbc8158e589a21708983435bba1415,1986.0,F,GO
c9dfc5f52b632698aa156738f908d8ccf67f9e38cd267eda4fec0319236fa783,1988.0,F,SP
e075acbe86e61d2b0b6371b86508f07952fc68a840b337b478a14e0878e07239,2000.0,F,PI
7d0738cba68b723e3de7816e66f0bf881b1aa460629bf4dd137fcd22a9ccdb9e,1980.0,F,SP
c273c16b3b77b460eb0f640eda86da0b21ed4ac523cc23436c4f89875723d5a5,1964.0,F,SC
63dafd060ddef61fcc38b7ba60ebed53f07c92b56be05e6866006ea9aab1eb69,1988.0,F,PA
b770650dfd941ea7dff98074daae7fec50042d5b4d24df988476ccc25a7a60bb,1971.0,F,SP
509e2f5fd738fa9e5664fef9f4e11152108254fda6fc85573c4de887d05b9ab9,1987.0,F,RS
2dffae4dc42e8f1de9d0613b7ff79fcdbcf1e9dcd0b42ca7ef32728ba184fa60,,F,DF
b0cfa8cb66a5283e1ec75f269c78342e6fb01f1f830e21649901eaaedb987a3f,1985.0,M,RN
de4bd03023c7579aafa53688049e438f9e851d50588e792fedaa6c4bc6702e62,,NOT INFORMED,NOT INFORMED
866532317581722124796844078d4614f4f22662f5fd424ac3c86fb2dfe7484f,1982.0,M,PE
d4168439c0d1811832cd7f1b585c3ba4afbae1b42767dc3214d66317428f7d02,1969.0,M,RJ
605832673ac0b70611801d87cb4d8ddab92ca9b3d9e124387c77ea00193e9158,1982.0,F,SP
b164bad4e659034fe1b18d55251432a7fd298cbc56ae73ebdf8c957b5ab89e57,1964.0,F,SP
0eb7f8d58e98a07b9cdb9dd9ee5fa16f42fcfa563b5931bba280d7e8cc7d7204,1943.0,M,RJ
1f2a8b09c39de1ad4a651fd28382f63b1bc4b99060ed51b9e3f81a4c8a4b35cf,1982.0,M,PB
9ead1378dd73887f4941941c2d54a4552e60e1bb19e5db7884b4a87bf42c751f,1983.0,F,SP
dab3b7d1c0350c07940a6693baa5df79d0cddd7cc68d629e3481c90a72a27a31,1970.0,F,SP
bab55598e6493e91968e87041d0cf87200e116340c1414701d0185f189e0b5cc,1998.0,F,ES
9067cc89f1e1af732a5e9c196795d76776a5ab9909177c5a90ee66ad231b5fb7,1995.0,F,CE
296c8d697d6f87f2441e0532cb65009141dab291c544e775fb87692efabd953e,1960.0,M,MA
a50ab16ba3d68068f63343e1aeae56302d4f221024647ead46b91eab5916bb96,1991.0,M,RJ
be5afe518aafc3bff2ea0947c16473a31142dce5d9a55b1011551d16c2d4332c,1975.0,F,SP
080e45722abf6b1de83a276dfb5a1faf4d0273de54089a584d60670813af370f,1989.0,F,MG
fd53f3dce9bf1a5d12176e4b5aa40d33273b12084e9104fe5089f05637671d31,1993.0,F,PR
eaf0aa10f709473fd6ed94587bbae421015a72f4c1bfeea679d145fe6215752c,1979.0,M,ES
bcce3880bee6ab7d3d478b88840509c443dd3196c21c09b2545a8eb83a093bec,1980.0,F,SP
cb198f2588ba127607b58ed29ccaeeb3649c2693d67ddab48e6b2db53eb6d095,1981.0,F,RS
315ecda73ca972901cab89f750617f4c18322a5f35bc506dfc19eb77548cac5b,1978.0,F,SP
4949a4cfb8aa0000a8ef1904d5eb6d8d2f309353e40f30ab15356bef6b35fb39,1995.0,M,BA
58a8cd2f10884934a8726dfde7f7a30024328c343006acee01ee69c643a1d674,1997.0,F,RJ
c370e2c85f89b0c76982077176970cb93ccda384b2405408e74d41ae5501f5d2,1979.0,F,BA
cdc259aa074989e0fd0d8eeefc0cee1bd2e2a140781058dff860a06982a61515,1973.0,M,SP
c525f238f1ccf6d72095d523216b35a8b1bcb64f5341b3a3d46d3b9c70d22f28,1989.0,F,MT
acf087ac6f703fac5340fe92783d406aa6bbcf228ae8b879b01cd1d5668900b7,1990.0,M,MA
39755ba58f6d5770f4549a7e8a900fc44ecea671695cd36c5f61d2428dfec1e6,1996.0,F,SP
36fe9594755560e0c43b992bad53288aa8262a735fa57c51f06efbcd77c70d19,1985.0,M,SP
e4043d1111ec378ad08f7b4603b5bc07d29ba9b9c0ee6f4803c448cf92a11043,,NOT INFORMED,NOT INFORMED
9b43997a3bc1432701ae1ab38e31a5c2c7a92c0491da46c2b46df5ec7998119d,1985.0,M,SC
f3dc90792491ee5f93045e57aadc088788b454620e157662391c281de5c49929,1982.0,F,MG
12a40a2de3c3f65b068829ae29a75e631d47e5226a53333f4db1f94148403552,1992.0,F,SP
be54a036840e0c66bb06a6530d2b68ee2fde525f1ad23f2d39a7c7cf54a6a30f,1989.0,F,RJ
92d312223118d4b6989d2d0f116386d29937b5a8032209db6685461ee072a399,1974.0,F,TO
5cfaaa36d9a930ab933088fe6cdd70ba1135b8a8a556392e420bca2ab5a77ecc,1966.0,M,SP
939a67a02c8fbf5e1d7cceddefaa56bb78910af9e78ec0cf02cea6bc5cbdf849,1999.0,F,BA
3b2d6fc8a693299a336d6e0335f5ff234515be7e03c7ea9208adf345e22d6b14,1968.0,F,RJ
8ad5668ed5ff19a31edb13a9567920ad2c215e56788c56ddab42f139b49fbf64,1991.0,F,RJ
f8ea610091cdec2685dd1500df1c49957093ff70b88ad93605e8c11d77854dfc,1996.0,F,SP
1a52efe761a1835d36201bad60af6b11ebc48ad37864e9c39afa1e4ef1bef68a,1968.0,M,DF
908de7408cc0e24944b4b2afa9ea7f23eb85deb053ed9a11950216538cd19471,1984.0,F,GO
a3c1bda72973544619f32bd14c4112ce3011315444fb66c76cc11a80d8a6de8e,1962.0,M,SP
f23a12e80510bec2dbcc2871257fe508c7365958bae50917bc04733e3e325e79,1986.0,F,RJ
ee1de84775747f3357e5857444356fac29e303aba49f7e3bca136f4922bded8d,1993.0,M,SP
5f63ef2daf605410c8bb4f29dfc359e4464c528036a13a2c2c45e7851aed911e,1994.0,F,PE
fe47085e7b84bf77c8d47f17c407930bc2a207ee01896a9a307bd2cc44d55c18,1962.0,F,RS
189b11dd8fb4a22c76ca7c31e2dc52703f537e0193ac055657f5578022061db1,1996.0,F,RJ
b257c7d0731e46986248383ead2a4ecf54156b6129aca66b7a99d3febbbd1b38,1988.0,F,MS
7e50d0aaa41a8c7eab64143d64f61f2e23ddfe5dbd5c747d665e40e17773ef13,,NOT INFORMED,NOT INFORMED
a3e1d3c6e53f1ec1b5d60a13e6f44f901f275aef7666966b6890ab82018ba8e5,1965.0,F,SP
2772262caa37d11ca8a19d6dd483d96a648ea02ec0a723368d748071d96da257,1996.0,F,TO
6e7012a770fd0d54f0324ada965ffe869525d63670f5ab43a82b5aa786d9e8e6,1988.0,F,SP
993202430bd45cae198ec76e53f596743572b9472ed75d8d695b0241730ad082,1982.0,M,SP
3c61836eeac911cbc81d62dc4bce178b21b69825de2c26d1eba2bca34793295b,1959.0,M,MG
bf69ebbaf3b696b73c8b6814a95d61a3e38471f51b6fcb57d7ac054b13dc5113,,NOT INFORMED,NOT INFORMED
7cb74550e932ff11095fc215a70faad06bcf2dca242520f8f572e24fc9995e2a,1994.0,F,SP
59e2d2e0c0ee54cc561633ebdf3b962920776a79f5e9494e93023617ef1cf799,1985.0,F,SP
d7992bb3fa0e14d481b78439bb2b4d2bbae4a405c99ae193933913a4c8e43ee5,,M,BA
cc38b748a39f59d7006b385ba5809c55aac7fe7b59bbb2a3a766f120c44fd990,1968.0,F,ES
2c02ea27db720abfdc11366dde09559956451ee200091ad60aabad9070b7ea3d,1990.0,F,MG
05e656c29a96d8af14e687fe50afac4e500d1bfd03523ba4f945d3c597f9f597,1981.0,M,SP
8531001e36849db26e20878ee76ff7c6f040eb6395c5fadf0e8a5abcb3f4b455,1960.0,F,DF
dc448a31b3cf1ef5bae3233538b1c3213c7aa41fbf43db8c98f48baa98765017,1984.0,F,SP
6c1aef384000471d9763b1081e2ec9e6c7461894f9988c5ca5d12f4401627ee5,1974.0,F,SP
91025c639f8d3118cc3352b7d4f3844e7783d791d8d54d2b3ab41d14b62efbf5,1977.0,F,SP
042b348b98a4f40f7edd1b2b4453cd26c7fa685d1d932193c039cad768500683,1973.0,F,RS
b0d402aa04d7b974ac7d6246e694e79821c4155ec6f8f80fc525c842f4cbf990,1987.0,F,SP
c83d546f3cd758f25325d843ed674f8016ff856ce991511cef3187ba2eb76911,1978.0,F,MG
908aeb3b171bc6b35c2753de0ea64d5a7d290c26ce5090c8eaf512325d6b72a3,1998.0,M,ES
dbe335190db715d8ec30b928502bef321ccdd364c0a6247592f7b9912cde6668,1970.0,M,SP
015dae7fbace07d99a3367675b777ea3bf4467c76bd7721b51fdddf7818f0e43,1995.0,F,SP
ae3279da69139b21c6688f58c05abd6e8974949a8ad3f644073f59ff61731e76,1982.0,F,PE
db4a34e895748fb1ad7bde9b347018bba420cc43b6577ca0a6c5be536f923e5c,1979.0,F,MG
26aae67655881833d2bc330e8800f5bc9a31476437528a78256ca894a43c83f8,1977.0,M,PR
47bbe449fba8ad6b2755a1dd5322720bc64a7bef516d6764855eed6195e048b9,1976.0,F,SP
31996984ece728e7d4b1eefebd74725a2d97e04cfa12508f970ee5f2784c1707,1981.0,M,SP
b4fe3f035433b231470321af57faf731891d31d278beb60f41992be9d43db099,1984.0,M,MG
623853df78f7ba196b8b5944b5f71d3e073d50c762bd1e69247d4f4e985e48d3,1975.0,F,SP
97bcf098307068a6d9f0ffff3967aac3be6f66098e3db841527059eeef5db00b,1972.0,M,SP
35bd75c04ab30b025e6694fcc0996e178f217b31cf140c113142c84cdfa80778,1981.0,M,SP
f8625f4908ce5fa18b6bc2560a63cda6d787ba14f8c7bba9c4075db07efe6e70,1993.0,M,RJ
ccb90f6405068902f63db9463d25ef7521a4cfd73ae252dc020912e2263504c8,1986.0,M,SP
5e5d7c4bcc2e9b8b9baee31a14bccc0d565346fcee3ae39278aa17bb010945c9,1967.0,F,MG
4934f17d4185605c2d5ebd0324caf8ab81c639b0d1d293c7eab602d8d117c093,1980.0,F,SP
cc0fd30a0b277003a7add6602959e16a6c944b24905957bbbf4b0942a4f94bdf,,F,RJ
87b8bd4b48715d52a2c84e93e8c18f2d7cd15cd7103ec7e8ce21ad532d041511,1996.0,F,SP
b755e9d50c771346e9ba123ab24dcadabced366766f88be26412636a57829eed,1983.0,F,SP
22eb288d6e76d41f22813342cb548ff4d37f70d359880266a8f23d0dbfdcf24a,1996.0,F,RS
af451f22811845c8390fdfd02c494fd79e0ad7aebb77074e856829ca443f7727,1978.0,M,SP
0139aa5ecb9e1f18f538a3a87e51aabc201b5f0a7faed87b4d01ba564417dd5f,1988.0,F,MG
70e03e1f8bfd7371a1f07d590b52124b4058c3bd3ad8e52916104fa9bf1679c6,1969.0,F,BA
163b359b47cf041fa293e0b80b2bc8a1cdec3e8dfad81105750010045bd8f259,1986.0,F,RJ
edf2f74632c8854bd2f515c0b6fdbe4ef1a3f6e569b4e66f5b0e826f30a00da5,1967.0,F,RS
e1bd5bc1bc6675b98565ffbe0493f86dc34c8329dfb16179bbe8356bc0738473,1990.0,F,SP
bf1589e5efb5041cee0f94af4a83faac839bd186ddafd3463c1a8853059200d5,1985.0,M,SP
d2dfdc5968272f1eac38aab867b13cd0447df13ac4131a8024784d694189226a,1982.0,M,SP
8a6ec358ccbc1f4b4526d5788febfd64c3086c80b43b5495462148702358f185,1994.0,M,RS
4a36f80eb421ff09fc0d4d445d406a9657d57e3f72fbe289ae5c5732669c2900,1990.0,M,TO
4820d58caa2a6a8260f45c33046aed270965b86477633c416f94ff817e0eda45,1988.0,F,RJ
9f0d11626f020537e71eb7f5f1733e508b249837d8f46e34bac5192d7b38dfa7,1984.0,F,RJ
2c12ae111ff6f53c85d5ca746bd43b25666b22a5da3984f589bc8f7bc5436326,1981.0,F,SP
88f58632c1b644bc7811a74cfa7b7b512e448bd44033913dbea594d3a780ae29,1999.0,F,RN
3c00f1ee9edd1aa3c4c684aa8b4a582305dc435d4ebfbcd077afb45c9d7a344d,1955.0,F,SP
46a5be3f637a2b94f8b6411f42c551aa63d975c09f82000475a13a6557d73b27,1984.0,M,SP
aeadf931f045f7fa24e627a757845d7a892bfd387c71443f97e857a096599f3f,1991.0,F,RS
c3b041dedeacf81c8146542cadb030a5f76ac3da39d1058047fa281ef1bb7f42,1972.0,F,SP
9f56bbdbd5e52c86e3548fe1f4fe01f211d0cdd3717a535d691a01945f6a5f03,1984.0,M,AL
86d8dc23f3afe1cacf01eb0758a2d54830b7c65c6795d6978480eb992648188f,1955.0,M,SP
dd58b2250496667083a2b4bdeb3566e568d4bcdad7eba5182f75d193e9ec45b0,1985.0,F,SP
03d536e47aa1c532fee1fff69101c71df3fbdbf90d4a57060dfbd0d463f82085,1973.0,F,TO
dd922106abddf69a8596c890faf4379667a0e877f04fc9e46c2f9df2470a81ac,2000.0,M,DF
53a22b0421c1252268e5b8bdbd50b71a408449cfa23619e2f4892f4c7724b241,1983.0,F,RN
a24ae9bdfb572fa5a35dc1fafcbe7bd193af919a508844e85035a14ca66eef87,1966.0,F,RJ
2f18f13aae7f49d6cdb1b7522bce5c312144ff89e38e9758d287a4b7d2e66dd2,1995.0,F,BA
1d6de22686e3a5caa395e8d584558fcafca3cde67fd3544c859bcb08b19a6d83,1975.0,F,SP
26f873824f7db1d922ccf90124c7bbbc525b040c915e4e14e8d258c9c094679b,1997.0,M,RJ
d6e521e18407b0adff8ae818793626eaa4d623f1232565945ecc15458ae4823b,,NOT INFORMED,NOT INFORMED
28a3cb93eaebd82a26ee551b43f013c5ecc09f3ca4ad63ea556f5c0f1ebdefd1,,NOT INFORMED,NOT INFORMED
93f145800a4bb8ba7db832e9761155fa3ad44679a430af0ed639a0f3dc6a9968,1969.0,M,RS
da971fbc5b44eb378377b594c8cc0ff8f4d649c879018545a04bc495695124f6,1976.0,M,SP
508b5008409f54636365ce30d8ff2ca72e7d5dc7dc28eb8e5e2fa95bee1cb11c,,F,RJ
fda680a438cbe6fd2ce52ba4b123486c9e6b09257e51f9947207c0449ed76863,,M,SP
18cba360feba679dbb29651d953ead20cc7c2ad3cf14a52d6adeeff044fd7696,1974.0,F,AL
3e5a9134b4cc6eea580b3bcecc83a56368f94fc1c608c41bb48cb9fbe3a96e64,1983.0,F,SP
95bd11c7ba5b3333134023aeb039ae8932e8b7358d14ecd29498622495c9339b,1951.0,M,SC
cd76290ff171ea3a80bd9bc1ff27543f7cd4a28aee588d8e97d9805d15531de0,,F,PR
415327e6a0715432a69bc46abeaf81c9efb0720d4ffc14395d15b63970426d7a,1999.0,F,RS
8190bcb9181a9e1e126b3496ed6e21cfa1c8190ec03580fdded49bd35d6d2838,1996.0,F,SP
65b0059d8c16b15e979dc85324705ef1e7222f859879fb7f9d0722ca4dbde9e1,,F,RJ
0f2d193cb8d88014a2bd313efe4c903653608c53926cee29738655bd7eb3cd79,1987.0,F,ES
45d6ef648697e5f1f8fe250cb4d3f4e142a071fc78124d9c37d12455dc4af329,1988.0,F,SP
65db9f7f41c1eb5739675ae0621fee0ce3e966119259269df01703b755ab5453,1991.0,F,SP
39e7abf912aad64fedb71ec7098fda80e1df52972818d4a0cd5f6f240a68b2f8,1980.0,F,PE
d713caafdd305e60a726c1aae75336dc5d6846f3d990b537477f66a23125b345,,F,SC
09e54b456380a96fd80a09d250d7df5777a8ada8012ba4271085e54a5607e478,1989.0,M,PA
7769e2bf081b3dfd15cb6a0ad572c2e0c7a7352f0b6241d61e5417c806765e9c,1994.0,F,SP
8c5506c90e7246562c34e1219a504871043e49ab46e9224df45c717b931556eb,1963.0,M,MG
cfdbab3560688ec477ee0fa43c7b0d4611ea4e70e29a2c4f9701a4f1c6cab574,1979.0,F,SP
4fb3f0571d73566c640489e25e332f6305c387dc0c97db26beeadd5a2f2c6f6f,1999.0,F,RJ
d6abc006a1d32aa80abac0948d90ddaa6d594cdc58e1e3c8f3ca79c33ec06eaa,1988.0,F,SP
3bb18c4a156eeee32fe6990734d5ef341ee03b9e1b79c7939146959f31f628cd,1982.0,M,SP
48b292b425fd8e91367a0bf47c45a08728dfe402b883b0613d6fe52cbcff1348,1972.0,F,RJ
eff96ab1c2aa39540f14feaf78fd9952435882f0e1b638448b3d6a20d50dedcf,1979.0,F,RS
bdb04975ed50973f4cb8feab8dd1ec582fe13c1df446c7aff5c14055daa92e39,1985.0,M,RJ
8451b441e51ee9efa88963d635c7cf8108226c6d73f6bbfe5e10ff3275247959,1991.0,F,SP
1a955a6279111c57f61c01af41b7e6c36c0494a1eafbbb5fb4ede1a885a3cebb,1978.0,M,SP
749dc979476621f5428b743d5c677c46d8ac0d0289ce629b7ef30f8f4d3d9609,1988.0,M,RJ
fc9a5448f515537b05a75914c0b221010e2289750690453767f7918c67440ddb,1976.0,F,SP
9b636125b1fa0160a41faafa6207639fea5d2661f61f4158ff953b5711866039,1941.0,M,DF
3f07bb36b15dc7cbf08021a619a0ccc8fb37b5bbcc09e49224de0f55990e8964,1993.0,F,MG
fcf32defae539c9ed9793c97d8d3c3361c70040d89e9ce8a6592470bff21daa7,1976.0,F,PR
42df37520e429d8fd3af4d265f124600d0efb0f206c972cba77c09937029f5e0,2010.0,F,MG
5a4f0dacbb175c8f2d99d4c4efd2928ba5b85fb56339fdbbbd0c477d4f00d495,1991.0,F,SP
109fa255bf55ec66bd2464d2517dd25eccaeb1ee8e426af8a47538b789f2c139,1982.0,F,BA
39433f3dd8dce259b4a8b4b0fc03817da84e65812d62c5f306190aba2c26dbac,1970.0,F,SP
84365291fc38dfd3d5f53c0b152fac75ae4eb1459fe0508848f4112225389cd3,1986.0,M,SP
4f631717fad7dbb192273c7340f53a16941f60f5ae4e75ddb2234d85a1976ab6,1980.0,F,SP
57c0a1127d0a1a345f267ef1219ac8431c304e31a6d342922e4f36e472e13b90,1988.0,F,BA
723d0c4af5618f1ca71f94e42492082e84c9c75a541165bfa2cdf9c6c433d303,1970.0,M,PR
7e5ec2363f596105a09346f6a352532cda0faae47e9804b9f459426d53428d92,1977.0,F,PR
284acc075b0ed952ea73ffbc59a8034dcf5d5fe80932d600d0b4af2f42963168,1952.0,F,SP
3392f541d4ffac535ec0b2299c3b248ec115d2db6bd5d19df51094fae3099056,1975.0,F,MA
69927e3c76b57b3660314c0b25785841ee8157f902ac29be75495a50337de974,1969.0,F,DF
76749b723168b71f01ec59134ad9875ebd7ff5f6467bb720e26cc7c1e83057d4,1991.0,F,MG
14c8d183ae97a476c31a4c8c01c64ab39618b5596ad37cdb0cb261da3ae16840,1992.0,M,GO
19d3c1d79231043f0ce106cdbf3d0706a6b52f986fada0a02efe81690736a316,1984.0,F,RJ
5b34e40cc2e4540db9c2e26477f0faa5dd2295be207a92c56e9559661164fcf5,1991.0,F,DF
908d52070dfa58918d19ecfc7de2226c96be606209e277f871b75714dadd7e1f,1999.0,M,SP
da447e54ea635f4ad9b53f1eacdec6c08504a6cd2730c0dd80062d0cff31efc3,1975.0,M,RJ
e38a65c421674df87574f025f0ceced72d7a53cb6d8b43222b0b2f9c306cbf8a,1995.0,M,RJ
c702fa56c0579d0996c8a2e49ed828a764baaeb980287d6d79ab798ce0277666,1976.0,F,ES
f703dccbe73f0644ffb0320aff8b545f84ae53fb7e65b519551cc875114e913a,1995.0,F,RJ
0969dfc470e9e3b4271b7fd91cdca7c8fb9a406d2792863011887482c5baee42,,F,SP
5d73c022229ddc43b2461677ea566c0298e266651c3d758cec1d8c02e544d145,1984.0,F,MG
bf075276779212be930eef498751638e7106e519999b9d7d976095a99f1000d7,1965.0,F,RS
6b495a013dca2c0c4b882961edb3f08fcdae9a9154e321a51d9311ef4e17a5dc,1985.0,F,SP
3071a39fba47b421671ff48b0c1972bd709609f376494bf30da4b3c65c812763,1982.0,F,SP
2568d7c209b48bcdcdfc88b97a3d5f7022034a176ba8e97d0001a5bdd920c215,1967.0,F,SP
591f7eb609bba4d5484b7e4c52e30b8e5cd46a4aa2e59d597d30aa5b9927a132,1985.0,F,BA
ea0423679ac94ed558215460078f703d22683ae8b7e5649713f7d600887602b8,1960.0,F,RJ
9dc346ad119d1fa0b69d4cc6d229e1dcb4bc929067f3f117953e41cba89a5a07,1985.0,F,RJ
7d6eb23eb7b0ea33844ae0c587d8689439a9f81842b33b787506fe1948837107,1983.0,F,BA
4033bd609a58005734343c189f104419b2f7119f033045fc5d427d39b1f3d48d,1971.0,F,SP
dabba44eb725666158911e12101eae836c5708444746bf65d1e12bb0db24ec64,1994.0,M,MG
194f3e4d49820a3312c678fb4a194b64c37182f093cca600be719bf0745e0565,1990.0,F,MG
e295ba953ec53f432a900a4e8aafc8f168658cb2f95187f500f20928eea6b30a,,F,SP
de73cad0fdda44c109449b8aa8edbe1f8e9cf6a5308b076a56f034afd8ab8316,1971.0,M,SP
8f382fda8d5db040bd65e58a25ffe3a87ea3a36504b5679401eac893425b11da,1977.0,F,SP
7413ff43cf6f47245bdef59be64923ad456d78d9fedd389b0ef31b3673dc6b73,1965.0,F,SP
f61fe4a1bee083c52c9235e2d7b5fc1ce9cb0b8b331f9f2c8fa1938c8cfd87c3,1961.0,M,RS
302e1a3740d1aa5d5c3a4c6ff492095774d716e2a781860d046ac88ede1fc2a7,1992.0,M,DF
78118fa4616c055d6b4505e0e055fc0e402e5650c253ec6e5ee16bf062d7707e,1993.0,F,SP
0a7978fa174a84a9c0fc30aa73cbe5207945ea3e20f2a1850ac3431b10ce18d3,1985.0,M,DF
7576566dee73f8621a25a0a91c81f1a5e8d853b226778a4a0cf892551a5d7f1b,1977.0,F,SP
e5339a59162349a142733874cd55b130a3969689d5e3f00ead7cbc3f86e9f3e3,1964.0,F,CE
c29bbe47ca4bbda1006121723db61a015efd3c50322617426044b37c07259608,1985.0,M,SP
3cddfa0f40d548025882cf559c1b6a01e04dbca29848306ab11eea62cb915c04,1961.0,F,TO
915f2e686690f0b5db0f31d2d12276eb24ccd7e61cc66d9d309894d8daade06c,1973.0,M,MG
4608f32f1c4aacda6bda6a382a14b346762856348efe29c3e5d539a9afd9bade,1980.0,F,MG
02cb76e5c33edfc817c303e50f9079b572e726fd16d52addef90911b7080a1a1,1983.0,M,DF
9efaaa3e37290077e8509b991c511fe649d6cd0189e0825881ac266cb655ea64,1974.0,F,SP
d8a6dad1732bc45ae481b34b2d92a8526c5fea331e730b5a58dca8e8f72f2dc4,1963.0,F,RS
3b853272e7cb8ee2708393a902b58449f3d4595a12b033fdb316b1b5b049dd95,1988.0,F,SP
2c49ee7ab6d7ee3fcc2e4e185cb9bc236b220d887885567d2cb785489de0f930,1983.0,F,SP
16a5befc4533bfe9742887fdcd5328edb9efc65b4d60633dd1adb9458cb7fccc,1987.0,F,SP
0e29dff5d9b8ae734a1e2b1f275744f9f1b6c16e562293e8e96849d89b8875ec,1997.0,F,PR
44cc6e49147b5af394b455c317f4c7ef12802f58b9b140cc27ac5af5a40a4d5f,1971.0,F,SP
832b831e30be04371f2ed919f802668d9053461783d4b4b898abe82f6a207672,1983.0,M,SP
4da8d7d056270661009f8db763366d270214a203da28ca1d5e97f4448af880ee,1984.0,F,SP
08202c905b08fe409f098ca2ef693b8c98c5015b2018aac8d2970cf24be24eba,1995.0,F,SP
dc9a56aad52ef2d8313db0d393a5f804f06ef9c7c36d6ccde24ca78d4201f95f,1967.0,M,RJ
e21f6e9adc7cdf68e62f9f552848f5626d29cc58b6885b6f039200cb1bbdf6d3,2000.0,M,ES
2efd36baa7504ad56d77e8fba6f3e5e60f41995070ea633a0ae7d7522a6d5a0c,1974.0,M,RJ
92c5d5e19e6453f07d6b336167cdc78032d39781c1c0314bbb840162cd38cbe9,1963.0,F,SP
57d0a25f8d213c8283371ff308044fe5b8c7f13ac9e75e57c8f358bc2983ae86,1978.0,F,SP
1407b0285f81d434c6c8921f68b1e70cb8d4578e3e36122342c332d3c372ca49,1982.0,F,CE
5abcedd5fd1e8b3cbdbb13036a572b04c2e1acc2afb448c0797a15e307b8480f,1988.0,F,SP
21da2c5cfa2093d64800921338e903641fb342b4cc2a895a5dd18a16edbff7c6,1993.0,M,RJ
605eef60c12ae0046e29a8bc159ae097ba568d0fc7e5d4408e29025865b0884d,1981.0,M,RS
5b544804d78412e574ac3cd6401e2149595d4457c021ed919b525d23ff442842,1964.0,M,PR
39620b7f5aa2bf823cf8babcb417a88e20c10b71a3a6e09ee22a735596162fc7,1968.0,F,SP
95b1eb5eb7ba3000bc10f1b1ba13ef0dc42da25e1aa6f9d814d6a67626271f0b,1986.0,M,MG
66dff1a9fb9c0a0b021cab23d39eb6527593ac00ef5c9a8fd008c1ccd6fad074,1969.0,M,RJ
cb34aefe87a04744c4b9782c51f04623fc1ab5925ecde3b692ea32b4c6d42c68,1999.0,F,SP
5310f456f4f6b9fa7d91763fc79f0c6e50057f5f41d59dfcdb697e0ade0509b5,1995.0,F,MG
45fbe6420640253712eb2057f98cc0523557fa95f85178214277de84f5977355,1996.0,F,RJ
7fb9194431117c3d796e41b7a545930d419d6bae632d1a83b2603301c7fc1734,1979.0,F,SP
f474ac879a69a13b001c382b32d83f9c28cbd26d1ccfb32c50d1eff47c84c716,1994.0,F,MG
9ec8e8d84ade10cdbbab9ffb9c4da63a622c7af86dc7f6b4ac3198b755b94ffd,,F,SP
cac4eb05c202e4f3bcf1f9cd0eca8ea8463021b2ddf9fa49062969a6e93e6bda,1968.0,M,SP
2ad0bcf725685f897b4c275c57ddaa339fa4d21c55c1c201233e30cef48d2413,1991.0,M,SC
e915c08c25e454cd25f3f9f7966608967dbcb556466068a50ef0d53b1e0fa841,1973.0,M,RJ
10284618d8945bde1a923557cbacf1b5e04317b08964bd69f8c613327ab07e5f,1990.0,F,MG
2dfafdee8a4661ddce12647c713c5ce9d2c05578520550a0217bee0c2a473d29,1981.0,M,SP
5fa09ad346e644dcb03b44d576c3fb957e9906f2f0039a3cef0041bad8b4deb1,1975.0,F,SP
2e609e27640a9e3ea9529e930bc0fd93c46ea561fbbaaa77210ffa64bb62ad3e,1975.0,F,RJ
8cc6c6681c30b941bd85861779b5ccdc622839a7613ee849811f011c38269c88,1996.0,F,SP
13252901c8aa9a99cecbd841e6f51b5405da298b2f2c8e339c219de08de011ad,1967.0,F,PR
f011fc5824da2e4674a66ee31b19d5744f688d73fef48470d40736030356838f,1967.0,F,SP
cd7b5bf69e32687feb5c763b1cf7208bf91bec715c7066e1bb44dd4135043cd4,1991.0,M,BA
ba280c428294e6ee5553a1a2e893d1d3a9ab638ab3cf3952e9a260adbb24dfc7,1996.0,M,RJ
7ac2d32adcbea3a774a3a808acd90b08abc0c330fba35b7a825a0b255087294d,1970.0,F,SP
b9d27be6b87cc06c02d80d6a38702c7dc81e307516b7809cb0bf276dd1503f10,1990.0,M,MG
ada5d54172fc1933220ab468b0434ff6d19a1af5fbea3337f0e3c676c80c4435,1988.0,F,SP
fc2ab492454345004d9fab9d959b18c93ad56649cae5e993e659cd0e5355bc34,1992.0,F,GO
65999d5995276ceabd4be6c6a5500ba576043cfb8a8c60c251a5e6c138c299fe,1994.0,F,RS
639379ff344bcedef70196340bfa56bc69226731a6ca9a8b32c08aeba6b221ed,1990.0,F,MS
7cd7df9c603c8930337229812f874f1133e8f7933f908371f49bda0cf61347d0,1971.0,M,SP
c131a65f7911af17306499ce8f146284732482ccc5114f0cbeb426b07fd3ca84,1974.0,F,SP
bd1160389a86a2bfd20f5da624a022917d54017b719ff96ebf8ac26d0608c804,1990.0,F,DF
58a35b26d54a342d35354ada58fe7ec59f6935dad0ed3363d25f05db90c421ad,1975.0,F,SP
eb0409338f8c074ca3e3ccb59936951d8e42a2815eaef3f228d97b5ffc300bcc,1968.0,M,MG
7f06d7ba41e046c9666cd9d05752504a2edced50d13f2fc386ecfc59e6f89c2b,1956.0,M,RJ
1447e61353f745fc9e0c4fde1551cc5e4bf33194c2ce771bbfd3542c7fc59602,1975.0,F,RN
5b0e2ba86e1ff43d7aa0ac9d978b61962ec02ddc6673aaa6ce37387ceded6267,1988.0,F,SP
a0c063501f2f9bacb7dc8c4cd2aab843722cc720ae169fbb17e1fa0609ccbdeb,1997.0,F,PR
b3115aeccb66b6aa240ecbe780df4bdfbc10ff912f7806305216f96075756aa6,1985.0,F,RJ
2f033724e4c0e8193d36fd13f35c8b12067b2080f97cb1a0192516ffee171f1d,1956.0,M,SP
e2832fd6a5acbf3c971e71d928f6f68218626daea0e76a430b82773e1dcb7843,1973.0,M,SP
133e3ebeeef2effc1e91eb489b1b6625a5a34aaeaeb0db6d34ae68d1c11c527a,1979.0,F,MG
7b98157b93d6a856d218518691b781bfe06484a9cdedf0c01d6a53526df8c7ef,1973.0,F,PR
b43e00d2d9d387fdce067c9a34006631f8ab9b4857f5b1d5fe7c4d1eec35f547,1976.0,F,RS
a66235bf61840b98c86889cf6abc88dce72defbeb1324a30fcbdfa23567faf44,1980.0,M,MG
76ef8ae0f0756522418304b7f0e41831ea578ba6496fa238a50aa4559018888b,1972.0,F,ES
dd9ad03df549eabd5834b9b626f8f13f8455a8bacbdc1ca05adc772b44d76588,1996.0,F,PR
3f35fedcb398071bee4c38b18f0e54719b99e264020c34e1c6504e3c2055f747,1969.0,M,DF
2fda9992bedb7b97c5644773ee3648c0554e7ed3a3a10b16ab2ae2547283ca84,1985.0,F,SE
0355717ce12100fd96bb76b77567b32848f0853f950fed0aeee336e9074874ae,1994.0,F,MG
b60e6a5abe42e9b79b10a24f37604e04280beea3ada745154a49bbd7ac33a4bd,1992.0,F,SP
ce6e2f6595f7c357bbfda46752986f1b594f17d6bce7b4e938749233faf236cf,1986.0,F,DF
64aa2dd5278ee5acfe1f167e5377e6484c7fd6283592dd9840d72bc2d3275629,1960.0,M,RJ
1513e5f2d813ee7bb386fc53d08d15803530cdba731bd2d0ae650fba730575e3,1994.0,F,SP
a359267c1b92bbf5f477ca3ac633c10442c29d78bb9bb5122de87fca2f2d4ee6,1976.0,M,RJ
c52e7f607f384ef114bebbfcad456063727047b15f03e5c35de343f0077e6c5e,1967.0,F,SP
24140be6c8b6a979a3c2e9f284576d41012013d64447931b219c37c6a8aa94c5,1977.0,M,SP
103681fd42aa133e117e0973b4ae4057168afece5d391b6e156b6fc500661c44,1968.0,M,SP
cf315df59d24ea39fb1b57d28b43e64d32da84cb21dfa99002f5928b74e49983,,M,RS
079c82065b8917562447c3beead89f6c6221700af47744444fac2d720a8991f6,1997.0,F,SP
2de8e6d0491c43702bd44959fe5b68e931b302daedc2e93c6c707f4e285d358e,1971.0,F,DF
cc15f37a8367505d094157b6d47b6f00e319214f8fd800be8d0271ef9b3cb487,1975.0,M,MG
a6efb6e4a615b59fcac71837c7d6475cc373067ce20aacfeca6d30cb74babec2,1993.0,F,MG
f089c5dd8a18a5229801b585b921b29af03df4e9529f9f5f7b2021adf0a06fa3,1986.0,M,SC
547fde1c54e48c79ce052839d297c68cbf35baac10f5d2a927e65dc891a35bd9,1973.0,M,SP
ab6c21b1559050f76d7d073a22b45180aebeea7693cc887125953faac0c32245,1984.0,F,SP
8325e7a89a7fd909afce9f429893f74f2f68a561e0e7b7ca63ab07222826402b,1987.0,F,SP
562332780a34cb3458cd1ac3301e10c21e58c847c6d564f2e84ffe35d4b55c3a,1959.0,M,RJ
1f4b18d852a149720d2beb71fa493b6a7eea3a873e296d4416bffdab4782dba7,1972.0,M,SP
c5d8ea68ccba089cb88c96ea3ea2c2faadc5d2a58fcec709bdacdfad0838a94b,1973.0,M,SC
4b43b6c98bb3b28aaa62d1cfa8fca124862e39550aa0d69f82b86f53b1472e59,1994.0,F,SP
6daa411568d807ec121686fcfe2b273d40bcdc0acf2e9e9e38a4b900ba60efaa,,M,PR
6fda66e1c03e15f60616a944325b59b936f8391a0ffa17a42917d37355b5ad17,1967.0,M,SP
834ff9946c67dbfb39fa10ba4684860e32d6a9407b6c147876de6819d3786986,1996.0,F,MS
14aae508fde91bf7c89daa347bf81d829195643785fa64f8f633452d041b29bc,1967.0,F,SP
01f23288c1dc64147bedaa883223a7134e4167394d1605412d32dd671fe8bf53,1989.0,F,SP
5902aca34617ec5f9e42fd751316d71956ab28517b6ec15c49344a199545a62f,1988.0,F,SP
94ae8a57cd8dd8356993af55ef290f505f9a950645ae21ce0c05e6214ed928c6,1990.0,M,BA
b723a20f6d17c0d449566688723be12696f6c4365bd753e2b16ab437b1265417,1972.0,M,SP
b342085d753b2531e043bc1d1fa31328b048db83cae8548d7b64677ae8189b6e,1974.0,F,SP
bf6a4730b3f3aca48532914a0f918fc42a5b87fc0de7662a984ef8166c101ec7,1968.0,F,SP
0b469eca26ef2bbf73eab773f5ed440931b89c821d1325b16cd72e64fe130280,1980.0,M,SP
c03cd46dfc597339943629ff221494399598e16e2e327622111e5b482c653f26,1990.0,F,MG
7dd19c27604029517d1fc8d73370c98dc803488f0fb8393cdb3b9fa88f7703d0,1981.0,F,SP
7e82b2c5ce5052f5a1fe1a1fc026fc52eb1b97d7f3efe5f470a4772ea2e0fd78,1991.0,F,SP
cf1dde35ec409d8b34bba77066c82eb1076da0b7e81e9a8c10067bbbf4adee29,1987.0,F,GO
2dc20b09223419520a86825e876e79aded97a5cd223e3b1e1ffe1cac28732eb8,1994.0,F,SP
cc0a64c502515edc1dccc4a5f4d6c5363bfce94e2d9322fa68140c89cfabf02c,1992.0,M,RJ
8b26d51e5154667f3821330ce80c21d5c15e75681ce79a52bb1a382551a24442,1967.0,F,SP
43d26ff02d7e68481667ff430f9d9df83302598a1c45f3f66f9d4e0b44bef6cd,1982.0,M,RS
ec4265d206aa140a56b564f980ba90034ecf7f292fc7214cc5a6136d86a2556b,1958.0,F,RS
413e3af485f01e20da55188bd336d0dae3b36e91be1c148226ab49c2b1b451a7,1989.0,F,SP
39702b06a7be51dbc4977bd5ba158af784dc5ddd4dcfcca94858005b3b8c51d5,1993.0,M,MT
0583b92ae03edb884bbf567793e527461c0ddd6a6de1f57c9a4b2607b514d3dc,1996.0,F,SP
9ad1b8e22f6f301e8e0071c861e7dcd10e7071b3a6f2f825bbe1b1fd30d4ebd3,1986.0,F,TO
5c78d2634a3b3782c8803e68b5deb9210a3b1e7d9ac8d6c4945e878f09660c08,1945.0,M,SP
47bc758747d161e82e03e6c584f26bc37ed6a43aec9994a5d2a6c97ff175b0cb,1984.0,F,SP
8253899d77eff4395e6aa0a22fca12e4418f9260aa880b1dedc4db57388cb22d,1989.0,M,SP
f75402b2d7e4262ca3b0563da4443440bdbc07079fed530057c1dfcaa664781b,1961.0,F,RJ
fb6a01fbc7fda35715e0099568f523a0b151ceedf9e5b99777915cb27c758924,1967.0,F,SP
b0de0d50a04c73cf94854099bc755f7930c3162b92156a34ad1429200643157a,,F,MG
b41294826193ce22e3abc5bdac7fe9e1c6eb47e5bfebc777426c6af66a2dea6a,1986.0,F,RJ
3a8af29790205e008fbd52f198386e492fdd18f2bfeb153068420485c5bf35ca,1981.0,M,SP
f58f824f1d66a0f06813b30347e822e9cde5ddb0ba078e1bb93783c898dd8b65,1964.0,F,SP
815a7e6e0265df76b5ed273010dc4ee8349d794a499e4a6e9d1ae23fa92a40a5,1996.0,M,RJ
93b59e70d2b4eb3ebeb3ce81201efa4f7d538b13670b19efd690cff7087e4953,1987.0,F,SP
51c5bdc3634a0982d382c993997b47eb6fcff6dc006f8cea68fd29c5689bb118,,F,SP
608abf2b692c801b7865975dd99954b21520b02eb5d83a63057cfd609855d341,1990.0,F,SP
f4af8647aa9294f99f017e082bfe63f6790f7704ab4118b836e1cacd89b39615,1988.0,M,MG
75c65dd0a7f855f8864303bd78006b586fca00fa9e41a2fbd4212d690d7b7ef5,1976.0,F,SP
6c44fd72af6e0bf88b01502ba74f487ab9701c7d5e07c9b91588ce2a007a8ec7,1974.0,M,PA
ff5bcec2776b23db393d9a8d36bcfb9858e0ee73134eb6f5e4cfec3a29726311,1997.0,M,AL
d52fb901a01d5a94e7d8ff8675de0e97bf7d2dcad6d121df2e1ab9439543b48c,1971.0,M,DF
3a75955ba6c47c7398ddf649ebc3e8c14b1d52f9770b1f36936d0b702290a4e4,1982.0,F,SP
d564762622505a9e23617d235bd15fd856a789a0d6d9a7ce50fa881ad2e52aae,1979.0,M,SP
88f9276de6fb450d4347c544aa7ae396a5faa423337f0bd67f6f539eea89d46f,1998.0,F,RJ
ac696b28376ee097d96808faf9b4486a18ad3099e01b86a83ee3ce1280d7abd6,1985.0,F,MG
a04d2d1b3c157637dc55a76db9b56d000d61bb49de466a8c0c4279276d11ab97,1993.0,F,MG
8a789cbc099e684c9ec446dab43b70eddb540fabb0f64926189076a07c79e57c,,F,ES
443f995ba35766bc56a8645a1ae8470b0866b3e76fcd545b71c2ad7bd0fa11d7,1993.0,F,SP
5a0b120dac2a5f8c5fbd99ce331f20a69ad002a1b0fd838bc2224a52814869fd,1968.0,F,MG
a3c972d5cf2bc07484e1603510698d754a2104ecb342dfdc5b752bc6870146cf,1984.0,M,SP
8a4f7fcee493350ed43cec1e6f073d31ac74213c9ed8facc8e7bce45d472e98a,1973.0,F,MA
c18634ca444a4927e86c7234f005dda0152c4eae2f6bbe5eb830dfb80d87e1db,1966.0,M,MG
8767ebf9024e2dd3cf3a89e2de6b80b027f0b11e44aea95add25ee341e05a507,1991.0,F,SC
3e7a4e695c9cee53d9ae711f91624cd232fd59aca34b16e23b412685bae48354,1999.0,M,SP
621ce6134013cb7b109057e5a977d77aac58d4918b9129266ec71eccc82805b5,1980.0,F,SP
0060e5d408dfe5aeb850da751cdecc1282ef9c640956e1425528fc526b0e05de,1960.0,F,RS
a2a8f65ab18060055d19a4114ab149d3e42cf1df38e4b90eec567d5669c492d2,1985.0,F,SP
4df143451376ab2bc07f9d5ec218b0fc084dc6b49f20c79d80ef671c7a3cab31,1980.0,F,MG
575e2e383fab1b01efeceee628ba727b38af60cbc9fff696795e16b19e958140,1987.0,F,MG
56704e7d14b047fd273fff4ceec38653b58179e73589626824ebffa10bc3fbd0,1984.0,F,BA
baa19e81d25201f02e0810039a4031413a9028b7972489ae2a6e8e6f70a8a645,1997.0,F,PE
d2e7d07990e742bc3b5ba05b015c4ec81a3b4916e77efb7d7815725bb09c28d6,1969.0,M,SP
05e3d2fa559bcac4b15884dcc081ff608b77212d414db8af04ab2ae2fa23edee,1991.0,F,SP
69ba40b5979ac77b4e00d1a8653f622b0b8fad990a85cba64d9f6516de98050c,1959.0,M,SP
55538ac511bdf6d8ffa13788bd42b7560cf2f646c502f00abf0c071564b96fb8,1975.0,F,SP
64ea20d1e79092d92e9d010c973b53c5eee9198a49ab763a1209928d1440519a,1991.0,F,SC
01798e4a627d50217248039a13c530e71b07cd94669a2fafd7d993e920344794,1985.0,F,RJ
be39877f457b610e625e67d46f86aaa67659fb3929551759aa4775b075bf577c,1964.0,M,MG
c7cf779a621a857653f569d4c1a4f0b324acecc2a349ee0da162ed2bbb8f2a46,1995.0,F,SP
037974fb1b86c1aa7b49dc515d94ef1acdd76b7d1e3b9cb3bc4fcf6f8ff0bac0,1982.0,F,PR
dac09360d17d14d431c757fd7207c061a6f951dc12d8d9364cd7cfd1487dfa85,1992.0,F,RJ
605da12300c4a92d1fb12c578718b9f09e76d331605dd37020f5c3590915d6e6,1957.0,M,ES
bd9a1711d5015f7aa5071ab9e9e0303f9aef361a3f5ace5323e59dcf9fffed4e,1991.0,F,PA
34beb366644963fd6b317fccd2d01c72486df1e51a8c348df78d387a7916d803,1953.0,F,SP
a817d4ea5236fdcd9686f438e272360ab20490754aef2fb7afaf6e38a3e04c81,1986.0,F,SC
1446ee897a0396c4854bb42a9078f3ef33a2802b2ebf06e3e0f41903edddf51b,1967.0,M,SP
262899cdb0191f41eeb70176d4f3fd35a83c8a19654865fe1a61d593723a628d,1962.0,M,SP
a1648d0e52b48e35f5e3395733f9e21a4994b8c9f2c6ecf95512ef1d633a8954,1982.0,F,MG
e99260dd069e1fbdf1f003483603c7b5285fd2ab8378df72beb4cd2bf655665f,1991.0,F,SP
0940004325faa11b53151c0a55c0a0bfa9e6ea1f5f78a11014efcafc63787db2,1961.0,M,SP
847ccecdde27d80eb4aaaf0d62b423e8aa53a1aa48216ef45d6f4e61faefee51,1977.0,F,RJ
52ae590a0631eb6b4a5e5ede3f3e3459db8ec4ccc10f7628c531007e02a0e461,1990.0,M,RS
4f8a8eeb8492c0b1bb66d7dfabc21c5f032f44c21cccb7685e6f2b5360f93618,1992.0,F,RJ
b370cbed36565b6ff38f7d425d8f1547b7be12e31197fac0ea84e30a49bd3dcc,1986.0,M,ES
93cbba06f335c2612228cf2d661eef73f55f38c5a45d05fb547dabd2243ee7e9,1972.0,F,RS
4045ec4068dbac5a83d7456bfde2239b8b4d5d715a794e077a9008a7e0e3e30e,1958.0,M,SP
8475eecf631035605aae84c4787a827108144ee7a73af324bb9001903fbd00f2,1977.0,F,SP
88df334f1a771e3da5ca20db26abf16ad47d09ade4218535bcf9014bfb58c160,1961.0,F,SP
7610e53068ffbad618da00d3aac249c7b7726e839a76cf976b84bd66e8029a2d,1967.0,M,PR
9f40baa753a68aab530336b3f08d5e13827280c94d49a7316af99cc65b2080d9,1974.0,F,SP
555a98e01c3168fdf1d9161e7c41c74536768789650ca378107a75c45aab6d2b,1969.0,M,DF
413a6d6e79544a0350ee7b344700af12619193f6c20ddf1e450b940a6d820b21,1989.0,F,SP
983670a0925c13f41000468608663b734799b7f25cfb2ba8acdadb21fe153010,1979.0,F,SP
cde4ef0eab96c2b76c4a3ec7dbe359088f47643ee480ebede76bf7c4ef162410,1957.0,F,SP
38df1a86c76a2956fda40743f8c9b18c8bbaa614349c505437a2a08279b5c655,1990.0,F,SP
6fa5a09bebb8fe1296db409c3e6f817c2df6b946cb523e725cdd0420a56ff22b,1961.0,M,SP
bb7f32a0997f47322ee2e0200a59a29e2d35199be23992c26ffd612c7783ff7a,1982.0,F,SE
ecd3aeb97eb3f610dc501729c5dc57fe4623081945c8bb1238ed631a46f444be,1992.0,F,RS
5a76f413bd5ffdf7f46ae6d613986ce3fd54435ae9b0c16f7d38e2254e934d9c,1987.0,F,RJ
42847118ccefb64e0abbe8b874ac4c9409db5bf6fce0a1fd8a668e9f3ac6c98c,1991.0,M,SC
2b9caa466e64ba6d698867ae9f3a8ce1d129c49aa125753f05167b29cd093395,1984.0,F,MG
25eb23afb3a8c3dd96c1f79c20af55d7c35ee1a3585157b4803e39a4d109c42f,1997.0,F,MG
bc425daf8aa760be14e15196cb01108a0be72db5cc2e14ec24a64ccfa7b42ee9,1982.0,M,RJ
aefbe274c1048c2c45118d22b65a721919cd5d34a28409eb80473f3f1bff9620,1975.0,F,SP
826984f6aeddcadf60676e0c603b8d300ab262c1bdf79ff7a354bd8f2fb088aa,1980.0,F,SP
3188c043f9dd61439957cc4be364951bfde1fac0b9a032f9d4f73641e39fe04f,1972.0,F,CE
47833cfee5420c203c13f3ce0bdcfa9f83bb47f8f3232df20dfa28b37dbd0ebd,1981.0,M,SP
66e8179d0d7a0a0596368e3e32ef2c34fed6a9a5ea8e25e7444748d56d615630,1981.0,M,RJ
edf3c50f5aef826e9f950202d71adfcfc24e2974ba826130b42eb4f1d73577ce,1995.0,F,DF
5e6d8625ef7001ae09205a57c62604593dae6e64939e002a30b89e4f8ab26c59,1989.0,M,SP
da931ddd97b5ad477ac648e8b3d32210442fc2a7ef9cba6ae71fbc250a125630,1985.0,F,SP
4a398b61d9c2fd3d48d5f1e2458e7f4739ffb774ef4866f5b0fb078fef186e25,1994.0,F,SC
1328cdc805356e2017822d00fcf418c145e22c0a8b014486cdb82c23aafd08ce,1991.0,M,SP
26194cc47221d238d23783a88735e3f9c01788929183a12e9dbf70af89d07f39,1967.0,M,SP
ccd51f45f4db18910b2e2daae02ef2e554be6fcc97d7cd1e8fe295cc41a0c68a,1970.0,F,PR
5bb43eb06e6a2143398ad9630c80516f2e679bfe6ab2107a0c200a0d2f58f3e4,1986.0,M,SP
ca0c08e5d5fc40917c140141b93c2f3f2af1094336d953d704d0b604ddac3f05,1990.0,F,GO
cd5f2fc5982f59232a1a7652858c83007679619a8973e5028e38dbc94d6406b9,1965.0,F,SP
6afb5244c4756c2d503ab61427f7a140d7af436c0c4c8c9e2ad2cd8b11fd8804,1994.0,F,SP
50e69f9eb11bb60e152236890678fb25e3433bbb817f7cdd72bfd17d48ef830e,1968.0,F,SP
170dd61a712f45acb58c0bee76bad41dde01eb2e419cbe60f918bebbf84b7152,1971.0,M,RJ
679c46b087dcc32e83f4085d6c36c832fd08e3f123d4aab7f435814039b64d79,1982.0,M,SP
e826b2159e37eb3e70a7d154b0d10c905c2175b8017b6d1a6dcafeb749548e19,1950.0,M,SP
8cc8287e85c85389ffd077dc97c847c044c5e0f5ca5d369181e4d035b75c263c,1983.0,F,SP
d089cb4787538797ab5b2f982af03d7662443b00733cc35e62c113e6db7b8f8a,1990.0,M,SP
916be714aaf541b593e041f2eda291424ff3f91a792a65091b5ca37e32f6eb6e,1981.0,F,SC
900df9c6c6af61b5d2f18be8b414599826a5fe905a1320e77bff8742b86593c9,1995.0,M,SP
4b00855803170077f2df16e4c8b89ebc5a35c83d07de470137602585c7f8eeb6,1983.0,F,SP
0fffdfd6d117b76d4d5431a8f1b89f62e22046e3754e184fbf015f6e01b5f0c7,1964.0,M,SP
e70597f6980f3ae63ac9af634b5d076dd0f2e1b57e5c0128cf5b781cfaadf83d,1983.0,F,ES
e21ac7dba804b0ff4b2a2aa0ea2e587a62b752f20ce48990e2c4559c7b58798f,1995.0,F,SP
617008bb11af8d6c3784b7e24d17b55957cb5988947fe913cfda5339ee58874d,1980.0,F,BA
b841c213ed994e73cd4eed25e7bb455cdf7a231efa59abc9ed0e37810b3da63a,1974.0,F,SP
7921af8668b5c9dd7a727e44b5dcb82eec3e031acdf901a890aec437aaa8f5ae,1992.0,M,SP
82a32bf14f0d681dd205e500e75c8a3a246c05b19cf90eea1d6b90dab6a6e28c,1982.0,M,MG
bd085520724ecf64c1771e0129dbef032d4479ebaa1b8ffab4414bc93d102368,1994.0,F,SP
0f0f42222e15c68908e171b069d39ad29a87ed48e6e32237386dbeb7129e8c6b,1985.0,F,RJ
39f7c0689759fd97c405ed2f859495f84e3e05562a73027422220e64f29d88a4,1992.0,F,SP
280c4db5a8b2acc3de9ead05234868917df389ee99dc19a2d7e70f7db5dd5f3b,1958.0,M,PR
bf133da71621b8b2b01b7fef838b9b3a649523ccf2d41e00ecf3ae8a04caa54b,1988.0,F,SP
53f1b1191c218c6d665541d3e8e052a5cd2bcd8382df4f58ebfd4452a5fd5008,1979.0,F,SP
1477a67bdb69264b9cfcd1c668d122665d2b5664cc4916714693474e40658ddd,1977.0,F,RJ
3a03de54ac99403f17f9b5b2dd9e5c5039cb9d0746351a3ae8d8b1f734f0c6a6,1960.0,F,SP
f69ee6d4aeb67a8c2ca7141a245ee62ddadb004f14fb0a3a7aee30434a08907f,1967.0,M,SP
c4e4ef68d1d5b384936a04c95e3f7d04d81199a0760b1934d214d5da1b6feac7,1989.0,M,RJ
1e16ba90c58dc94e9c544bdd7f93b9fbd802e9fab6cdf33c32ede89a3805d681,1968.0,F,SP
6561229a824d88e402929aea6f3eba408db76650be035652055db31d8c003998,1970.0,F,DF
04b21ceb90c9a9d00331928a05132676d0d7ac16837229d253c995dd2cc2b3c4,1969.0,F,MG
7dd78562849ccf90cbbc9d4991b98dc54333d8efc5c434382304408f368ffc9f,1968.0,F,MG
cef4d03a8cd280c0fb4cbe57f85ef8d8cd6e7532ccf97860973a7b5be84e2235,1978.0,M,RJ
22a149aeaec31b2f24e163ca4efb422b2124dc5473e317e8ceec1d82e5ab950e,1982.0,M,MG
20b6e77d6be72b3f414562829467ea1486202e29bcd2e2afb8c93cd0748c34d5,1979.0,F,PE
222c63eac8f70095c47ed5fd7b184c31bb0c24fbeeca58e3d72efc92b5a219e4,1962.0,F,SP
14aa0d913ab61ddc41e5fce37ac1d51ce432f2f450c95816bf920b240282a9ee,1982.0,F,RS
be21ccee43ca643f727bc52859a0a4fdcb9754313feafafa405b341127e3cb68,1985.0,F,SP
642846b8b0724674dfaeae4e6e5c867a4fbd6d4d5e172b503cabf464c053d4a6,1976.0,F,DF
359ea2cf59cebb8204a09d4ab03d11aa95e54600fac7c8c2e95b54f571491b69,1994.0,M,MG
00712ba11506a71e1508abe8663493a58e46122eccc2a886131d684bc2321744,1977.0,M,RJ
1eaf963982f4d3b1a65b67ac1e39da1e7efcb1915a51162e6bef515acc46dd6f,,M,RJ
8902ac9d11d8f3eb7a7e9a9cec10937fa75cf27f5ed56fccbd8eaefd8d7c59ae,1979.0,F,SP
3b00d768f1967c4474edadc58e2fdde90e0be7b1429a63e35c50faa5d380360a,1988.0,F,SP
cb6b8a1fa33f143e35cf5a845bc4f97e9431868815a1a9a178a3e7435800356f,1968.0,M,RJ
451a1ee947a40ddf04ec3f9ed09ca3869f46821c5d66438ccc34cdec6a19d57a,1980.0,F,SP
44d9d422e27b72ac20e584cbd4c3055f0b7957fc6ff07e402ef84692a440341c,1982.0,M,MG
c9001befe59a2e7004ae67714148bd2b642dcadfca5f3401e8808e36a57b2617,,NOT INFORMED,NOT INFORMED
9701fb0471cb511e551bab069591d9b58b9145740827f57e8aba5eb66fb9fa78,1977.0,F,SP
8a2a5cbafa54c2b31e7652755855b289f99813679fb76c8d31162f681d5b5b15,1988.0,F,SP
16be41bf6550f41b43edbc065c022c44c447dee188218bace2be0f546b614885,1995.0,F,SP
bd47f3a4f51523de54adbc8ead2f439cd7f6d03ecb2578897e390ca18917ffd4,1963.0,M,SP
377cfead6b713efcfdcf693269762ac8f850d7b88c23904d3483103b471665e1,1978.0,M,MG
a6abd1081b55d82d22067d9ef3d65fc617e4c663338a520294848ca0f419380f,1991.0,M,RO
68dfc94b9c3af44c4fc80e531014531adfa7c1c5f908e30d6eb3ba7910613c5d,1974.0,M,RS
bba1cbe23ee18fb200c46968b931e93c5667d7fb9781d945487ad7a699268e50,2000.0,F,MG
0e6f75829dfde588e55fb9bd309ca6a2bfda05a9231d6ca47b3e38d7b85b612c,,F,RS
b18df8bbcfa7c8d39dc73c3adf9684060cedae3b5948c83a3fd8ad44aa05b218,1979.0,M,PR
5591c23e4c4441dbfb5d61cb8c7740b284b0485808efb2dedee61116546486ac,1983.0,M,SP
1bb27926eb488d0c159ede3c88145542b9b87804040cee51be57a8b1e6c32349,1981.0,M,PB
3812184e0b1f13cd99e9e572a66b053fd1f84f4de8fc6a1ce4be8864f7d2b75d,1978.0,F,RO
5c5343545ca0179fa2dbfc55a54f5b092574adf9e140213a95c59e32919480a3,1984.0,M,MG
4e437d9c0422ba514e97f62ce92c1132f6aa0ee44fabe6888ddaa28632108d63,1992.0,M,RN
23fae1a9d68ea6086322aa9243e79a019b6d0530af489d50dd1385ec66583c3f,1971.0,F,SP
e9c2fa3dd652bcf86266bc416118611ae00658ca4ad2cd721b9d7a7bcb6d0cd9,1993.0,F,RS
ca7fd1162b7f5a73328730972ca7bc347827b0c46478308da4dc5984bff0f3d8,1984.0,NOT INFORMED,MS
7ea372f9fadb3dc53a10c3c2319fb2c2c896b58a5eae81013f38ffa24f2e4f4e,1976.0,F,RJ
a359ca99381672d0e4bfc4b53044b2880cda95364cb2212daeb0df2dbb7066dc,1998.0,F,SP
256758183b2626c47a4c7e00b7a7bc37d785e820c25e1c521bb743f69841dc4c,1981.0,F,SP
4e7b8064822e26c87050485501ba70a6d3cccb5e1698a5484d656ce439960449,1998.0,F,SP
f49792902fec939ba58e26b963fa8401c02626c516c1afbb939821d1b1de2d41,1991.0,M,SP
a00cab0683ef471f8a7c4252d0d1b0804839511887769eb93818b30d7288fe01,,F,BA
dba2ad28b5d73270b98131abf47abf46034b19892c5610886d22a040aa510ea5,1987.0,M,RJ
f37e63a37743bc97da52e28f260dea4a6ea78ec809477e820072becd2c507ade,1997.0,F,MG
7fe4e15bcbeab41360f3103ea17bd2e39d797dae68804f6a43dec217062de6c8,1985.0,F,SP
aec871210481211b8446b2bea5ca84c262902121f8947f9fd7e5de97f185610d,1953.0,F,SP
ced96aa000f1fa634e2b112a3050ef1e7b8b45b200ecc80b12aea6d690cb868c,1991.0,F,SP
9013b862f324e3ed3e9b0af9a278a723feaf7f0451a1456a4c9f88f367770aec,,NOT INFORMED,NOT INFORMED
0bb90df6db3f7cee3be28515bb18a2b9e07348749d56a8c2820fe1d6b4edffe2,1957.0,F,SP
7d7b3ea33dea18b7e60785f5f8ad894ce36e11351793ce3e153c8dbc0dce6d03,1983.0,M,RJ
784a4df97ecc506afe0eaaa4d6b8f61b2c1d3a715f5248c7910cb922dea03403,1980.0,F,SP
755fff3ad581036c2a525647402ce20dc98b7f9fd1693707488d19ddba4ed4d6,,F,SP
f162099ef7478f178d095716a6fe7e8368d718e43c3f2c6574f21b3144077ad5,1996.0,F,SP
14d5186ccc626798997038d072d065190db7ebdb308a8994919ddafa4b24b787,,NOT INFORMED,NOT INFORMED
2d39a03ef9fb39a6ec4bfbd363e459b7bf9f44a1bbf80cafc8ad0923d786bee5,,F,BA
4537c12fa9c36922fa18cd39ce96549b1df7c175978569345514089c0472ccd0,1988.0,F,BA
1ecf02a9d95a4152713e275b894f0692993063bb8cf92d358c13d0f34aee3df9,1952.0,M,MG
956795284fbada046424d3300032074fc443f3ad09a0aa86dd596b66853b5be0,1999.0,F,SP
8ab9fd5ed5d2f0f81c14b5c101d1800bbc6f837ce161032c6e94e8fca80ae597,1994.0,F,MG
79719ce14a6bc9c917e43f2428c7d668ef05dafada4fb99764ba93ae5382afad,1996.0,F,SP
7dc4a86d6633172258b2877a97aeaf32ebea3382df291a15c1e7f6f088439742,1989.0,F,SP
e8b351eefbef9146be7fbeb82c248cb52a2dd08052aeb7613b26a11ddefe9203,1981.0,F,SP
f050fda334f1f9f18346644d3ffa208bb72a266a0031a523f6b3de97d2342ff3,1995.0,M,RS
124e475e7992c239b8507c461f77f37cdc14c706418817e235d79a49e64a152c,1997.0,F,SP
6625f374253308eb7ef9c584cf20d1c940df3bd0ce9fceb0ad55a40a119c8d1e,1965.0,F,ES
b2de98fce3b737a274f0e1335fa24da24716e5a4f08da1d4ce1716826833d059,1994.0,M,MG
2a008f909dd7542067fb97bd49fe2cd2a6140cbf99b8a0258ad0c1d275c73d30,1983.0,M,RS
4eae136b21e86721609b05cd075661cc05c040f87484211fe912e4da97c68550,1990.0,F,SP
627bf217c5ba02d334d1b8dcc4e01bfa434463a79d271c82cd1d3c6e9e78799c,1947.0,F,RJ
7689b20c530f4438290524b028e5b396027e7ffbd5a854d0663e723135c66978,1973.0,M,SP
a6b16af01058c6102940d7a6bd06c0d2df9bdbf1f8c179dba04b9ec5fd7e3324,1984.0,F,MG
cce99f781df0c88ac2719442d320a2d04d633ef95f4743af773e6d9c4c5e9e0d,1984.0,M,RJ
982383f06ca38d2569aaad198beedc3850d5d7deae50f200ce61b238ed6f22ab,1991.0,F,SP
b8671eb0e1639ad16ea13cf53fbd60798fdcfd7b8cea07f37c627c754ca13d12,1981.0,F,GO
aca0a7bdd8228b49076d19b4a0e6908b603bfd97a1cb49c77db36f0cc7d50c83,1985.0,F,SP
cd2b69cca94467cc71edae2c083362d372981c4e1d0f60713c53797d723da402,1972.0,F,SP
f3a3a121f38742356015475d155b7189bb15b937124e091dc43ef9007729aa65,1997.0,M,RJ
198e5f45a3651e9f190bd59f442180d56a8c63affef1d1bea25e75a08f8b92fe,1977.0,F,RJ
931b515f398b903e5c7f2c44c1c9d4ae838a05b8ee5bddc06169e6c29ab143a5,1983.0,F,SP
d5dc9dc7b96cb32706952614dfa749a2812d82f3a6c6bc6aef7393b7400fb370,1982.0,M,PR
ee682b6b318ea6b258276b952b606ec9a650abdc47b70c7e97a2d9e27112a2f5,1997.0,F,SP
0ba60656b2621b16ff4bf1bc421b5e2e238fe34483733ba39f3917ead34699a7,1986.0,F,MG
d08cdd21ac173cd2c46668f90f3024ad65f61dc19be4acc4d6182678975196be,1978.0,M,MG
5464cd5191f27debdd482f2ea3d0789fac9293fe964c3406a9588ffc847b96f6,1958.0,F,MG
24995cce4412ec64dddc24cbbd0c1885aa8b354e9105d185916bb80f6ea94fda,1985.0,F,CE
0bb79c845d9f7f49baabd276b4c81df2166e2f8605f4d825d25bf5fecf4ad659,1998.0,M,MT
1e5a393c8193e38243ba20a580032df2804fe2cb55aafc02b8983cdde346ad48,1977.0,F,SP
0bd32e794e15d901188596bc39de00790b035cb68b0d58469c3f0f4f263b3038,1991.0,F,SP
106a01ef7cd6357020f59d9c3f89f5314d5a5a950ab9049a447f7b9f072b536d,1997.0,F,BA
661baf0b33305c5ba6dd57077d77c4568d22bec19709a97791dccdc31a2458f4,1988.0,M,SP
1dbad1f0b09f51fad63872d41bd6f8fbec02d8c28e703c4a20a67b09337b0d09,1980.0,F,RJ
8cc4e705f6059e2d6f013933c9c9c0fcc85f0b05a60bb1e76f80ce37f8ac0e84,,M,RJ
dc3558e5638ef6d3d819da7de8a1e53acfc073f33e452e13263023c6277ff4be,1933.0,F,ES
67fa0d49534929941c9fef0c2a6e8bf26b2ad13d0ac4265d30c2910b693fb2fb,1975.0,M,SP
8d998c740c8c5b06ca8410b924a6d62f2cc1804273af7427fb815eaf79ba5e36,1988.0,F,RJ
b289f4c7e78daab98235dd2496d6abb401dbccd26114d0b3b9fd6e1a3aaa4d08,1959.0,M,SP
4aa53c689c929b14ebbed734b913db9fa7e2a8630794985c7da83a047ea7cc34,1987.0,F,SP
3e8c1eb25968f36da43801c72bfeaa3165ea42e2230da7563f3cce27d206c7d2,1981.0,F,SP
4798c27b6b20691d3d7636dad2283a518a09eba7744c73550af3dcf446aa2355,1987.0,F,SP
b8d23d502c96dbdcc6e9bca62182ef54288f947a61daa03c5a75dc03f08e8933,1995.0,F,RJ
c9fc65f1ed67e78d8b1b963d0e9a998b0d258ba3a8f8abc3968bc5de31ba332e,1989.0,M,SP
e1ac887a9dad12d87e7a1f882b49e6b6ad5398905c09323d13518f9b412a7e80,1964.0,M,RS
2621b5ee72210bb978ea17258583a105b12cf6cf4fe4bfeb84ccaa7c5c2b7d70,1985.0,F,RJ
5da0f2a634b47a2ac41784e627a5941d699fdd630916850824bf1216afed9b49,1988.0,M,SP
3341f0f9e7e7403e58fce6e1beeffddce9484d0f195717d7e7d7f662655bb526,1955.0,F,SP
79e6ce6d6c68bade4eb36c339cd1edac454cacd71409b374b3245c144f9dd4e5,1991.0,F,RJ
b15beeffd78a09f1388f3fd4922b8ba0356f6ea419115129e2558662b87d7224,1962.0,F,BA
6a25ed17645abb043464a810d9fad0a534d5b4ea7702e06213591bd4fa935f06,1948.0,F,RJ
43579246e0bc48fc4a5dcece8a29ff48405c348364f910cf706237a8e9d16fc4,1988.0,M,SP
106e009615083ffa3f26036b04d5108080f7eb4f943c28a2641df55f18844e70,1980.0,M,SP
0e21c59b34138c43b41d74748b16ef842e9fccbdc99e1b9f2ade019b9dbb287d,1997.0,F,SP
769b5a872647ca03360374d70746ec346b3e940de109cbf0d4a9b7872de221bd,,F,PR
7a50338f53aaf292a848ff8f60da25b327b6e0d2b8168a15665a81982e5c300e,1991.0,M,SP
3bd188ec853ade6257aa7c65fbd7fb45b66b645d080eb0867a0d9899b6a98e2e,1969.0,M,BA
118317838fb769d5835cd865bd3f04a71525276e6876e50395fa8d73901a42c8,1968.0,M,RJ
645f1bcb83c655ecd1cc394f8513022c74144f44dfeecd8519ac2f76f37a674a,1986.0,M,MG
a00ee003bbd898bdd1d0ca87be59bedd6133d2b568718ac57ed2c9a2e627c37b,1976.0,F,SP
87e9f77ce6a0143bae3d7ebbcd43efa7491a5258f2d95a635e5c1f244c19a065,1978.0,F,DF
3a42f9f1e6bc2044c10f838de4b2d21c2fe8b5bc0659ab5da793b2513107aa70,1986.0,M,SC
39844d83f6777dbb06e6e27eabdca4a72b688a783abfb66dd0dda7c5725798db,1990.0,F,MG
1e0f85f1460d415c78459d9c8930b0af93f7d77f07c76b5770ff93bea01befc4,1950.0,M,RJ
dedd7c139aca071630edc6736d62fe21b49e3368765255c5c97abc3a329f9330,1981.0,F,GO
8ec99eda1dea88f382596ad87f6cbddcf358bc88ddb87c4996042d68f3c0ba81,1973.0,F,MG
53c1c6dbcd08dbcb4372c86b0416f249075ca2d230aa70871ec0f4f7c292e15e,1994.0,F,CE
fa0985285c257bf9e3ca525a422a85748ccc2cf83b83d5654ceb30550a4a5e97,1996.0,F,MG
8b2b7f5ec7d279a85123edf93f1451a001a5ce38e63fe1cee5f4a5de1ad3cac9,1988.0,M,ES
660926a3117b5e76d40b8418d074d9e6ea5018412760b982e2ce8927b625557c,1989.0,F,DF
ccbc15de67273d98c23ca3a202b3b36bb7fda444958fedfa9c80636d1ff53405,1993.0,F,MG
31431eedff7c3494abb80fefe6cc5cf1a2c444d5eefde91a39941e75fc15333d,1971.0,F,PR
6f4d12fb0fa145b710e22c54491afa18717f8cc5c203a02f928e4a94e5c6e28c,1991.0,F,SP
9f3716771c9bc8597c3b1974fdfd0d8d5fe4465d89bf23a10dcc71258680cde8,1980.0,F,SC
44ffaec0714c40bb2613fdb3395b573c735e1af6275d57baaad420c35e3e828a,1981.0,M,SP
7a9620907e8bea27ed556b734902f7c53078fff360a05c9886667972e040dc68,1976.0,M,GO
846e8ac89d4db50f4db32ed79efc16f8aba68f8d58c2e74a1b4a68f393b8c84c,1976.0,F,MG
78834112b4515a34f4327dc5bac7cc621d1f2179045f599fd1813927a8b8fd9b,1970.0,M,SP
2a353212bf2921b75248821c4921cf76672dddef2fa5280c2988c734f115f4e3,1963.0,M,SP
d3bd9c6a7b0ff3f5fee26b949e00a61423bfa4db09cadc8bc29801bf84b6c26a,1975.0,F,PI
584b774b25af41ff3d3f13246673e85a252628bc371a6dbe1edc59ee38f1870f,1998.0,M,SP
a182f18b8841ae747754ebe7d0229d1a85f921519001b109368d253e1d20e83e,1972.0,F,PE
64ff74e1d25d701c02a47f3986071b650f45fde2cf831eef71cdf101f341536a,1966.0,F,RJ
41f5c6553f7c67365d10b542a4a12c76b4c201c8f551c3589e3240a43e92e1af,1986.0,M,RS
2993e2e984cc9132b7f17d3880d1fb1be4783a2b29c2942790a4221723eba362,1994.0,F,SP
8dcc77ff0aa8d4204910d6e59d04b785282332eb5734b18e1b217410348d8977,1963.0,F,SP
b9c9db7d273cad427a76b2d23052d35e0d8f72e923f1af05e103bba7094ff1fe,1985.0,M,SP
db853594454e55dcfbcb90dd9bf4e60cbdcc06056f88cea3497214528ac84907,1994.0,M,SP
ac257717520e7435d664d587409269956d32bc185e723360edf07b6258f3d766,1981.0,M,MG
6132e51d9ebb94362fa6b46d48b4deed0b95cc0b57ead030a4d5348cb46a0b7c,1987.0,M,DF
465a282c7605a7a355499b19e555289dc15744f3d32f2b015a1cc01d5a38e107,1988.0,F,RJ
6b6789e97870cdc7cc08f1ca086cbdd895838efc249982c51366af3e3f1b9dee,1988.0,M,SP
5dd7dcd25901acc3babf4edcdf28c5619d74716175ab787d5fed49fc72360364,1971.0,F,SP
e0e8ef8ceeedef54f041dbc5ef310772894e5c20a5b1cd39334ae01c2e18ca71,1991.0,F,PA
a38535c79a0ceb39dd8fef78cc3df6218bad42d4ca5ba8279ef5e1cdcaefb2fc,1960.0,F,RJ
7940b1f4993aba5dd690ba0c492521475d7e537bc75d6db2a712c8c47cc44d7f,1973.0,M,SP
09aaf95e6c8583023e1d0c03635d92a59fb99f149de4b67bcafa84e4110a4ecf,1983.0,F,SP
28ea565dc5b6982926287185774f0c257fe8ce170c3246824e661ff400367519,1978.0,M,MG
7107a2e015f3ea80e6828c9203b597740fe25e06726ae3cc9417b9bded464cd5,1990.0,M,SP
a9940e8365ecb4b494ef9adf1f9294bc4a7b9251aebbe1ace1084d01b2d3ca6f,1985.0,F,SP
30089be683ef5a15640f25b2b32f64322764d66286a9612fa6e45d468fdc61b2,1982.0,F,ES
2e7b44269037779c6500f6e13066894d85b9258d03e5f45a9a588dcff52af5aa,1978.0,F,PR
ed2fda3afb46323699ff58ef920d0d7b633d282d20d30ac134ec4c900f0d99e1,1971.0,F,SP
fd33548027b81ef4fbebe77cf216bd8b8407f6124288df1113d4ac2ae32126ad,1967.0,F,SP
ccd38be3770432e98285cc1db9b2cfff4ef02c0fbdc7c9af5e41246ebcb11e33,1972.0,M,ES
e0fa4b2f85d5cfa0775823e0fa7f29e9d26db490f75c6ef807f0204e3991f6b3,1976.0,M,SP
755d355b7d07ec1c9c0dc9ab0e86991f862f336e51cdeaff69b2d83ae83e376c,1978.0,M,SP
1aef731b25f7b83367bb21eb5d72a4467fa21978a9923d25447ec1cb9738f878,1967.0,M,SP
89d9bdf535839df39f745db80433228fc1dffbdd65dae9ac15a4ad30b8d1dbac,1958.0,M,SP
7b502e738ef689cf09d73afb68c92c8a6b52c81a1403d73f970f7913a1ec020f,1988.0,F,SP
34deca198e30a586265e51cfbb0de12d69e212b64d0f49d941e70f44bba0db9e,1973.0,F,PR
ba49f6f28db8a47d55bd2ddca2d91fac02c650fb32eeab363dc0928dbfac394d,1992.0,F,MG
84cc9ad066b5d3abdc2d2fe360df7601f94af64d8e0c70f7d608a7d52323fe07,1989.0,F,GO
830e60bb30f83325ddd3684b68b29bd55d65cab7d62d04b882cf369ec6900dcb,1987.0,F,SP
60689e161f50b049a2f0954c7cf32a3d99c82337364ae8b4e737998ecf754c6b,1967.0,F,RJ
6bfa71b028a39b1c6f1b2fc65a9fffeff00c6aeeb316d6c8dc0d01547773775c,1993.0,M,MG
34c2c0dd4514d46775f3e32632d5955915be8578f2d9c1aaa3e9ec36667ebbad,1982.0,M,SP
a44c940fe770a3ae06be8ad1b739db4038dc0fc6d3d938477b1907fb911f3523,1997.0,F,SP
4ec441af61ef498bfbfa8dad9e3960169b695257f48e164c6a56ea28947a00f8,1976.0,F,RJ
ac9c34d09aa5f4d0dc7198a7f836cb85cfc683b7126a5510d245a4dadc10fe93,1983.0,F,SP
214014020ea370f39c84def3a4a19600c409564a138941b16a7aa34a8092748d,1984.0,F,SP
4330697239121af7676296a85bd7719abb5a27b07035c92c530808c914109d3a,1974.0,F,SC
d33f11cf42cea42c3167d8312d96b913f3792bb46a3856f8b10be2dcf50ac651,1971.0,M,PR
c0fa40b82e30f993c0d3463baf442edc1694df913b63c71691060ddbaad181b7,1981.0,F,SP
ade0e6f8fda5ca12877b115ec1616737aed897885b486ac5138291f857b12fb1,1966.0,F,SP
de6e1520d4c1ad10a62c08b2cb3f7bcb17308406fb1a34fa7c8481dd09280501,1983.0,F,SP
0edf5914836d87f790905044c3708c778f405a3d867213175175f7faac9632c1,1990.0,F,RJ
36d4da1584e2e6252709815634c7dc7157920bfc97e8d1c894376c014ede5edc,1993.0,F,SP
bba7df1e3aaf06643d0a48baccb8fd318585fa6e74d9ff74b3e81b2ec92c86fd,1972.0,M,RS
94ccfe62ff034fe506a11124db3e0cb9870be10f8ec62921d0959903ac67b384,1980.0,F,MG
7042d17dee97e8b77040417018c4b3f28754095660fad88a2ab20b183106d1fb,1993.0,M,SP
87a6b9b833eb36a1abc82379a869afb9d3407aa04694b293c675c61f8635d217,1978.0,M,GO
9b0261a82c97f12ae1b0555049663658da3ebd3f9d1d40f308cb39f0b2330910,1981.0,M,GO
b793334684a099437178745878013edbb60e46c38e8cc5c8220df93138520a33,1984.0,F,ES
69bafac60bcae6d48280c365777ba205d8528373d57269bb01a8c50956cfa8b3,1990.0,F,BA
7553493332587b0f95e630a13ebd56241b3b992f74e24f853980ef682d0600b4,1995.0,F,SP
dc956db4f6465cd3880231ce3f8093a0ca98b8c117659198ee2c549c895bc6dc,1986.0,F,PR
a9e0e8e010c235795ae07f667695125647b58a9fafae557eaa32a5f1b7e79d3b,1983.0,M,AL
5f633cd99042b11a55169302d78ee16f2fab6c9f342fde331c05d8ecbcf43b50,1968.0,F,MA
4c40a53078e6ab57deaa8a92540c620bcdc69bc4153c80db25d2e3d2f89cd555,1987.0,F,RJ
1fc8894b6cba9b6b20d1cb79c12ed8b60525afc2d7db9b3bdb4b95d665a3d877,1990.0,M,MG
ff8752db615490f55e31993ccab8043586d66d888dd67de676d1344d3c51ecb6,1996.0,F,SP
23308a8c4a76bf5cf920d802b051c58a657bb55f51379b0b7ad454b9065561a8,1995.0,F,PB
e27395924f15194b862e91eb873ee00ccc5f5d3b1a4cd0313220aa9d8d124682,1993.0,F,RJ
7c7ceeff63654ee09050128cc0d45d3fea8a22277f90d6ee34b98011c62f9b93,1984.0,M,PB
2a5575710de0d8e0114a4db503fe2499d021447a6dc6083e2610fdb1d555ce72,1990.0,F,RJ
ea63c2d99fce36e00afcddd651ee93f78bf4da8eef4b4b8ccdf4713a744644f2,1984.0,F,MG
3a6c291f0b792db58e6e4c5411202750abed3a54229648636ad023741f5fa075,1995.0,F,SC
e5c2e9b6663586b18fff98582c880faae74bde0c47b3f7b91dcc209d7d6eb817,1961.0,F,MG
503139c17f79c1501215db33d092030af8a3817352c1a7a8588406737af16681,1981.0,F,RJ
978981c7d008c8b5fe96b3bf4de209c27b09916a071a7df43d403306f2d4e267,1993.0,M,SP
81b8441d1800c1d5bec17493983f6c56e92eb1b182a0c4d4cc7200331c08c17b,1964.0,F,SP
590d831b14d3feee83b2c7e726c70be215eb7058863804bfc36253c4564c38a1,,M,SC
59613964e7e1ce7fedd1d1bf3348b9b1b3d702ed2aeb5d4fc79c22595bd9c964,1990.0,M,MG
309023c48a46aeb5c7490b0cbcb1307b760b1de01aff5d7f9b60fa6dad3ca9bc,1983.0,F,MG
f1c770386c12cc8ff4a6b7f992e15bf7a51e58d05daf4194106fe5f2ddc8ba4a,1978.0,F,SP
7abf8086f0b583121824e765a85f241bd8d7ef813d91f344f4375451a481fead,1995.0,F,MG
987325a66132921fd96cad04a993cf9e3a4b1f8e7a2a7e5db706d2652e2b1388,,F,RS
ea877be9dbe1a73388a1e100577e1f1f3a71a7d3ffa5876872c479cab4b53e49,1990.0,M,SP
f89a53b07bbae202791ce87374b5d9d9ce431062f3c41ebb16d60674c77f9b10,1996.0,F,SP
980719f6028d04d1acfef744d2581c1908c7b91db93938910904300471a8107d,1990.0,F,SP
1c7f512b3a15f39b28545b0741b6466220febb6c3c37c9e3032e06dae7d330bd,1995.0,M,RJ
45a541980f7ff8182beed3fe25e03f71d89e9b0b631156c543f9e846107999f2,1975.0,F,RJ
3c7bf346e2e3a7605564f98ccf9ca9bae244bc8beae8d04299ea8dbb52e64d3b,1985.0,F,SP
ff1db6b41bc23acf22bd6c57f08f2de322d13d1fa222d885957d94d7cfe81d14,1984.0,M,MS
73d163009d0bb9005e83dbb3fcd96c04f1519c1cd99063dba21815a46e4495df,1983.0,M,SP
fc3a464fc8d18ecb413ea658233de2364d97e520e6d33cc7ad4af171a09f264f,1958.0,M,RS
056809fb06962972290a29d593f8bd709cebc729dfd4ad8b7039a5728960ec33,1993.0,F,MG
c14fe3568ab7c143654d85569857fac1cafa24f2ae7e03b0b3d2874a77d90dac,1977.0,M,SP
3fafc1c10a537e8959fcb6339ac168fa8b318e9dfd9c6f587c89f5577e51acbe,1988.0,F,PR
e3ba3cee02b85880ebc3086e339b370d82c4c5bbf37bc3af0a7a9788dc5ad2de,1994.0,F,SC
4bedc90685875bc12be1db02c1cda17fc4e8485f9462a934782aa635446c3dc5,1989.0,F,MG
d1492418f34fda142b6cd1cb0a895a6edc25e597bcb45834fc293261124b8063,1984.0,M,SP
b853a16382beb21ae60fdca854639792c8d4fa1c19c0cd15499d8e382356b648,1965.0,F,ES
2f9ed767bf8c3b816bbadc18e6918027d31179688b5473585c1246be9a03f074,1972.0,F,SP
c3a2f2311ffe3d686d635212e82ffe5f8cff689447e42d0b9eb7359d89dff58b,1991.0,M,RN
ffa70bd13d67cb7e16e464e958401e25a7e8f59c2511fe50e9e1cf86643ad6d1,1989.0,M,PR
48ee578aa1183085504a976eccc72fc53aa901a3a58cd4c8147f5af04559f9c6,1967.0,F,SP
0a58f3a79e1a6c69264c9146e5d3a302f8e39cf1376074fa250d1a8f956ef9d6,1986.0,F,SP
6176424f44adbc4d7f1b848cf0f9b219aca5489ac4bbbed76c2320a089ed5195,1969.0,F,MG
5928886ef15b5b9c59e9192cad1de2aa645597002a59485e8ca29f29e98c5c50,1986.0,F,BA
92bfd49d4a26f7941127895b5b14951e726ace99442a37838cc1fcc771f4c8c1,1996.0,F,SP
38d8f3d5dc47bc132f1230d422d20c04c4a5e9feea3366f87431a0b727dcb391,1962.0,M,SP
426be34358682d3ca933b17799aa09543c1e7573a59ae7d9b054c9c1bc6aff15,1984.0,F,SP
5621873e1dc2b4e83c2f9cc7e581b53524628b969dc7643f45f05c9d0b92aa34,1975.0,F,SP
23d6b0b07074d1a8edc59c0f9cfe2bb7fa4110bf7689ebd49d75da6d2e05e201,1955.0,M,SP
724f751e66f67b7b616f5bfb01c4368dac89d550ed58cdec55081d7e1fd75b45,1962.0,F,SP
d805a2a88378256b1b854c0dcbf1d22d357a62be72e7be873be50ec4f0bc820a,1986.0,F,RJ
06af780d7ec100a531bcdd26db288c46b20b5826ca64c8e8fe5e393802fe3963,1986.0,F,BA
90debdcc0b90084971756b58083f8237ac9f30cdc190151c5dcda5fa843c11ec,1993.0,F,BA
9640ffbf68ab87f12c9303b21209af6b54e7ba80e612b2caff665c6b4fd3d4ab,1980.0,M,SP
c8666e0041b1ec1477c417fec8b06bb00f1f811da87bebebfae1cb2e6c2c4843,1969.0,F,MG
d0a64da8a93173b98ee05c6fac54f9d457dcb8af767689fa2999c9c21f4c15c6,1993.0,F,SP
2d3825f315376351507c22c16575c378634a413da5a72bf75ae4bb76bc1ac9f0,1971.0,F,RS
c84dcb28f4bb270e72bc42730cf3673812b4b474931dda4e61a092be465cf882,2000.0,F,SP
c3813898d1fd784789d8443d71b1b9d45dbd43f0f84605e400b0b085950b41b0,1985.0,F,RJ
ddd7b0ddaccfe4969350d4676746bd956673b0cbc580bfe9b75b3bedb1267cce,1972.0,M,SP
65a05b70d2b5be3fa13ec2f849c7ebb6b3ea7eff460a084141a3a62b8a59e088,1972.0,F,PR
7529f3dd3e6363aa807fafdb97452d11147031d81c47b860aa82eddd3353ac2f,1996.0,M,RJ
8dac022a75e7bb83b3c929fdb0e8754015aa6957c47bcea07c7a81f218cc5b98,1985.0,F,MA
f11bf322e69edd7292040a401fa6c80647c706d3cd69e6a64921fb208bc37ed7,1997.0,F,SP
92ed0af3316bf7036d6dcc5f76595bc4603ade66f35fc378c52dc50f925b695b,1988.0,M,SP
3daac04e82c7c0303551716195a771aa054427a599bc8441d37e0eea95199dd2,1952.0,M,PE
528fb7bfbbb4f00e29eb99e89ed40bb61f039a30d7baa068f0deee42620f58e9,1972.0,M,SC
115bab0b1eabdec50cab7b7e07d4f3c22e616933d6e25fa63dbc56958bec311d,1997.0,F,MG
cf772d8999c72ef441b0f4043d2616fa6e13fcaa2fcb6f9bf2a1c17eed4b3e01,1954.0,F,SP
69614ba6347808c6235bc22d634c409ebfb9c84a93ea9665c68fd0a05d6ae04f,1972.0,M,RJ
6a6f871452610ba8f9c70451eddf3e6fddbc8b818c0c4257102345c5be6322ad,1995.0,F,DF
296a412882542af23701886f23552fb7e5b69cc56a142e94ca36998587bd7666,1967.0,F,SC
4bcebe826e8fa6ec8bf167f7bac58df1b1ba0203a17eba53f0718cd8de08fe98,1978.0,M,SP
265134bd6e6266e589157e68b876c96d10d5fd49dbaf7e19a0550d2adc81869c,1996.0,F,GO
5c69ae671a2a07a52338002b8e35373587e234c6c89e098210470179a3765726,1996.0,F,RJ
640a5030f3c090720b86fbf2c8acbeac4c0e9fb679dc6970b89d2eea67f9eb99,1989.0,F,MG
0c7261835eaf837479a7757d136b2ea7f0a842a3e0cd014d6783ee2f99fd9729,1975.0,M,MG
df7ceafda71f4ffc96e0330a21787c19aed2acfb093c20be0702cf2d05f350d3,1974.0,F,BA
66d021dda9bf9d0bf117af447b814c208fe34d16f64714a2b31ab9c6319ee75f,1971.0,F,SP
99dc0d111c0a912f8065d783529cd132c316b8636adce7c2750f019d2323e0e7,1971.0,F,GO
41db46559496cc067020807b544afd374b4f6dad98aceb29530fcef43330f891,1988.0,F,PE
a57cd3f04d83a6993318ce5016c0a3726fa81c05222d9734e0c827bf8df7594f,1989.0,F,MG
45937507dab0188948ee5801002cf21f01cd5dc63b15f40dcd7b65f81b769985,1967.0,F,SP
b592153a305ca6e22a1e4cdc3517c5788082fa53cea87cc59f52388a1ce70ccc,1972.0,M,SP
746f17e01ffc73007f8d2a3b6c91fe2f1302f7ef26115aceb781e4fbeb9217e4,1957.0,M,SP
b958bbe9ff07079fce4b0ee214396c83e95fdacb336b6344036eb790cac0de5e,1949.0,M,RJ
30b4bf3fa1d3c1b94253cfb4d737b6c253fe5066f6628bca1b3b37af17a1e3f3,1990.0,F,SP
cead0e036176ab465e3ee56fb871dcabd5c0e5c3bb6dff114da7067d4454ef6b,1975.0,F,SP
23719ca8a6688c07342bcec50401d0ea5ee07985d0207876103cd9a7f7f2a925,1939.0,M,SP
4bad865bfec90eabc49b91d2885aa2509f5d899c6ceaac36c6137a2fdd910fb6,1979.0,F,SP
3f6bc2d8c96fc07d92282634b36096b1f359068cfb91dca27553f4e0e1814a92,1973.0,F,MG
af6dea5f7743d9dce1e342c5c4c7307a04a951013c26d533d4d27c1d74fcd550,1992.0,M,PE
6b3734a1d8198f7e02c12a74f65afa627c19eda1f308b331b6bf9557c87dde4e,1981.0,M,SP
f298f5b75c9087d754d2002fc7bef1add983635dc3531c59a2cde035a54daa5d,1986.0,M,PR
01f58992248c14089b1d075cfb4c5e434feb369fddd1b07a72d7f8c2d8aa3fa6,1977.0,M,SP
aed3cc596dff937e281179098f18b98330e146734d1a04f582e91d6020e0cc72,1979.0,M,MG
efd4a500c65536fb8cac3f5e5369b12a0b73168b17eb8a602835da2e6feb5a7f,1982.0,M,SP
fea1eba23aa7631729611e44c24495a130e9f64050b40b2136b9b596414fc4d3,1981.0,F,SP
3727e73191bbae540ae114e972c85d1270de5504fdd011d2e53b4315d6291205,1980.0,F,MG
8de1e9b78a94fedd0531664ebd43d41dd3b43ae9bb50eb4a57e4e225bfbbc055,1967.0,F,SP
00525f85913abfd684f0300e57d8a264439f1cc805031f66061e6cb00dd557b9,,F,SC
0c6490124c3f3e7dc8fd04bfaf7b454f707953d45e90f17e7c47f93a91c81029,1974.0,F,SP
a47f79d2af45a2dfe544c6f24c6f4d6056c2fef28a658edb0275974407bbeef3,1975.0,F,SP
e642b6a12674beb53c91b48f0f7bc63dc38953851d2497d7190b411127822df2,1961.0,M,SP
467b463a3b5e12fc71a8483e12493bec6fb5dcec840539b47318176656bf3563,1966.0,M,MS
dc8e87fa7adafff5556e7f4db9c49d30e455a27ebe53279b666d617312920d2d,1974.0,M,PI
31223a163281ae9a24f0c8dade499bbc505ec96ea8fe052fe291e03f85a58018,1979.0,F,PR
76774c4b2e91d104aab7ee5d6756db149dd3050fc8d830a0295dd723d06a218f,1966.0,F,RJ
540892be142452fc30505a078ce53f394e589befa5892589900ad9b9fe518213,1997.0,F,SP
d9b1b4ef2a693bf4beb62a684a90e65608dd76c69f519c17f4e57109f7fcb63d,1990.0,F,SP
a408dd78451d7d4dd3a3a4c2581bfcfdacab157f511a99b01f5f953d3d46e0b2,1986.0,F,SP
557f5f87f4af4bb28c378c5badc8fd571ebea1944ac3aec5ad5300d8613e2d28,1963.0,M,SP
01232e2c8c83929e376c8d119968f447872ed1474f214a8ada38c182e8ac46cc,1989.0,M,SE
569132f9a767c97ececce71a81f84b7bf0ab60fd290485bb828a2ec2a88ae1f5,1974.0,F,MG
c2d878252f0bb526af3742088d0e88d51d8c9eb85926278f3d61cc2f7f693851,1978.0,F,SP
92d018bce789aa253b42b78b96472acce370fbb1a812670987519bec3e9fedd8,1952.0,M,MG
061ce240d3e2613e2523cf31f31d202d11798d93d8080ee92186cf1843cc2d67,1986.0,F,PI
895ea7e5035a30e98bf757e4ce67323b3fe44a2bc6de0e9040194bf61a76e35a,1970.0,F,SP
eca09e7514c261bfad313f23bd7c36e486a6e8b679843ad255e937cdf9890702,1966.0,F,PR
753e1a17e4c4204f6f2d4279f984f453d3061ce2b048ab604553248d92abe375,1997.0,F,SP
c3bf7b3304bb0fda7371d07f84642d400d05b6ae52ab45f5e2274b7dab9e3aa6,1994.0,F,AL
0f756986ae7402390e00058a99feb429e380f7ffb7381433d906523a8368267d,,M,SP
ebf4717067b6fadb165357e966e9748c41a53b50bec1f6024a31c70084c8ba3f,1973.0,M,SP
a97095b707620a6e8668cbf1a9c710717e58cd779a4bff3e404099aa21a6eced,1958.0,F,RJ
cea07d5f0abec405600336cacf2fd457fd82692e97a4c46e9c4b7a088a86e1d6,1978.0,M,PE
6a522e883a3b5811cbd5fd2ba77529168819d496fb0109800088e4c4499d5d4a,1995.0,M,RJ
2c53c6f5e9816436aa429dac3f21e87af9c95aea92ebbb6b5c93727c8c50a68a,1950.0,F,RJ
882dca18f20e79de20786f313174ae3f666c0f7f86fd88ba03bb3a44e017c883,1959.0,F,SP
3309e9f1d223695163ffbf5a7289a9b52968bfce425a268227b1d13f92f0be83,1981.0,F,PE
7eda8a181eccf87bbbd3aa71d56a18b41f9d3eb7c8c3e5105ea732f42ece9cfc,1990.0,F,PR
92e4c45b12054fdb2f4a8b1426ae1da0525391f5261b560873f571ff1420f517,1997.0,F,SP
14eae05cade027cec16ab1624c64b1659b1ebbc1c8926bf5be77f8b5b1a1b392,1973.0,M,SP
932daeaf837a0607c20748ada8fd020b1e38fc353bfe51f77de9b99638485480,1977.0,M,SP
4ca1937d5f41ddfdad876f78c31af741e669dd50c9b4ce193c0a92dda9dc6a5a,1978.0,F,SP
36571fcc9dd791703dc2481bba54b3436e5d1b57b596d4587117fe565f7e3458,1966.0,F,SP
c2c0e321a93cecbde8c550f0abffe70fe3012f8cc90fb2a37183d2cddf1f8c4e,1975.0,F,DF
8cca6ea1835628a2413e4c27631e894f8bc089db43a2f5981e269755d8639e79,1952.0,M,SP
5768c8fb3ce9fdc1066d56c3448c7bc898a6d1a42246eb6da074d94dc6b264db,1978.0,F,MG
281b61aab6d2dfc2c28b375434bf696ca8524270f8f4aebfb2cad424783c9afc,1989.0,M,SP
0212a17611b6e44866fdbdb08a1ccbd67e04e350a3905c0ef5c2d14dfb57b821,1993.0,M,MG
27d45f6b8db133d37d99fc4aed1f03c321e36c52f3c2ec00b01ce0d900545e30,1982.0,F,ES
846c82f4db76b2110fa452cf0a3e81e5680ec592e3aea9df990eeaff25a155eb,1986.0,F,BA
f339bea04399b358c35dff44d60ca8995d073d422f484ec4146a8f87e9afdefc,1995.0,F,RS
7d43b8ff4dcee3f2de52bfed6b645f281d5a6d5fa436da582843e0ebbe5d4fd2,1991.0,F,PA
0dd861730c66c5f5ca6f0268508ee10aab093e77d625de7a2072d9802f26fa32,1985.0,M,PE
787e54b21f85afa94c09ef232dc343af72889250183ed6aa5a42fa98e7d49b9a,1980.0,F,SP
9d5aedf71f5d0ed63a4a8cf08a099e5330989be1b5d8c9016bea38176730d479,1984.0,M,PB
c397241c673e32eeba6e0ef9c984bb91bb6efe253ad258f895360040b10002a4,1990.0,F,SP
0c38e0765c1a8406996ccfd6802794947889e86a1bed3b82245904f2e72c5358,1987.0,F,SP
c400c62e26ebe1ca42bf720e18de5740f29cdc2560c0be06b9ea2b4c62666d8a,1983.0,F,SP
7a3a49a6810bafa3236f8d498c1787a242c40b6130cf940c4af69446ab576552,1994.0,F,MG
c07d27bf3138334aeac0ff010dfc092b368db27ebcdb4e69efeb811888a8d699,1980.0,F,RJ
af7430b1d46cb75d1406577da636f348f6579a1903a464e24510364f2595cb32,1982.0,F,PI
b746182450d660da8f379c9a28d81acbfff0e82d9acb1b2f2ef9c7c0c77debf2,1995.0,F,MG
751e43be8cb4115285680134a43371e287531a80c57f7ed57ece1e9f3b1ae7ff,1992.0,F,SP
10290970f8c9a4d67ca4ab768d6d5648ca4ca5aed99db87ee7e39a02fc6d514e,1963.0,F,SP
9bc095856a9846ed7d9493d653888528ca744718ce296cc00d9f33ae8f629b4f,1969.0,M,SP
baf602fe26c11063fb5b47d697b0aedf0c1631fa71fcbea29300bdc11c61427f,1983.0,M,RS
c199252d411610e003e2f15cf83f71aa00f81ec100122590e813873f1d8cfa53,1981.0,F,MG
35ba2fa5e26b7888794dbca9a4ca7153bce04ab857bd3e83e6ca979e336b22a4,1956.0,M,SP
329b3539d4fe1596be9ba0d7d249a1d2f466de771a4fd3b685e8832b87af41df,1963.0,F,SP
d4013373bf412e248774b650c5d5b6ce4c3c5eba888adeb1adc33ae4e6a6cc19,1949.0,M,SP
ac3c7a04c4c83985327f64eb01cd6b4f0f2e558cdb4367f1fc678569c9e1eda4,1968.0,F,SP
677fa39d176550263f4964d96caa02364a5bbd9323e1a4c65b2237003d0e4a7a,1992.0,M,SP
fe2086690c15f9cb1a1874baf62f58327bbe2bec353e7583e710838487c89b94,1973.0,F,PR
372463803343b2df2b3ca673fb26d52ff2baa6bb2e1c48651a7b0affb1657255,1984.0,F,MG
c5a38a20644e3fcba8ef3fb29429e4295451289a9e055d254ccbb4bbf275e1b7,1996.0,M,RS
f32d31d33dad2705a8fc7f2fc8c418e63169212c79df09e5a6640229e2c20640,1983.0,F,BA
675434b8c4f6875381364c7f079abfcf6161afb860f44570873c794d1af664ea,1949.0,M,RJ
5b33a614f70eb2640565eabb36a5864809758b110b3b3e3c9929e63c3f8d641d,1958.0,F,SP
395b086491b76c724d9315a4074db8f25ff4d92a4498e032c7c0e63b844fac53,1980.0,M,SE
75ef5715a4e192d939b0309c5ee82e445331925a634b70b935c673b36a146ae0,2000.0,F,SP
9dc10fcc9b42e580a595e822fc15db3bc51b907cba090617480fe8bf7df19aef,1970.0,M,ES
e7c06360b307ed0dd44748d322aa61bdd7936c09a8ffcda7a77c1be849f31c71,1989.0,F,MT
f20cb25aae556f29f783b8005ab0ea3c87f7842ec6efcbdfa5e01d4fef1302e6,1997.0,F,RJ
b5d0a0e74c1ae0f6a02e1bde809117153abda56940176e78c51e5d20f37db25d,1962.0,F,RJ
c35cea443ed716bf9eae66415df048aab555e00416df3970b2e121b7bd5b5040,1988.0,M,SP
ccb42b2afcc5cef91bff96044df19981744ec9281c7430e31954754b08490a7c,1974.0,M,SP
5858d6ca4393f3ba0a687b14771daf5d6601e7a307e97e8fe11f001d8eeba5e8,1961.0,F,SP
fde656586a1b7e97a2e3a816505d715718f578cbd3bf1f17ccf9b34883535bd4,1980.0,F,SP
14646f2761ca37b182ad73f2dfcf47ea91264fb4eef59af72f28e77ddc8f60c0,1995.0,F,SP
2af7de4037ce31c5d479a4e281cc2eb258a96270613fcfbaa1ffb551e008312e,1990.0,F,BA
21c648032e93284ceefb00cd684082ebeffb34e25cd28d54f1c95c6d9616bf9a,1936.0,M,RJ
39511f94295eb92dc2f78e6b0a99164ceef1b70df0ac29708f1c75d5c4bb0f67,1990.0,M,SP
df125dd6801d819f40cd2eb004dbdfe3c51b788132a7871dd2764e8fe467d1d3,1966.0,M,SP
f6bd8a5cb57c6cfb05c9a643691d4860efebb83a41355f6d682c0766f5c63601,1981.0,F,PE
db5464bc1505d4bc74e75b3b50ccf5cc8b2c4f5af1516ea6f50da95aec6efc96,1987.0,F,DF
c5c5228abe4f10860f5c19a435a6c63312db84c8bb1ebf3f10642de958c94bb8,1964.0,M,SP
58372144f02aeec5f505b3bba68f7794073c51a2fbda32b244fbec01ccc7b8e2,1958.0,M,RJ
d5868f087f825111972780a4a78c15075d9d05fac71e99c3b10551916922a542,1992.0,M,BA
582f354a21ce56be82d71dd846b785c0245507671b66c9a6710692c36faf5373,1971.0,M,MG
502a78ef76bdd028fefd10ae638860c7b81cb6ec7385dd95e73998ff101e1871,,M,RS
3972e0eca448c69ee5bf3c577ac14024469602bfae6fac6d9de19d3de35a156c,1997.0,F,SP
916680ceb95e19803241427ac1073da606dfbd5e429b7b7b7c3b6b5f3328a0f9,1986.0,M,SP
3f540a98aada8e79eb23fde71ffdbb817b4dd5160dc97b146b2d6c0d48224a49,1979.0,F,MG
c7ef38988efc5e7bd5ac7dd05b4d8ee6b9b4bbdfe37872d876362a9c71494d5d,1979.0,M,SP
a440e19642bcda7fd88898f9db4c0aecdf78f8b618b76c762e994e9d7c93e084,1965.0,M,PR
f2317d4c5892fd2f343d493257714fda0f4695cd6e1d999287627fedd7742228,1957.0,F,RS
92df8d29dde55bddb2f462a5ac21b68de79f1d829d1284838327d175bf05891f,1972.0,F,SP
c946ff0ca0c499f496aa8e6a2a44e32b6ad50479bf55fb79fea04daee887b8e6,1986.0,F,SP
a4412bbc17686ef0384dea451c7bd71b7fe44e5ae1cbac8e991b9282710a1e23,1980.0,F,PA
8d41b637a6e1fb277ecf1374cdab8ed4b8f6c532724a4b841887e2dfbe47e10c,1997.0,F,SP
3870552fbb3bafeb24b3d342c5414ae04cbb1556e6eed70c5728b8eba7c9abb3,1979.0,M,PR
03c571d81e7d90127f118ca9531e7b8cb711667a79646b89b7a3f82d23e4ae79,1959.0,M,RJ
f4188e39b7365390caad89b603a393d800f616c9f472f50b194fa739d5469042,1998.0,F,RJ
b596fb6699d60c492fa9ebd0bf6d0248243eb0c0902d8bd56a43942015c5c15e,1985.0,F,RN
3fba5cfddfb1fe68ad6ba3f877bf6f5dadd01f3095595f7accb976f278b438bf,1972.0,F,RJ
ef4f8029134852cf09f112247c6c69b230e7b54e31bcbd329f81ef44932e2901,1980.0,F,PR
833265d3ecafdfbe636c0297b67d3aef10e75a8c8b0acceb0b5826be404c6bc0,1982.0,F,SP
860cfb63b9cc2ea696e0068a11ef71681e1ca9a928f354c9b1bae1b2e2d7f565,1982.0,F,MG
1d1c3668cdd4d594a47893684da7727137c604ea2d9f0ec1a2ff9deaa8472c8b,1975.0,F,PR
e01a0fbf28a2b9af0c5584bb76d891bf89871a15f8dabb0a0ad12a3decc8eab8,1986.0,F,RJ
b716db22f5a4a05d3ad46181b49e7e1924bd51abe20e59aa2db34d0eb097fdfe,1978.0,F,SC
970083ccf7859cb37bda48e610b9686aee2986356807df1bdbc52dadb41ef343,1979.0,F,SP
741329b7e7859e45a2be0a70a646652124ffcd44f564557ea37d56ea2612f99d,1991.0,F,RN
0413e938c99b6eebc869d0199d70cbcaf847859c85ba4e17330be596fcd5a161,1969.0,M,RJ
d62dc07de794b1bbba8d814ad73acac2608764736694ce8deebaebfb1394acdf,1980.0,M,DF
6b616332eb78625da039a47c2d201c2a76bf1d34fe73aca5075c325f509b45b5,1997.0,M,PR
8986e375eae0108d11555f8d20ca14b44864a33494066ad80af8a81e2a5e689c,1945.0,M,RJ
4eddcacc8bd93f83baf8f4a8a28e7936f3da0bf1272b6bf35b3340c89a7c8494,1971.0,F,BA
46dec56a3dede5b09ef608da2e387d53f7f6a7c6153858f2aca95b252d06544b,1974.0,F,SP
773259e72d7d3d9c96262acc88d7456a8f9928b6fc440e55e944ce1f229586d5,1957.0,M,SP
60628cdbb11e16359496ea5b90a51d9b7a675c951aefe5773de964072922a210,,M,SP
5cf85666241d2051fbf24cee55953a2aef2e9b003eba5a655b827a26ef703e0f,1991.0,F,SC
649839422c345d4bae8a48c01d7be6e730eb7045090de0fc33cb6c6a65c08510,1994.0,F,MG
956cd6b53f9447a17af76dfc592955f79b680fbfccd94e6bed850bbd2452a742,1996.0,F,BA
3e5391d7b2c3efd8271cb380945ac873ab307a9f9434819db18949cccf0b7597,1978.0,F,DF
9fdb8dad73785889c6961d095a89b0b0128e10213f857eadad7ab6873c045e4b,1989.0,F,DF
8ae3781cf49af2b0e1151ccfd2e853efd417dc3d969ec23b232218561237068c,1990.0,F,MG
c284e72143fd8cc359d4d5f6689c7bb8dd9f90cb6d6158d12074c4ce99be733b,1977.0,M,RJ
5bfa3080fb8dacb8de968713b3dd95de8b67b63ed449fb2efa35aecc403cba96,1956.0,F,SP
a43339aab4de5d72295d3439807488aa810a2c808cbc71a965c9d9208744a166,1983.0,F,SP
8b147e8e447d67f4f11bc8a8ee0a21ff08f7dcd03a9cff3266b5f61d08f412f5,1976.0,M,RJ
a8bb7964cc113644defb151cc22142ba39f7e6c2b34935e261c962640e143234,1986.0,M,MG
1614238cc60bb359197f9b038c49ceadf217707bd0202185bc2851512f88e1b9,1983.0,F,SP
799cded1256d2c66dcdfa13f8b2cc7d7b12b4c0aa84538a5ec9f3b000084fe7c,1999.0,F,SP
2264f9eee6cf18fa57cbf5b6129506187838dc735df4c9e15074c57c9fee7412,1982.0,F,DF
1b95ab9c8aaf411293e99a7924fcc645f88b2df558eb843869c47d28dca6d361,1970.0,F,MG
8cea2b834e366dbd991ed888d31cbfeb351ea0db61c2e9943ea934040e543244,1994.0,F,SP
cdba31b1e64eb921557d528265b25e15922cfab8a4716452aeadf028e986e2fe,1972.0,F,SP
2c3c7971e9d90479d173c094076854847813497370b1e263732e09f38d2c9cf4,1957.0,M,SP
50620677a6a1e0a946132d24138258f0de1329e43c9cc809d7b523f5d1c9156f,1963.0,F,MG
de432ca888a6f9a7dc5e90792f12cf0aa7513922aa4fe1edae6bfac014624eea,1982.0,M,SP
85faf9bd0c4e899e98b2848eae53531ab307ec5572102d9c96f967df70b82c88,1983.0,M,MG
5212e4e7f497c0fb8635290ada5f234203a62a692678afc4eaaafcef3567a1aa,1965.0,M,SP
9802729963eb753e64d21b85ee8bbfda98d743e9b14b2e1a8aa361caadcec60a,1994.0,F,SP
bba0fad19931ce84126405bb813a3a5ced1848913a8ced443d0c8a33243ca938,1995.0,M,RJ
59a90bad2474e241372c8785aeca74f9665ebd3ba9924831efcccabe5ee32b8f,1977.0,F,MG
5a3db67db6c8530c56e0398d990c4423d8f50df017947382ef75fe77b9d16ad6,1981.0,F,SP
02f13f1899607e0916ba9e06f60088c76a9616c11005986e8dc8bf46a0109ec3,1982.0,F,CE
8a1871f6ca41058b9bc94a77350862fa3f0ff942a5aac42544d4b65afaced188,1956.0,F,SP
9fd8094dd1e6fe202ae50ca37af1ce43ecc4b9a4fd31600a993c3c717e5dcdda,1955.0,F,RJ
b69b15be13a702c994ef42603b2331b64d1f8de99f936656f90524d56c4a2a7d,1986.0,F,PR
7620920a10c1ec879d785c0209e2e6b5309093df94a8ce9a888e06cca18d55bc,1983.0,M,SP
93f898f3e6ac079e1ac6fa6430ec3b08a70b6c51986034e6334cd5ea78871cd2,1965.0,F,SP
85e7c9f9510e3e6261f46b329548b5574eb3b1f32874ea371ce79600e1871c5d,1985.0,M,MG
555d79ddc2b83526b86ab249dc2502235452e35e94bd4a0ed35af4103d2c9c1c,1972.0,M,RJ
8a3d8258c533a3f26376edbabeffb6616a0e1f8d64a5e7f1f448d642b96829f8,1974.0,M,SP
91397d6521e0bf0e60325a98b5c3f4f0949a37db26f36868ebd74b470add1b75,1994.0,M,MG
1e5fb3f5c102fc19e9782ca9a50083b7a9632725ffe411416faf1a9fab67e222,1978.0,F,RJ
47f9d6e2cfbf35260b1d97b0630616f39d42dce2036c1062ede1a2e56106e99d,1970.0,M,SP
9ecfe027ec35bef88f4972b6cd95f3422dd370edff77b55fdc529b90d72e8b5d,1974.0,M,SP
16c798adbdb63abb220fda4c54547c81eff780f8a431202b084f8516ac0973af,1982.0,F,SC
21d99ccd64c187875c75752b85aab3418b2b94c58cd8b90cd6d33a714c56f214,1981.0,F,SP
47e8d89b029c074cc8006fd63dded009f941f9d40e28445680eeaf5eb0e361f1,1998.0,F,SP
40cc567d067d9e583fc693c4c3a4fbc48cf0727017a5d3c12e73d2d3b247eac0,1984.0,F,MG
5f8948b9d994797ac748f792177e4f0c91267ea35b9713e12bbb7ca66c88f412,1965.0,F,RJ
de6e4c0e7734354a808c1ff4752224f489d8f1165df3c114b035bbf935203d38,1941.0,F,PR
aa905de8381580962829b6a13c5ceca7b43fab011f9acfdfe2ebb921d134610c,1983.0,F,PA
dc973c7e5a857f7d7a82e1bd2be8ace515e854c49d12d4f0851b81774457cb0e,1986.0,F,SP
968356918b7db78f78577936ed9485e0f0491306fc8723469d1ce1809d4ec7e9,1950.0,M,SP
96fb282d6859e456a6e178b93d08b36b0fd33be9c506a7b469b06f6c266dffdf,1988.0,M,PR
490ada593002c8a38516ce0b63e2ffc822c4debee1e4a5685f2f3a1d39b9db57,1960.0,F,SP
a6a493d1f2042923e9a034c0a2e1fa86421198dd5eee10053366e6f20e3e583e,1976.0,F,SP
3171fa3c296187f6d9269dc7fc8dabcdf7ef05725b1da9cd08deeb59fd1a95fb,1988.0,F,MG
33702a254b1f4622dc2e137188618a1ff2f342a181ed3b59e8072e52e97c9f06,1973.0,F,MG
f6fcc2729fa87c68ecb8940a12cf4dd47b5ecaa1d4a40bd3cddcfeb7794cc628,1988.0,M,SP
acd2d05cd8982167272a7da9c0f05d31eaf12444bc2b8f57b749be08e36d2df1,1976.0,M,SP
17c2f3eff86ee0a07f4afb14604ed490b8f5f74a6ec12cfca9a448760ea80d3f,1971.0,F,MG
e31d05222fd681bf0fd6bd1164105b19c336bb0f1b9070a211e5fb301392d672,1977.0,M,RJ
472199dbc9f8b2a55974af046b125978d7d16ae27a41fc76da92707e95bcdf30,1968.0,F,RJ
919baaeb1ca6fd2056aa7bf5f6ce059d86078e1083c6a013d53969067f82a3f6,1994.0,F,PI
6632389bccc7bff02ad317a6d376cc59f7aadd8910b1d860a958a22df7303abe,,M,MG
8de1248b2b799e49d7b0ecd14ab3b38702841aad0026b597b297d33e98a966dd,1975.0,M,ES
c7f2b640177d42dfe8a46780351e37b97d34501a93833481c9c8ae085a9c626c,1976.0,M,SP
a7106cd3637e125bcd321cd811a19fb8db99078d6087f1aa46a083fb73568ab0,1963.0,M,PR
b0fdfed898c0a1af9e82c69a6e1c3823456bdb8d1a12dda3fdab0a3233c630c7,1988.0,F,CE
173c0b93b3c8d381d9c22e93b3ff63101510ddfc939a0c2dca1797c15f045899,1958.0,F,BA
deb3add74c2709b8326b0de94d3fe452ee4612caa4212e267747750eb429463b,1969.0,F,PR
b2a34537f9af62e529bec16ca2ac65ee9b0e5da652285bb9b53866f4ae456d93,1984.0,M,GO
fd1b16f2d2480d9dcd66d223b285f1a81343bf5a08cd1c07a9e093000bf9a35b,1966.0,F,MG
4120e0000ff96a74d6293f57ec8a431eaa9d355a8386c5209950436ce2308d33,1987.0,F,ES
5f41a28c82e863491eeec440c1a313b1ac2d310517c5ce0d35d8d51714b57203,1984.0,M,RJ
144c2341ef1f1face9bf2d815ed89d60f7fca334ac3b80530fcb7fdec533afb6,1967.0,F,SP
d2577545cd2d2d0d2c0a0f33407ed20d4823cffb7d4f810553e3587a70eeb2c6,1999.0,F,RJ
21b67d22c68ed607aa360ada9142f1ab5f4abb7e741debb12973c0f6793fbbf4,1986.0,F,RJ
e81f543c2f67a06be94f61230e84d6f80e23aa6f140874f1d215f1558d50d3a2,1989.0,F,SP
c6fd1b91043642ad52b8d55a943225c8846d9ef14e9357a0ba77d255ae5fcbb6,1961.0,M,RS
7b4bf40f04c1b5e4fdd2b6a37efaa43e09c7cfbb0108406d6459295960aa4894,1979.0,F,SP
d3557b93530f140be30ab4c48eed4b12b07c005015d93af5a5dcb8e06d4b8f82,1964.0,F,DF
dfd7b212c43059080bf63a9b9eeff52ef3b620069556306ced6a7417edb05939,1991.0,F,SP
54666e4951c60a676d56fa2aae5d87413269ceab007f3c8640faa672d07c1a43,1970.0,F,MS
cbfc212fab72eba3038c7eeb2eb326b1933b0df5a458e468d3c8acbb74a536ad,1975.0,F,RJ
49c5c31f310fb2199a7d71d3eb2b60944db7f73bd1914b771fe599ff3a2e7c2d,1993.0,M,SP
4a820dacead689378a5e0610fc1babfd6bbe419dce14e5daf42d981ecb9b98f6,1993.0,M,DF
bf7aee845c4b3ed922b4aba855e9a39289fc7a81ff71935694d9dbb751a277f1,1980.0,F,SP
e131a561ffecb5cbedc74db6973207d3d476063d43684593f35e5b087a396852,1977.0,F,RS
176834ae29dc466d2a125f06902b06c8be1e3d72f553fb8d21a775be4367deb7,1991.0,F,RJ
d12e300c28ca7f2abd4676ee230cd53a2db9c31463d1c41528303a1ddd9f8251,1976.0,F,SP
e4fa178455548989e6290617a83e1b928dc08bdbae2c5dc28f326c2d87557aa1,1986.0,F,RJ
a32a9930da0fa636074d8967b3de0d8dfb591de94e279ab4fccca5b1424a465c,1963.0,M,MG
9cf2845d58076e4f279092349ece98a0bb91ac39816c749da88a2f133d9d16e5,1981.0,F,SP
014a97082681f622feb3e860f2e0ba34ef3218de8f09b49a384435e6ddbf4942,1980.0,M,PR
97045a4a301bb70e168e3eee47f3b8c98288cc8714c8a9e530e96ced138336b3,1970.0,F,PA
3440c220c6a4cdf506535fd2a03d2d5f7b4719b93cec9d02ff3f59ac37b4b455,1980.0,M,SP
af78aa035a808351e864f8ebae233339cf3992a82b2d57d0547d7d443f3280bb,1992.0,F,PE
ad3c2ed1817eb774323941d195f9f98406dce85e09110be445c421adc6fedb5a,1974.0,F,ES
e9ca7beae437693403154960697fcfe31d9d0807ce48ab2116d958cdc9be5657,1980.0,F,SP
f59f16b2c9ba05768611a4ec601bc5820aeef22a01e023cfdb5a4aee70bb1d80,1996.0,F,SP
bdc6fb1b38929e107c59ee0b81ff1e026cf15ebd189a5479ab67c3d6e58d1ef8,1978.0,F,MG
e5aa97924fadebf72c1f39b46a75574c0cb7c4e98126cb958f47615d98315e21,1990.0,F,ES
6d18e5e2a51822e027fbc4e0e875f31aab15775b23eee931da6cf8265bc9cf5f,1991.0,F,SP
7cac98c74c4094795f9bee95b193fd5752c0e75ac363e78cb87bfa1ac2a90db0,1989.0,F,SP
749808205ffbe5ffbd7e5ab6f03748d648d468f89d1b15ea1245e02032f926b5,1984.0,F,SC
7ed246f209cd21c0215ba0e1896410e7c4b37fc05db11ba4fb3c91182fc4584e,1973.0,M,SP
fcac6050976002ee46fe9c475d8977703a7ee87db9ea39469def44bff4cf2502,1992.0,F,SP
c724650a5c04b17ba62389dafaf43cfec6bc720691bbd48126b094f8e6715363,1985.0,F,SP
93f58f5413feeef8a6efe2e2177466b9d85f49507e3a8f7bfe75b1a81bfbda4d,1993.0,F,PB
ae92ff8cc774822b5e6c6fa7f05fc2bf6191f4927b74a42c5744ee66c8385e54,1965.0,F,SP
fccdf72f27d7e34ae8201eda9295613ec15af20d44fc7b276e7abd9f4d4c5e0c,1958.0,M,SP
f6833cdde1239c4a93715da079c0de6bebaf1156a7610afd4c467205139b661f,1998.0,F,RS
e43b5d5bb3c1878c121f291470039fee708e0a8c4ea5c46bb0eda4d0525b91fc,1996.0,F,PR
0b28a87d85803d2d20c84a995ff067f87097c239756096b44dd8d3b208f71b4a,1965.0,F,SP
64a4601d545d53dbf66a0dbfc77704f7cc4e0867d4c806d0dba67fbb0ff5074c,1987.0,F,SP
deb45c5624755e68568760030a91f38aea55c36209d62ab3533299bdcd7d1b70,1992.0,F,PR
a8962427899d895319a15138555f5460218df0f49a3f8b5c096b24557a617e5e,1977.0,M,SP
9076c8df344389f506d7e5046741f6781b1fce9cb540e833d8125be514113a3f,1973.0,F,SP
e05885df52d6dafda403b179e9f3391ab31b4ab6109e05a85f8199f869247514,1974.0,F,RJ
b7411fddc15b91bbfa6e181fa51cd044dca295d0780977df72ba678327f9ded3,1985.0,F,MG
f89692fddb25bd9370e11f482d026af6227cbb04c67b03010878e294c8042e66,1976.0,M,SP
b069f9c84957ea9323092a9bc56ce906c5d31b24032a25b08b2095920635af7c,1971.0,F,SP
e057ed882508652fa5cfe2a601f099616dc38a4e03433fa39cec7e78bf15c185,1990.0,M,SC
b121ca8164eb368a0ceb4d8c5a7114253a349c36eabe50e0bc254fb067a2d739,1962.0,M,RJ
3d34241721b98c7119a8b98e23c7995d1d2943054a90a87dc12addb8fb91d275,1994.0,F,SP
7a4bdad31b2685d401c9276dbfa129a72b9f67d62d9415ddc5c2d00ba46c626f,1974.0,M,SP
9f93119f6024e051c36d8c6a727a1fad6d272dd32f06c330801b23190c657217,1992.0,M,SP
908708b3381cd25f5faafd42e8f8d0beb8da3e04978fd2cb4c8a8b6f40314f80,1992.0,M,SC
b60f686df6a72f72fbd91d38929b1d0ec59b0c525cf71fd0d68941cc913fd929,1955.0,M,SP
53f2e92fd67b375d9885c5c308109077ac4e6bf0afd9a21c2d74e8174f4c3c4f,1981.0,F,SP
4c1ff34d4dbc9d8ba4a7a1d0e102d3a2be653ff1564f99948681645a0a892dd1,1993.0,F,SP
6e24a9a24a07ff8535c705dd4abc314da198e47d08463ba04aeaa1f78686aaf3,1976.0,F,SC
e56c7a6f98f5347383023ba67afb381156567049c640b3adc0d301ad42768618,1993.0,F,SP
d6e6f6ff2f1f5c58d22bf37fd3c4f41bca291999fb297b23775ce9d29551316c,1984.0,F,RN
51ba08782760554aed02d721b426f52b9f184a63379cdd8fb76c67fe5313b095,1962.0,F,PR
152e3d2239ce06931b938a113a7ea361c0e45bae49279e40f3038375b970cb4c,1986.0,F,GO
ba5b9afb70806f1e0463b2a8a7e87fbf0538002893f555f10113597a8b4a6277,1980.0,F,SP
a47fbb36456e6230c8b56f829a08c40abb111c23517616cfde5e79e0fa8427ef,1992.0,F,SP
1c56ead354b1e50e910c22574dc3ca901fcba99919d4af40df54d69c7e383f56,1994.0,F,SP
047d1d28374d201fb9204a55505b07c85811c3ed9e023f85a8e837b8d0202fd5,1983.0,M,SP
6f8200d2f51d3d35e3d5cc5730841ac6f97fb880d667170e73986ffb8a96ba97,1966.0,M,SP
3899f6d2a90c2917fc67a5ca34a9a532e1c1c8e8f4350167db9946afed57aee7,1996.0,F,RS
82359e857bc47f4b6f59892c195132d3ecf45fb1dd3413fb522410c9fe814fef,1972.0,F,RJ
63c40be9ad9cef0a8a2e7d3dfb2049aaca922484ad80dd3d136d4bb01fbfc9d5,1981.0,M,MG
f56a1765e841cdde92cc2e70bf89ade63694dd1b639336c60eb08f709b918c1a,1986.0,M,MG
422dd4a098b3fd94b16dc8e03eef19c95e46cbe15ca40b2ea32b7d7c94e5bae3,1996.0,F,PR
35db489d8bfe53645d0d329ec968b5fb55ab49ea6d03a6399d4b864149ee4d27,1979.0,F,SP
b11ac0b8dee1568a5e4ed27fc9a32ff3ee87da9d44c84dec9fe2bdb5144bf561,1976.0,M,BA
92e10cadec472432613e5127ffc07c46efce0c1f1dc1f7db9a00615b3ac87935,1991.0,M,SP
b22bf040c8f28eb0bf4c1885a4fa85da783eaa923e931d64073c7f6fe41a26cb,1983.0,M,SP
f3785a7f07596bd67b992eb5ac19812f3ad8edb3cfb294a2f44921b175bc44ef,1993.0,F,ES
4db8e0832ade02c680303ba644a0b023d16247f37cce09084f406b17abe9ef28,1979.0,M,PI
8ede46d8a4b221511688e0d2ddaedf4edb6e746cbea082392b44c4513a0fb5ed,1981.0,F,SP
a49ec3c51680d9bb62bc45aa1ab55afc2622032949b24a1914dc935ef233c89d,1984.0,F,SP
2bcae9075a5e4d88730886e7022cb1d7baa9828285c846edd3514b0f1ba2d3f8,1996.0,F,SP
d98bed9712208360dd052bb7635e167deebc7255bb05099bb090c3b9dd285687,1986.0,F,MG
cb2bb40e9e554688bdcfff89aacb9697a5f49841f0d5ab184606642bf5ebf5e3,1995.0,F,PR
96e7a5faabcff387b949b354ee297729be95da797ec2877351ea0387e4dd7765,1985.0,F,SP
d767899cbec4298dfbe11e43a91d4c31f9d5ac676e4bcb63335adca448f41613,1959.0,M,RJ
e3473e4c7fcce8c24da37812c102d0ce3120719a4dee28c6885f132b28326a98,1997.0,F,SP
b951cbf22c4374c88fec02c4ed8ca7792a60928ef817da207c08551f4b074c59,1983.0,M,SP
ee1e5f1978a0e1f0827f27dac326716a7e3a12b7afdfa30c0ff0da8cb6eb4a2d,1985.0,F,BA
72ef4b324ed7da9bec9120a785f2140e0ae047f748f9890450db8e7fc23085f0,1982.0,F,RJ
f64d8117cd23cd0239afbbda84a88abe81799a3c3ed70b361d3329ec38636360,1986.0,M,RS
71205b5b1fcea861a5b65451af617903e2ecbf1693f1cb23c71293925ddb5b41,1990.0,F,PE
07fce505c55daa63243809076b1409b58c1e48dff4641515b4cf898d259493c6,1959.0,F,SP
476577adf17de7bdcb78b075bae1ca850e7339102a157ab603e574137a5cde8e,1960.0,F,SP
15e20ca2f6c7953981f48fd705882235fce3c4afbb161d9988490bde0c377717,1999.0,F,SC
51b7d85fe8da3c1923bc0931ac88d7746e44760f950ccf268b514fbe9f7431da,1984.0,F,SP
3de4724fe49d47b0fd3cac92d141434cd12541ab746f74617b3e167c406deb8b,1962.0,M,SP
83f1dace86cd862b5a894b28883f3b5975503cd6f460a04a3a27cea7b5dbd7cf,1964.0,M,SP
50f71ab7ff6ac130970fb74f1ab82cdff261e1b83dcc700b7b246636fb18bb7c,1979.0,F,SP
1138b20bccd2d1b083014fde92aa92f76aeadc74d1874f08a578c2dfe485ac55,1967.0,F,SP
7e6b4cc03f5600bd2466d6d154332ace05f5cd66dbded22cae1884d35125532e,1961.0,M,SP
5af61c282b4470c0a52e2c4c1dd73e093e7866903e51912ee58d10c5df9a0cc9,1994.0,F,PE
078d2698030de49206dc32ff588a37e10da4400f8737aba668cd0517a8956fb6,1989.0,F,TO
253f6abd4a6b8ba5425fc16d370b1d3d5c35f59c15fe2a7b6d95101ea138d473,1958.0,M,RJ
15d6b96b95aba0b454ab70524f7f5c30be40135ca8563ed8817cba472e2bf3f4,1966.0,F,SP
6891652871c6a950a1613a574dd93dbcced01522035d9286cebb2d587687332d,1964.0,M,SP
9ad28cafc4948ad1d247536ead1f0a9797aea6398e87c4e091f4ccbf9d437827,1953.0,F,MG
5cb198e3691a462f333bde1cc45784c024dc7ef0fe7247a615f4afcf0d246fa9,1961.0,F,CE
0cf905b4edac15ef1db6a5e4176f06f5a13d921393e3fec5294c079f82010ce7,1998.0,M,PI
6bffa39983754a1ce1dff2c940c4ec557e8c56cc91d64d04712aa9071b84cce1,1983.0,M,BA
0a81b58c46df1c00a8a89ec58e7627cff257f20810390dfca2d1929ff00b268c,1956.0,F,RJ
11e4b66f938b78047ec5f1ae290277bdcb5a838910603cfea415995b0ff40144,1966.0,F,RS
20c2cdd373effec732a0fe07244dca0545a64d88cf6c8044633596fe9b886b4e,1975.0,F,SP
928cddc2e9210eca17170ddda471ae36a6fd666fd70c8dc860aff6440f1f7a89,1989.0,M,SC
6d0511d9fcd718e955b75b4c127d3beda7d757364a2bc31b44337eef951fd5d2,1987.0,F,SP
79a4135f1626c26fb5d17b003d3edc45849aec4c56645fd1f532ba01a8d74b5d,1992.0,F,RJ
e4b976cc84e8dcae6b2bbccf0b76b9162bf4bcf41062522cdbe1a31976b25889,1992.0,F,MG
0baf0680e4f55ad4d28323885bf07cc33e081d1b295fa7ad88bb5d0cf42dd3cb,1976.0,M,MS
2526445f87808e20769cb4e401f6767ba27fcf2d167a10f8ef17e172d91ec2ea,1967.0,F,SP
1ddf006c2c4199aeae1bbb5d01470d318bddcbb26ef7be7e44edcb91ccf57cce,1997.0,F,SP
03bf997005935de85ba74ce4d62fab1a0aec6f421e51a60f7bb7110bfd4d9b88,1985.0,F,SP
8e529b059030d66af31d28e4bc19b18b50274eec929c1beb8da772980d24c001,1979.0,F,RJ
a100343be03df72cd1d41e84310b1437612aaf6ede1e0a015e44967489e60dc2,1967.0,F,MG
beaaa83f2819ac6b1f7c3c8b9ed4db888b378602aadf2ed1e59b5f529167f9d4,1968.0,M,SP
61e73e63901bce292bb565c013ebc34d823660a7eec56b8b06cb8d92a7e3c9b9,1981.0,M,SP
891b709b561148eac48bae86861a52a003b879fc2aca7308c1ca444460cd8ba8,1983.0,F,RS
30db66e72d3998abe0ed53da44e0061750ce123ef566a1b1c3900540de83776f,1986.0,M,MS
25665c904476c504c78a4cc4c31912498ba27fb74a175d3fafdbcf25a63e7099,1987.0,F,DF
fdb0a27789cb0744c26eba9e748c5c3e40dd53cbe4f059355b8221d5dc48225d,1987.0,M,MG
1e08cc3723d2ab111069250f87470f3325fe017e3a7447dd32a45256a761c0d3,1978.0,M,SP
ab6b0fb975760f2773a1c511effefd25a398701577ec464f4541f1c54e99e837,1981.0,F,SP
34f142a0c5b272110885be49c73896ddd53504514cf0aed9da700066fb42dcb5,1969.0,M,SP
d1bc1970fb3aaa4f4ba08a5d259370442d26dc091979372e3fb1f3f82ddb475b,1992.0,M,SP
1868bc99ca81f7ad05822ffd91025974ab2deb2b09e922621362ddaaa9acf10a,1997.0,F,SP
3cb972cfaa8f7477960f61f7051e0682640fc3964421541382fa59f02acbb808,1981.0,F,RS
2e95b65dae8a979be15adb63913f1ada1e5ba09cefad6c6298f45f10807eaa25,1992.0,M,MG
1759e3f7ca81557a074ecea1ef2762f1e1f3b94917914a6257d0e32dc3913168,1958.0,F,SP
1749eeac474a7f48ec281ef3d86f27a7a9575041e1858e37c40bc28607fbeb15,1966.0,F,SP
8d0d6804a8731004b43e59afc2c221669d10fd7f34cfce80018b1c0a29692fda,1990.0,M,RJ
97a8c2858c78fac1badb399578c5ff3224c06b69d245e8be9c65afdf44d05b36,,NOT INFORMED,NOT INFORMED
13f3290f703d289dc23635ec43605ce8be0d7829fd0a95869484421aeb069b00,1988.0,F,SP
743ca53ffa9ba791af0b60509b57cf49b9534ea6d8f7a92b2038cb3accc36345,1979.0,F,PR
679d9b073b8866c860f2e14c425ec27a65eed19835f62d040280e4a9e44ed047,1956.0,M,GO
f5b4c153a31a01c8cf42a0c62e524bf286aada4a41d6e64ed05fa7f36677aef4,1988.0,F,PR
f7a856bbde144e25c76c496af66f97552509c2d9e806b9ffdcd5ead946e247ad,1971.0,M,SP
b113f3abadf82aa622d17cb625aa796946ce7930898b22eeba4091ee8add9663,1971.0,M,SP
7f58ae076167e826b7038a5be2e00faf0470d20b007985bdb71efc263dc94404,1975.0,F,SP
90ab9221717cc3cae5836374d011b92f47b77ac0e5f9e4c920fa6b317d4413c9,1970.0,F,PE
b80a11af626a17a64e2b2e60b84c4c970419bbfd6e223f5f779ff3150fe19d6f,1990.0,F,MG
e3e739e7b91da65a6efc5e5aa9108e3bff4c8f3fc3eecc7b6f1443c397fa00fd,1998.0,M,SP
2d552a9489c963f452459aa618ec0097c74b22d5b23ba0ebd937e01d2ff07283,1989.0,F,RJ
5f8d2ebe7b6428596ac3863a6549a1ac5871ada9b5b43e87b6fd4ab0917608b9,1991.0,F,SP
a94883ec61c9567f7e6943c2cd8cba749d0de29c3ab2f78e70949d031b7685a3,1998.0,M,SP
a0bd6d32be4466fbd6b16eb0e246efe852d73e512b5439862a97829158e1050f,1980.0,F,PR
5b3bbce94abe03c8dcc73feecc1d611198cb6120f6849059286a9704c32f3b5f,1977.0,M,GO
0bb87bc4289a028d7ace1a2f28be5108ab2e8e4ee2893cd146a1483eecd50b95,1989.0,M,RS
353cc26b99089d9792eadcf6fdefc677930a348067e01e7af5e994743365a31f,1996.0,F,SP
ab489e3532d651f6eb04aeed895a5579861fb0ff2dd66011b450411d98f15116,1976.0,F,MG
ede7c6edc89161bd3a2619b47ac908638314bafec238af6d85cd5a44dd3e368a,1994.0,M,PE
0713b05df68081f85c6c46d53d225c42dd32db625429d05f91b16ad10414f8b0,1996.0,F,SP
d6d58ad0a713954f46d858994361c4217821e38678ee8af2c61ed1b253146c4a,1989.0,F,MG
38c4813c77788d6dc58452d7ee95dd1aad005f7dde2fc024cf30dad0f3e6a96c,1980.0,M,SP
9c7a3a8475aa7b61ab1b585ec1fd81344062ffaf2328bc38e27f6ed7995a76b7,1982.0,F,BA
58259e6387c3c60377e930444b92cc3f1d4a5f87e7e0e1ca096467e7974ae8dc,1973.0,F,RJ
9aa7d9e3340a87438651ae73f2aa2b721cf2fa71321ea6eba5131609c0de4d3a,1988.0,M,RJ
e68ed40655c3807bb002bd30ccb2086842b15c922e28b3ea8cfaf2ef96569845,1984.0,F,SP
e931d24992d91feae4a1a80ec15a88ce2af1b42a1208d1f5c8ebaea4a44bb19a,1963.0,M,SP
3d3f610fb72c08f32dc9b5eebff5dead8afd8aad76b0ff77aaa7233ccea878d9,1973.0,F,DF
44130c8d7c9299a0bc61d1ffec8d76f6f97dab54c56fdaaec3c6c3c744635739,1972.0,F,SP
def9470de8e6c4f9ddc5cff6713ed4b979033edfc1572d5a697959fd224aeb33,,M,GO
1a6a0c003e00ec65018a55b2a7251475a8b7253c78f134b180a1c5b648e84b7c,1979.0,M,MG
04639279c80cd0e8da89a8be7c6b80d04fea66b8951f4293b848cd219340970e,1957.0,F,SP
d6cab8b7f9f31e9b213c9f1aff6ad0439a8300c99641bf6a08b2609fe6244ad0,1978.0,F,RJ
bbb12bfb66ef0f246ac3ef1b62c108919cae082c2a7704686104de0a11802a21,1984.0,F,SP
b3c97a5e742116640bcc53d84f94ce6bf88380732c8c2ed1795e65e982eefba7,1944.0,M,RJ
0b8f60fc23a91b83f17c28fcc410b4715e33baf0018a6277e4e22ca544051b03,1990.0,M,RJ
fb12356372e0474c87efa9caba33f2390459c91c8efb3fb4555a729c823bf0a2,1996.0,M,RS
5b504f42c7c66add169cbbd3357d244bf190ecfaf19d5e06f7abc0473757eb74,1963.0,F,RS
0ea45b37ecda805099a2e53d905b2e05843c22d8abc4e8adc7696355d6a62181,,NOT INFORMED,NOT INFORMED
e11db093bd1f6fe2a029e2a033e03af00c5177476463473cbfe0b22259fb3d5b,1955.0,M,SP
da2fc4e36a0844256fce9960f8e5a998df9aa6313deea65e6f0a66207653b00e,1981.0,F,SC
d5cc5cc6186f2cb95270880e96f027c1c3698d397498afdce927fa4cc616384e,1988.0,F,RJ
01c53d26e725191cbecc25b7c97c4497b6f0723b27bbd828cc1e1dbcafd6c8b5,1998.0,F,CE
7cb8a822cb95c46b94a3e201f01bb122bd3481c99517b82b6e53e059af1c27e8,1991.0,M,ES
fb9b7041ad83650656711f4e2989bb77b9272664f5f7b087b37b3097bc6715f1,1995.0,M,SP
1e2f88a2b883d55613cbb1dc2f22971598f4392ea8a78dbf862588f530e9ece6,1992.0,F,BA
e553cb0cd78d875dacfc0976d218614a0283f9a58bf6c42d8f29e7bf81b9ed00,1987.0,M,MT
271a97a3ec0e80be7898dc7f8d03758602dd6937cd7f6cd2b32f7e9987bc5951,1981.0,F,SC
a429212b123a89d69881cfa5bcd50cc40d3c8deedab2fea52b9024cf2201aeb7,1961.0,F,RS
8f3ecb627a91f02224e484364b026d6eccb996064058f3fe20faeaa1663488fc,1999.0,F,MG
60a3aa853fc4b7147b0d81d1dbaf1e24ff2ad8cd28b8c03562dc05f6724839eb,1979.0,M,SP
fcc7e41d48247c603b806cc43df0f201953a79f13d54d037e390c344e9605c2c,1980.0,F,RJ
9d08e8784bb4b1174d5171476334171a5af57605faccc8e29b83762b31c131c5,1969.0,F,SP
566ab5cca7713ee03c27750da2db6e02a91228cba105750ed1fbdbe922ff24bb,1987.0,M,ES
b2d5c43fe5b2d21d2ae1d3948716abb4d938faff951c9234ef73da7f5685b737,1961.0,F,RJ
18ecfbdd37b072825499c102c1d5885b6bec02e5560757ef3960da818403e898,1989.0,F,SE
b7a250d26cd56f028ccfee8fa1e475c1cf0b9cda63d148a1219d3fe2585598af,1982.0,F,SP
72e1be6cc40aea8f82c91a43608510f0831ac49c130c4f70536c32b91bd0c675,1977.0,F,RS
da45b7d3d7e8a0d5fd09c5fe68e89e05cc63deabd6ed2294d75d12fbe2f7e70f,1987.0,M,SP
c0be10632ccc9d5c73a4cbcd82fda87619461c7bccc3ccfa2a459b044aa74d8a,1986.0,F,SP
c47e324c8af3d6ddfae398ae3aec8a8092b1cd3fe91df86b323be76e7f29e50e,1988.0,F,RJ
46bd16a5e5e7a5a7b4a01a68cf1cf1e5dc856b7bd0ad874518158442a4131e9f,1989.0,M,SC
37772ae8ebba8da439804409576f181b77765cabfacd41a073c8c651933502e9,1990.0,F,SP
a9ba32bfdf2792b656bf7f26b658553ade55681567e6f3e42d26cf1d3e95a8af,1964.0,M,SP
fb8fd33d1624fd665736a970e19699e5338809635f7fd2d80fe4164c869ea098,1992.0,F,PA
e3d30d09ecbb73fe39671af51d00cf7314bfdd99c367654c56f504f87d672e3b,1983.0,F,DF
f557e46a7d6af480e8cd245fce4368a9652fbcc55b7e0eb4f6984420280fea93,1988.0,F,SP
1f1e7c9bb4315c3f094470501c016ec81abcae4c93136cc67d5c88c270a38ca8,1981.0,F,SP
e88877da6dbf5c9b817fd0fd6ea401ed133c1907e07e0a79f8a2ef3065800c06,1973.0,F,SP
621416cf4998f903316f58399fc568ca90c2f9ea83b6669a0429fc0b3754e6bd,1969.0,M,PA
6aa8563f415b831fbd649a418490d000cd756139d48c5fb8058354c66174fb77,1995.0,M,SP
44f0060a433f94887d0d519a9af85235735c02eaa1d49cf9d2e4777acf28cd26,1974.0,M,SP
45ac2f403e45a35744d007ad561b4bc42d0798feb7cdddd1667afafe7154c9a7,1999.0,F,SP
5ea98459d3f96c0d35c67daff14ade50d4e72e9be6188187f32f530bb37221ae,1986.0,F,SP
b10f8c5ccc44b918f7501a2164a58b6c4aa2b262bda1d9d2fbf24d912a18af79,1995.0,M,SP
0a7c68a8baeaafc74d34652afdf67786a33bc3d8d98ce8346be471d79b9366b8,1976.0,F,SP
cc81af71d55e6fe7f84fd56a61159cbac51fcdea96a1c6c43d8d2bf24eecdf16,1993.0,F,MG
7630de72c75e84f215ad6035a30d794939f08a995e566eeead73ae26382d1f50,1992.0,M,SP
dde1d3e659f0de87c5706371f90140c89f9dfcf24547fd354bb6c2f697e826a8,1988.0,M,MG
fac64ce58f2deaa9fa1d32968af964993f9d426fb122fb4a5e5330464ddd415c,1963.0,F,ES
5014321ce078ceee98178d8f75f8a59ad47c5b4e197d0b4faa6a3ff2c62ab935,1995.0,F,SP
6cb36df546d8f9394905d0045730a83077830efbfcf847e86fcc7d346974788a,1984.0,F,RS
99a45e40a9bd8ba60fcf2f16b9712edb36839a88a446201c431037d8f92e0dd3,1990.0,F,PR
06bb91e81061d89968c011da60732add97a262442cb21054a0ca79437c6f07f6,1989.0,F,SP
82b254621d933e18acbe2edf167335ddba1b325e375649deedbf8017f9b63462,1982.0,M,MG
ca27f359a807772b10756429d8455711c3afa6093db48ae57abd2a3aadd30ad5,1972.0,M,SP
c389c930376d9bdfedbba221a5db9bb8703f1ed6f911fea723b174e4838a7e0c,1991.0,M,PE
fb679b32ed1bd8d7919667ba9f0411707cf181607ce9411fa8b6ea9d287c27b1,1987.0,F,MG
60b61bb69bf17d11751c67c036a49fa6b5522fd70642f76526603d4b962b879f,1999.0,F,SP
2a51875deadce197e35600839e6d51c43ae7441f52e827c241b2fa01256a57e5,1983.0,M,RJ
3689937c084276c0dda2aa1d7fea0403e243175739a5e47ea2af5669e3ad7a78,1973.0,F,RJ
3b9778445d7b740f2644503ee7810c23c80e4e9a372a43642b60a2185897660b,1972.0,F,SP
f6670f034b24af0d217936f8cc63d1c6dbafd96d40afa74df214d471bdc18fa4,1987.0,M,ES
d1dad5c67ba537e6b459c5f6825c8c3970e745a81dbfd34a367def5c4fa6d8c1,1991.0,F,SP
29f797c98e045e95821c2346132d5b74616baf411cb31b7e77a80bd8d4e61d08,1998.0,F,SP
c728c5467fa7f1c8677d16511e2b77701ab986487cf09e77f91458f95af3474b,1998.0,F,SP
b4998a65acca42acb74479fdd9f47a42d8df3d756cf05bad8c936fb70701b964,1970.0,M,MG
804ffcf35a862dace670fa0ba965be6b96c13677d6415c75e2c1c62f60b4fdc1,1984.0,M,RJ
f7fe70cacbdd08e076c4dd47d03bcef27ec796812af5a0c2c768cf64f31c683b,1990.0,M,SP
9b7e79189acb2bbe3ed92ddc2f3be9e209b2516d473f18c83c18c87cadc64c01,1990.0,M,MG
84a17e25c1416301568e037375f77090a25d011878dbb68e061d582d1cfe4aa6,1969.0,F,RJ
bfd820224e613428406f6c62ebd6f3108df7a42a8a387f376867b85c5c289e63,1982.0,M,RS
d3d5d218b55aa632d00957cfbb41a41364ccb649b44be2aba9eac93b82e65685,1957.0,F,MG
5f2c3255417449ea05048570483e6b57b61e32357b935d16c007516b46d3e454,1993.0,F,SP
2965a96a010c2e068dcc382f0de205fb103054fa030e2aeac31fa2452bb0857a,1992.0,F,SP
8cbfc5ad8c8157c5c428f80c89d280fa9e55b7d20614a262c361b452a033ace7,1975.0,F,PR
9b5afbfa542dd799871246204cb83d889aadd98c761d87b4b3f18c692a34bb43,1969.0,F,RO
edaea1d36031637e9d473d6ba1f31affa2ee1b11a08c20581115bd2be42386d6,1987.0,F,SP
d5a6a66b021c0d29a375eea810ea31c70da624bcf53bc3a38397591a2e2fafe7,1990.0,M,RJ
dd58266d2c43e538fcb943c8ae4dbf35763cc00afe98444dabc9519c4590cc38,1992.0,M,SP
84204d7199fec1660d1c4a1375363bb231beed07cf40ba531d6faf5fca4dd6b4,1987.0,F,SP
c5b6e6df92757926f6499c7e9591f4aeb2809148169d6db5d8ab003c79fa730c,1970.0,F,SP
06529e444d381e61b7a38c4ccea59b513dd7ad7fb5acdce4f0481caf2d9a82d7,1986.0,M,SP
79a5ffbdee1d776057eb9558edf798f4d2535f3ab58b7980698abe46eec040a6,1993.0,M,SP
c7f2c25fb676e8ccda3ac581a41c6d3dc7745ac35401770f367a604bce72c3cb,1991.0,F,BA
bb56781fe69eb77237e4c6b27f4bd1c1454f067174e782d4ea091639a5405f23,1989.0,M,PR
90d7d9c97db558f74995b57aae998b1c5d590f4d33f35d9ca2e18183d315d9bb,1981.0,F,SE
9beb73366f4f578e5d59cfa9ff461ecbfa9f5d711bfc9df2daa025bab88ed664,1977.0,M,SP
1a0e2303feae49b857d00703cf29540cfd4ddaae3d4f6677fe9c77c19d72768e,1960.0,F,RJ
3bff7a2148a5ebd2339fd7fcee23f104fcffed8162afb99ee4919da40574422c,1998.0,M,SP
ab3273659f2a31a37542d7eb17eadaa2f3075536a87799aee4a7c211f543fe3a,1992.0,F,SP
c33f8098be323f3dd12b86c8d77fd60205524799cf1176596f713f0fc96ca775,1983.0,F,SP
1afd94db20c311df299b38a82f691bcef07162eb5978f9e885d5274db44cef9f,1980.0,F,SP
3c226b0f617a67d0da28f51d4855a380baf0219b7faf2b4279c59d04c44e1119,,NOT INFORMED,NOT INFORMED
522f377ef16dd328712054163c67015ad2fe06761a46985bfc5116c37dc9d527,1988.0,M,SP
ac964211176964d26054f0be2a3fb91628ff22fadf4b4058fee82f4c157c4cbf,1979.0,M,RJ
61c8f1766b240d4ba84906d14d55134c0d21472233187b9754443881e9011ce9,1986.0,F,SP
0ed337c049fa242ef3c68bcc327602fc691ead7cf631a08e84958e794d0eb890,1983.0,F,RJ
1ea1af7b9f93d83d7e0e4518ef75f19102f5977a8e5098fc1e87cb1dd41adbbf,1978.0,F,RJ
632932fe46b0131d7a81b818b417988386049b846982f5138f5446df75840409,1988.0,F,MG
e6192ff5492914db2004689091a324be304071efe7aa6d2f2e6ba0090df1cf08,1994.0,F,RJ
9413b87ae10704d635b6469faa6a696375a09531cf8a0aa31cbf3d4a77399ed0,1958.0,F,MG
f1f0b0248339690ab38cd75f92e2c469ed5e00d103266a10827c98d718e41780,1978.0,F,SP
2774817c5f79d8304733208a598db650b58ba8bb7df9ee8cb1ef1512d5861491,1979.0,F,SP
ede0ba2870d00320b6d78ec4b4280232271f19221ff0e3a749ea406e544aad4c,1978.0,F,SP
9306e942df123dd95329b8f7604a11ae5704b43a40450906f2ed5d4f65659593,1990.0,M,SP
4898d45ad77f47030c9aed1533a8e9fc1b24b9c121e4e3d277d6a664623c4767,1966.0,M,RJ
7c16f87772b0507dc703cac4c7392eb3cf16dd8473b4901b335f10764cd85b7a,1993.0,F,SP
b32cd5e4c9dff4e06a104f62e38391b7286b16a656476d1f2ba9e2a6e6ccd564,1977.0,F,SP
5f35580fcfa90ed266671bd215afe09e87af0406403b76ecb92a76c73837b33d,1987.0,M,SC
1f66954377c27c7cd9912c971b25559cacf20f414c576cb1646a423f64861908,1992.0,F,SP
c6a53faf75076306ed4c38b5d86ce6bdef72d3546c9f2239fc4bcab591573d57,1978.0,M,BA
74371e6976eca7a982db5f573e05aa19f5be2d4114708d760a357e992b0f6a6d,1992.0,F,SP
e2d1989121d968aa0eaac47798590b8968c9a6e3d3cff87f47b78e729ca40b67,1973.0,F,PR
9b771756c1d37cb721d3e4209f872028fb19a53b01da21d75529badf09178c2e,1973.0,F,CE
1c6161c92eefa68047a9fbd6595444166692ba43b2b3297a106f0b6388d59cce,1997.0,F,GO
d360064d1b56d6313764cd58e32fa1eb4776514bf33b3a4b6574654e5a252d17,1988.0,F,SP
6aa738981db7a675c3c9894ffcd9ac111f2dca628b096dde59ec71fd877d7c3a,1973.0,M,SP
1d135e4db09fb15c0c445d8268f988fb520ed0733306ece0744594f2befd10b6,1980.0,F,RJ
914ad07218a6efc1ca3d2ce7ef29f14d332441d06776a7d57cb2d917d2a628b3,1968.0,M,MG
a4958fe831f513d91d50942550b4d1c477c64872450b007114ac02c2f4d1763e,,F,BA
c17168cbd91ce0b9a1bdfad5c9b222c384fd8f541212fcac650addb6f0f380c8,1983.0,F,RJ
6835e2ee832ad12e105e589698e5993daf4a46b02f8ee23f3e11e79b4d52f5e3,1959.0,F,SP
cd5a6a05c6006544393f7e879fefe76fd4c930467bdf89064c7ed012e45a63fb,1985.0,F,MG
c4e029a92011b395ab0b21debcaeee1edbb656910b12e79b858b646f78596da3,1983.0,F,SP
d59130bce341e68b95c6a267c4fefc474363eebe715352d5166c7f8c03e1135e,1985.0,M,SP
ce4ed5e944bf216185b9b6ab8f013057976b907a9c3f0119d016f384e7e4d0b0,1971.0,M,RJ
36ccfb470318ad567c70f84db3f8a5dbbaab05ce91c5f934efd11661a9410cb5,1979.0,F,SP
ace41cc5cc232a72cc727db1ae8a5b966d0e9e3671248d751aafac20f5533107,1974.0,M,SP
45a6df9c4af767b45e1762a6084e67de5d31f06bc75565081f87d8fab4a29e9c,1973.0,F,SP
5660f8ddc90e8062c4f0279451dcdc6cd4aecad7fb2f87340857f2198d278613,1959.0,M,SP
796fe9ca6b555c27be5c6ad4e662db783cdbd187eb29fd084d54205773edff86,1962.0,F,SP
6f4ef27e121de458422e4e02283606c3000bfc4abed5e87fbab8c010190aa729,1997.0,F,MG
54424b9434a95b29850aed5e9d82b67242b6461102958226d777f86cc204221b,1985.0,F,PR
f8f020cef4d672f2162382f4c899141e2367e9f94f648777472a5f5704d2a6ff,1987.0,F,RJ
9c0eff1b2473f4b6d0b630b0c57375678225e7fa7c5d9438ff8d3749f6af1e41,1962.0,F,MG
128c6cfd0d861686ebd39afa71a641f51980c029f24b912a0fe1f3fa21e51975,1996.0,F,MS
89afdd8038f9c42ef01cee2a3bd7dfe44c887f0f6350df52c78b59a5e1e863c4,1979.0,F,SP
ccd48ebd1a5b2ed96da9d654cc48bd9c4ef6279435365fd89c8e835ce0a2bd5f,1994.0,F,SP
f7599015672feca911a66d965b1ad575f2906d4e9400c388a742e381f86026e8,1967.0,M,SP
bd5309861503bb1b4e867bb854fd9579cdb4fd4d71b6715e389ae0593580994a,1981.0,M,MG
67ba6cb632551ceee3761416d330e202e5e010f46780fca02d2e86c098ada4d6,1988.0,F,RJ
1b92054bedea954ca193c64cdfde5503b91c5f0e0304db001c6306ecac1ad702,1980.0,M,SP
2b35849c1e6540816fcf512ee052188bb790e33bea4b2f3fc01d2a8d00b90f62,1959.0,F,SP
06815b32ed454d298159564919b6ab65eea23b631659786e31494333cecfee47,1964.0,F,DF
2e52dc61fd1fdf2f8832048702836d2c36f152219233f6e7173bc0f77dc2ffa9,1996.0,F,PE
a363ba0423ccd7125b5fac0008c4233f444a405675f964ec086534159c9f2431,1950.0,F,RJ
9776e3606c0517717749518fda8561cbf9896089e30298e03329e590666ec013,1946.0,M,SP
5a8a4351816128b19cfaf18da7090e05287a8a5ff291760edd77334ba6e1a07f,2000.0,F,BA
a1c5a49fce2a4bbe4be0a808f85d8c6b17d7c819a752466673ad54fd120153d2,1971.0,M,SP
0da739b1d6bdc0959252298a0e6771977a6a9a81a922c6f540418c19ed4163be,1983.0,F,SP
7117455e9c5364f43e63cf1d0039c8d7d1360caf5a9ac9a447defd3eb50d2912,1956.0,M,SP
d84bc03799f9a0fc2a36364f3bc89b4e620400080746f3db445b52ad95e442c5,,F,DF
499179cf5f0b28bdb72a68a9d923cef3a8dad08cd38e1bb86fc77fb962087da1,1982.0,M,PR
bcf4347d8b7db1cbd4fe199982e760f3427089e405926ec1ff924220e59c44dd,1985.0,M,PR
a975f37cbcec9747981ca68ec97e437cddc0d0be608a96aa09dbe8e8151b948e,1982.0,F,MG
a9c66dddd9238b22f8bfa9d8650286714f96cd16aeb7989b7aba4e1732f60500,1990.0,F,SP
152437372e7365f9888a59d6e2277750473a4a0dbe40b418de3e07c38c6e4e0e,1990.0,M,RJ
61dcb57b0571a802252a977cc7dcf7280c4dc4d571bf6f822a3c5474ed6785ff,1988.0,F,SP
3fb7329f8fd9a7093cc007cc55078487517d1cc3b8c9446355422da1644b71ba,1977.0,F,SP
92bec33195c5611fda54583f326e22f52af10ac6dfeeb99c02faf203d3cf0c24,1980.0,M,PR
251655a217c88faa590e6d3b3b83162518eab6ed88aaf7a973df9effb5252699,1984.0,F,RJ
42639eca6b52b4a956d05a1b216ba168811ca776cb615e305d87fa9d4241584e,1991.0,F,ES
eb2ca3a4998be01074c9f1e2922963ca4855833e18f784a23a8d5f2211b10fc8,1975.0,F,SP
840af41b011a00e5352fc78ef34ccf8e40e6ce4b96aa6c3bbf5ff3e93eaf1cfa,1995.0,F,MG
1a40915c3e835785a448b822e0fcc6204db5336362037a9b5531a3d499eade7b,,NOT INFORMED,NOT INFORMED
a001afab24978fe2709ec4f4bb0901ac3a8b8aed2c09e0fd22974fefa5c44e30,1956.0,M,SP
2057704696315a0c5d78f79d2059b78035d4a03d407d4398a3d0703ae58400a1,1977.0,F,MG
ddc74b8905f50c132de1c8f70b25f1b9b4810aec2554491939df142482e6c1e9,1963.0,F,MG
311c8b719cbb99d28ddb7218a71a9b7799e12da3f29ab8546a7546f37592fddb,1981.0,F,RJ
0d4c4b329fbb80e4439ece81f93df400430f61549dcc8ead7eeeb0cfd3b60ae5,1992.0,M,MG
6538d4748af7796b6c94f80fafb22bef65959db10f8d022cbead162a33a37f5a,1981.0,F,BA
04a7d6a43ecd6863e31abdca50267f38b7a9832004fcc8b73f546b7fcd76373c,1983.0,F,MG
bfa50143408033aea32f68d1b0f38fe8f6efdfd7dbf05fadce57e38a5737d449,1978.0,M,RS
054e555405da809beb9648995ec4389f479505bed02f95bb15b59e8bc99c3b97,1986.0,M,SP
b28611e7cb3e491110dca59fae93c63853a529fd494f1830933a58673aba1844,1964.0,F,MG
11138c3af7ff20ece4eadbc15a5c3d6692d1f977723132c5aa38ee63ef9a0b8e,1983.0,F,PR
de54ed17436113a487da4077ec64edbae83903421b03f024637a3cf47c74a61f,1984.0,M,MG
e5ab440197daeb1a1fe59ebc610b73f6e98164900e1a90006712613f74e64f7b,1990.0,F,MG
d088ae36a13716182f0369622c8449a96819c5759e267b78acbbceb1e8416437,1973.0,F,SP
d63cd2d1255d8ddfed602d6472b39b3316590e364991cef2af20c9fcc82c7913,1989.0,F,RJ
2d83beebf026c45985f43237d48c8b9d7d0fe40478254198592699e61a204d2d,1996.0,F,RJ
f5fb63fd7ab07e94f36485a571a749b951f9d8ca5c2c06ad537a32aeeac98178,1990.0,F,SP
9fc58d21f7acc0ec30eea50a5e97f768c6ed997766b057c7ffd8264d7cb417b5,1961.0,M,PA
7dad5d0575925c704533fc7f1e42837a34cf3db4cacf000ed2433fa9c3335731,1999.0,M,SP
487ce6ee6aae4afeb2d66fe8bfe901a5128321ef3c469708c3b5a7cad5e67a7f,1994.0,F,RJ
cf6e37fdd6cc11e2f6deecef81f114963ca159fa1afcb2185602ff2ce149ab74,1987.0,F,MG
1c10a7239dac393c1da5813d1fb9347884e1be12a280f186333a2b0983c95ef8,1973.0,F,RS
0a51d8564a00db7816ae6ad83870431504313f4f1be8f24ba5d222798df07ee1,2000.0,F,SC
20141576e171cdb50a02968acf2b5da5194ba910a3b3fc8dc8ed990c1e645a23,1956.0,M,RJ
7c8ad60b59be8056639521638fd6d5a572fc2206ec65f3add6318f945c2d19df,1970.0,F,SP
85e1e7f61754777afcc15624a4729cdfeec6b6a86b2a59f35f4b2a883c190c0a,1988.0,M,PE
f88d88f1791e723417eb6b14cb327ca9896ea06af82ea3c3406eedffc17858a2,1984.0,M,MG
7f5f9a15792c1b9aeeb1f959386bc0ba2d627974531172886cc37018cf5ca290,1958.0,F,RS
5a85213fc3f1fef37866b18c927b7a476fc366f6b2b09ee40803b77d7c8eaade,1952.0,F,PA
a08d2c47ad890fde93b1720e3940fde50d2a1886b435ed4bf73d580d3172a038,1987.0,F,SC
f992643701dd8b3b38b7b81005a96e828cab6d030b49cd885344238347c5679c,1989.0,F,RJ
355b624f83bef186de6c82a70fa1f6b0a771df5a77ffc0938b73121801bbe9e0,1985.0,F,PR
dac169e2ec549d09ac22debbc1f3a1415b38001a9e0c9e50a3afec5191dc5a15,1982.0,F,SP
b3f4d8d07f93a34f88f40643072c5193395abe3e25e15418b9753a923b096678,1983.0,F,SP
03e5b5125142f077a4055202f0b0ac2dd3dff8a1cb69329470575957bec7921d,1984.0,F,SP
f970b35eb77fee9326c2d9129250ad74ee08561d6525bf21168afbe8c664b67f,1960.0,F,PR
b38aa322e27c3862b0767e4e28c760e032439b21d7e4b138eecd798c442fd102,1953.0,F,MG
2b609c6dc79c20f83ecc9473069c76d02f74d9951b8131a3d06f51bd102d8a8f,1976.0,F,RJ
b32159031290002f929ee0937a67ed4cb2393875dd55ceb0e04b2f4cd13651f3,1990.0,F,MG
80bd2bab77690ce60f9488850b8992f41d25054527dbe9bd049c86d8b92efaa3,1990.0,F,RJ
00c1103c4cd0f1b38639fd77d3b03a4462410a63758777886240cbed17fc76e8,1962.0,F,SP
9c33947ad68b21b28801b43e2244c4fdcc47845ba498b93c029dd13daf636076,1991.0,F,MG
29df9cc0c6f8fa472cb45c4a22b0196cdc22f6106f00fecfbe685272d6dc8fb6,1998.0,F,SP
6122e801f3969da018ce2a189235d2baa65bc61a6723313b4f631c328ec53214,1966.0,F,SP
74c492d842c547ecabfd9e150df5209bcffc64653816ddbed54fbb57ea5a1fcc,1963.0,F,SP
7813c8458ab5ae4ac7884798749edb26a3eced96d817334a61b2721dda133494,1990.0,F,SP
329717e8e0958a21506123202ecebc8571075b209c312e157f3255fa13f8814d,1982.0,M,RJ
bea00b997b2c77fa7687a7401ca4359f92891413d18b7bfe7e32174c628b7b53,1969.0,M,SC
7489d700070b51279f80d1519ca53cc49006cea37360fa1fd89082a1e33bb6b9,1965.0,F,MG
97597eae6c59a044f3ae8695b8679e5705de6f935bb2a3cf0e6a32ccfca5cd95,1978.0,F,SP
e1c895e4a78f65797fa5cf6ec1e5946f2f2287fbee0995e64d521513c2d62bb0,1961.0,M,SP
e836c6dd999b2bd42e68ff65965feaceca5894a88260c6f9d4b4351eb35d00c9,1979.0,F,RS
98654e61f374f42ff83a1a12c731fb5ccbb257519f54d0ec7cb4dda03165648d,1974.0,F,RS
2b94b664abc6ea2f6d13ebba0024dda0502b111eb7fa35296f91006fed625e01,1986.0,F,SP
655fdeac117a874384351eb1bae791e3c0a0bee712fa87154669378ff058b1b7,1991.0,F,PB
ec19a839213486b4851bcbe774eb5d7e2923ebd5a970bd22fea49243b7098259,1994.0,F,DF
37f0a2a7e71c9d44c36197b5b704ba29b48feecc964f9b62b934315e12b61b07,1998.0,F,SP
c192466af45bfd0facbca23382a8c2da6a65ebcf1d5d68bd188e0b33aa9056a2,1977.0,F,RS
9d1cc353721b8a23b4850d183807695a247bf97e0b65a9a1c7ae56d07387548c,1991.0,F,SP
b2c3c849c2c7dec05bea680aa16bca2d24590f1c52bdcdf5cc2ae87302b90ad2,1973.0,F,SP
65f1907820219988efb6df8b6cae0eb34cfff52602e833e32f9c6886b6d81b3e,1985.0,F,SP
dfd1ca66d3eabf89df88c9bd7202b171ecd6119191e2165094e47cec40b3cbd8,,F,MG
7315af1fc21c1954f4f21a6a4b3cdfc6719e4499a8ea1f0811193f402d48699f,,NOT INFORMED,NOT INFORMED
505bc14d81fded039435477370691421a4e6259ccf4e93ec8513924c7ed76df1,1983.0,F,SP
c91bdee67a3aea20116ea0de70cbb7d8d9a3763d13e3bb7d4ed039ea1e98866c,1992.0,F,GO
de9231676c66388bd860ab53b747ae72cf84b10c0fecc43370bbb9143b8dad48,1980.0,M,RJ
0b6cad17b45fad71a4b549a205a82765371b9cd7c5009785c23d51a720e352aa,1985.0,F,SP
7ad209f4646a99a6c3f9d7053ef25adb89b239e25e06200c4c27708a759184d7,1988.0,M,RJ
7eee01d95591a06ec29ba1228d65c59ad6475e03e3c8122950e4f811691374b5,1983.0,F,SC
d66d939007b3a262c9533ead9d7ed4f2efd92210e605abac66cfe696f86f6824,1994.0,F,PR
33c7ba66c9b8875f4ba7373031e4a9179118d51c2d9d146fa89cc00ce1ffbc52,1967.0,M,MG
e0f74ee2a08583dc3e3672e3a58eeb983bc2b7772ecc6bc17fbf1621e8a0d611,1965.0,F,ES
670fedd546970e29fe4b8c3874696e9f1ba739b9dd9d002a5a0e14285ec1120b,1979.0,F,SP
ac30aee74eeb6381885093c709b1e2ca9bca792bf89d1dfdd907ddd214aa944c,1973.0,M,SP
9c3228c7c244416b87221fa06fb901404e9739796cd544a45e2129844151ed17,1980.0,F,SP
83ebcbebbf087e6260a37321702395851f5f05adc21b8dc0e12d34b5a29ac259,1987.0,F,SP
5687aa8c1a27737b69db26ac91f767d880b722289e7040e1a5ccd017da0f7860,1988.0,F,ES
1d82c2f1968846f27f604abcf311e0439b17f6c6092402d937d2030988df9571,1979.0,F,MG
98f3d7e8c8460ba24890d0c5fb90ef001e92da26094cfaf15e4d0015d4b96025,1988.0,M,RJ
de3d1de4da863a6519dc6d33a4595af2e9424ec94da9a90390897aa8a118e4cc,1958.0,M,SP
70db3faa50d0b42fbeeb674814e0f7b1c5db668d2ba6d90fc5f668519b7b93ad,1993.0,F,RN
982d5502a00240ae4a214a0db3a807ab2f414ee459ba46308dc370c71dce0c09,1989.0,F,SP
8db04eae02757dc6ae319e6d273b92a5ba78e531e8005f6f0dbd12c3eea027f6,1989.0,F,RJ
7e50c45cee0acdfaf51abc128c75fca2d280ed9fec7248dc965c7bf675ac048e,1994.0,F,MG
51da5906cf18f22bea6b4f6e6daf30259b09a6ff4a34502e37b4bfd424a6f85a,1994.0,F,SP
1a8deaf827b1d467fe4218d4743b9e45db48cc7b48b1a582b9852a9874e0ef41,1990.0,F,PR
03db2e1a4c028f712696d3cc6984437102afefb25439f0b7d9611263c106b5b3,1992.0,F,SP
5f0489f6a5b2c24aff7fb7aa32ade9a2561d9c92d73f834f529a67f77dcf9f00,,F,SP
85b724f943681d95c8bbe4e210df630d18700d59060e04b35d37d11aa74c36cc,1984.0,F,SP
84bf942927a035f2df73992f954351bd08ff06c9bf81c7eca33e92138c6f7cc0,1987.0,M,MG
9a60c002e24b6a5418b6c74643734cf8871e09d8713ed0a529771b8b89b896be,1993.0,M,PR
d0a8fbc3025d4751238e77faf8018e3d6886f65050219402f940b76e5718d93e,1977.0,F,SC
035cfefa950008315419a142d8096c60fccf107db9beae58b814da9e41003a72,1984.0,F,PR
2764d25f79c01aad051ebb8bc14a9e74adee0fa68ee7a0e676e0149e8aa847f4,1984.0,M,RS
ede8dd9792c561afbe7f1c583c2f7465ce1aadf1ca6a48504b9c665caabd7b61,1969.0,M,MG
aed2ef1862837c560f394e6cc675ce9c6993602c0662bca9afe6833ff3daa138,1988.0,F,SP
2fe8aa190140f7dd35f924e1fe589ea81f92fd163c11778ffdd7783710468049,1979.0,M,SC
c3c339364f588d79a324f9fac7432e00056738aa4d5e9d32be90f2d1828d2996,1984.0,F,SP
e1a0cd96b6ac791591500875a178614c8ecc79e922d69d0c01257de7438c2755,1983.0,F,SP
cb300a4fee2d17df4252ad10d5f90716c517810be85e2ad780167733ec7a0143,1994.0,M,MG
1670d75da1a433f6fbcf3015e837571802c1196b5fc89a7d332106ba4bc785d8,1979.0,F,MT
983be7e000dc8430bfd451e8dee2d2447e7761bb36dd472b4f012a0629feb2da,1959.0,M,MG
5771ba51b1abcb5ec50ebd2aacc50db82f532358ae4cef947c9424b4c740a719,,F,RJ
e1b3d0bc19b62793fe865c49e38cf2ff81bc91064708aa5350dc212d3341e315,1990.0,F,RJ
bb70b3fa6547cb88f45d354907513a7f7db1838c8b24274389feabef4e20ec77,1990.0,M,SP
5d76768b52c19a6c8bfdae8a6d2374a7ecd3ae8f76e8c4b9326c47599fc08e44,1994.0,F,MG
c7df23b755cbb10f183e2c62cca35131b194df7e4528c1db7b961ae564ab6a8a,1995.0,M,SP
2c57215206368e91e91c723553e486f37fb8702bcb61c99201a7eac2be8727b0,1969.0,F,SP
f0eafef47671847ca5d8eebd4ea735b57d2ce14fe14c7d60d512ca2ce7722d76,1954.0,M,RS
2df6b0e547453fe9925d87c705824bdb710eef83602c271f8e7ddf789f2e7628,1987.0,F,PR
a7c02bb5485bc85fa82447d67a6a37f2bcfe22203c545e726d4835e67ef014a7,1979.0,M,SP
5159e173d7c40d8e9b6021a6dc1a5a69a397b9304f78c2ef0d2e6eb25d5ff913,1965.0,F,PR
3e3e1c3cc9fffc2ec9eeac9875285eff63f05c4e367f4c7458e34cb72a6afcda,1996.0,F,RS
b34448e88c24d0bf40bd5dcf2e73265acf62c58ab9457aed4fd9fbd938ebb4fc,1972.0,M,SP
b7b21a18f41f581de10681073d511b4b9a959d6ecc972fdd3478b02b5d8d3e3e,1976.0,F,GO
dcda2a5cc0958e92e7c2815b2c5ab197325a40c994f2cb263c8d79541c1fb280,1973.0,F,RS
e63a28e0f7b56b0aea19bc10353f3bcb735a6ac80b1ba3d3b168c6e005e10149,1985.0,M,CE
6bc5b252450ea3bdad9ca79ad9afafb3bd1aa5af430f346ce18b16bf192fdc41,1980.0,F,SP
ac131f128adac4099b13009890031b092f1dcf7c4716c6d207758045557c75eb,1983.0,F,SP
77f8cd1891a19f9d282e16b8e9b1023cf8eb94a84ea9bd50145ea1f0d884acdb,1981.0,F,RJ
4fb4113c187f65d91455298816552e3af0be94d2b7e952fe418dabbfed9de754,1982.0,F,SC
6f6342e33b8a7c88726c00d5a818cc104a6aeb841d957f6a53908c46f0efe9ad,1987.0,F,SP
242d4dc1d288af9dbc42ada181964dafb01deb35e10f794e7d59f8fd8ad830ca,1989.0,M,MS
f8f92c9ea37145725502123c3c57ef1b7d9b4908ad099ce5d98294f8eb62e7ef,1981.0,F,SP
020f3554fbf34ed9ad7f89d73933d4775fd435c63183f1a119ce63dc5e9f88d4,1983.0,M,SP
2259e373304b921c6153bcbf2f88bb2c9c8fd3fb94bdb57c1ac141beb92b901b,1978.0,F,MG
567e59bd1a17c204f38efdb14df2b15abb87db7ba2fa87e93baf7fb85ac058ea,1987.0,F,DF
43715c328bd4f23c6cca78e313ab4c6f102376f386ca05d0550a90096311dc18,1976.0,F,MG
b69322174f095ac9d88d273b75100fb44ff5439046caef5f5173d682d9b5a59e,1980.0,F,SC
5dc398c08b7235c390228387f34c6ad7dcc9117c585017f9f2d61f20a9a01aad,1969.0,M,SP
b8dc8d8a6328dad9de588e68e56e10f7732e7e87461152eb641d91a9da736e15,1984.0,M,SP
7ccb57417dff54fa5411f94be41b50f1166609b84b6eb29cf00365154829519c,1970.0,F,GO
2c3293c8fd34ea9c7d735d8fb2d3645544cae616858ed08bdf832a3a7c9f1b20,1986.0,F,SE
491abbc951f9d21932e819e1997a286f01b43f9ea1b93c51b7c3cabd5371a2d6,1979.0,F,SP
ef76bcbe0f313b7ae6e988240c9550d691a6227ccdd3f3efd74784d544ea0a6a,1989.0,F,PE
eaf1c22f76f585f955785f4abce03967a25d46ff0002412b4c8901d08173e519,1998.0,M,SP
80dbdd8fefa784a2e0a3e94c34c660f0277dde9c2d4074e7ef9d0decf47a21b1,1988.0,F,MG
ac7394a6106c055f26f09710cc05aa204891d6667a8ec88cb3051e02cfc676e4,1981.0,M,SP
b8517d1f1691328ddb920c39fbb71933e516dd0dc8f60c790e9c9cec9c23be86,1962.0,M,ES
319ece92505d409e743d5c80f219d98450b915a98e6588d28fe893c5b66558c8,1984.0,F,RN
8794cb4698deb63108796300b0d0d03a342e58c4564454cbb08d79af0b4488cd,1981.0,M,SP
a7479a3a09f0022a857b224c47a073192d48521e277874b47bed897f62615fc6,1960.0,M,SP
8d1e2b2d3f50cad898074fac10c7f2c48784afdbd75a4b91c2ceeaae82c984be,1974.0,M,SP
8c35f48a98407694dceac3bf2a9e4c1ea8453db07dc33ab1ccb77b39d4d65938,1971.0,F,SP
462ba41fe4486c46f48d1e49a5cad820e8c7a31285811a4994fb386512358811,1973.0,F,SC
5794c6990ced470120f0d9ea6836614f8d79a75043f08a96cadb46fb81e3a8b6,1965.0,F,SP
0c8c38ac90fdedf3f2787eb621f3cf755b4b1516f39aae8812a433cc0b3105ee,1981.0,M,SP
edbcbc4619a145e950a7efe86769faf6b088fca5e8db72668dcf3f4e7a95092e,1983.0,F,CE
cdcafb78224517adb05653b176e11156507a46b6e7cc9bd6344b0e660d997550,1990.0,F,SP
738ba79ebbf2c78a2d5386a4d984c1797b1669e8feda211a3e739f4f60741d50,1992.0,M,MG
d5de49eb5e8a888ef1840ffc3a8284bbcef8ac0b1d7ec855ce74f9f5e3a03f47,1982.0,F,SP
24b645da2d72e3d6c33ca0ee05e6dc46d2615895731e84b529d5efd1c7eaf160,,NOT INFORMED,NOT INFORMED
380b428d7809c52ad45a196407a4f363296d466eaa87e95405d7de0493d9ccf8,1982.0,M,SP
7b2ae26a331563fb1fb9575396f30d18da245cddc5b4e490066f8d03d2b97f08,1993.0,F,SC
464484c8e78386ee12e2f25b59ad92f1c74bcd0186dfb7e1368dd7ad0098a73c,1959.0,M,AL
e5b51b1acb41ac1499ef849a0c799103c9d2dae4c7fedffd504d12698ce4e57d,1995.0,F,MG
5a6b2dd8e1fe34c92471a51efe53c2ed3812afc82ee2066b95e16d5930937147,1972.0,F,SP
bca95cf0b79917a40e85329a360aea58d77cb0e2b38c801beb3a972d34bff0c5,1977.0,M,SP
8b7158c16b37d3cdf78c9716cc0fb6ac748925bbc37a4a4f7447f38cf22b684b,1995.0,M,SP
eaed857e61b7e88de1100915f8d7055ada59114ff1fcc44bcc79e6de8566e4cb,1989.0,M,SP
c07cb9be35168d35b1ad88793691b03ac217d36cd3284efeacf8e14ac77c655d,1983.0,F,SP
26868687e2c36ae89428e053131c5ceffaff04fac70327efe08989223b81b435,1972.0,M,SP
2a520510a2afa6855fd88bd341b02207bfe301798a5f8ab8ae5cd23badd1a2e9,1980.0,F,SP
0f49fd24cb02b834b713e3cdf280ab1c6fd44d562bb2795be1a2b3c2cfefcab6,1978.0,F,MG
085430ad46d9c888a6812ce479b468a93a4f457a97a59900b680e4c26aa15ee3,1977.0,F,SP
6707bdc56b3ebc92bb2dd60ed3cc2c8594c870357fe2ca917a802dc14910aa02,1991.0,F,SP
ff797bad57097fa79368789d9fc0b7dc67c8bc66043665334d45aeda96f14241,1998.0,F,PR
7d4c913da8e5b572dd83adeebc87fab98695ff432bc7ffc2551579c291f08ec3,1970.0,M,SP
b24ebebf9dbc5c2cb9726dbced61a7f49494f132c307e7df4fa805f353a56095,1981.0,M,MG
1cd92acbd1c32755cc3ca205f644a69de45bf51d0ba17fbbe7bdce5b33c3a1fa,1958.0,M,SP
d4b287f3a38268b30f5dcd1c8e8069e80b794d16a323d57fae0c781fe3a2d4b6,1991.0,F,SP
550a2e642afcfaf5a51387aba04aae50b90a996c336cd69082b50ed8105927e5,1977.0,F,SP
16afe840f73db489f5f1d1a041ed33f06a685535906340ba3111e8ed876f2c55,1984.0,F,PI
bd8f7101985d6da9d23e4a91f3da9e1239456be7b27fcc34fb626485293f35c7,1986.0,F,RJ
172eb8f0862d5d0c3286279d24b75545b2a1859382ef942f1c0b3715e498f836,1975.0,F,SP
4349a5393a0b54a32abd955e6d28e1becd8d9442b280909845fd0bd41242775d,1965.0,F,SP
1fa5642c8944b2eb5ba24ce13383be17cfea0d128333b0037115e09e565b8e5c,1998.0,F,SP
802cb5d14bb4574b2d3d8e6f2e047a0bf21ca8f43be5f8d2869778ba2dce2a60,1987.0,F,MG
c96cf5bc45a4112da72765d45cf7b81c75df63fc40ff124c3514d28b01c1c764,1985.0,M,PE
76c27142313ba49b0217f55dcb603d2751b07dbf11a2087c87f195429478d4b7,1991.0,F,MG
001e1feee6b3afc3e1857769d3c404b82e9bacf82266418bd373975208fb5ffc,1977.0,F,SP
088bf64b85c82fc0831680b51f280f10cb4813f7da8c7f50e292bc282efc3364,1990.0,M,SP
4cdc12a4b4ae2ec0b13f0b8d3ec13a77e0adc2ba56e521fc81f1a3cfb1d5cf8c,1994.0,M,SP
0d91ee4af408eaec5a8200b5dc718a2c317be679b1a3c76f391ca0938cf80c65,1972.0,F,SP
c20805f6b1e9f13732579c832c417f360cef20e288e7d60b86966052d2d96931,1987.0,F,RJ
b26cc93f995cc16e25d587457db5b0b2b015d60c5ba2e2cb91d9977734cf186e,1967.0,F,MG
470e0d1eaa61733a0b53d3453d4f321f6666732afac712adbb6ca0d530ebc147,1992.0,F,SP
c8ac05eff96a360cf05e49547c49f70b30aa970c6c1bc5a878bb598d1e3f72ed,1982.0,F,SP
35449ead3ff4c9f1d2ef1fff5803dc0bd7a54d4ba84b9bec15f5ca7ef4d402e9,1984.0,M,SP
3f1c2ceab46aaf5c2ea2ee8190c1b9e671127ba8990b259d5edf4d61468a87f6,1993.0,M,BA
69806c30d80e7a902e8f0576e3d773dce8811b5462ce81ce86a225418c33ab83,1980.0,M,MG
78c7725acf5a7dc7e22023a5064698f2130b485d891d2d21d4ad08108eef75af,1973.0,F,SP
2d51c52317ba8541823e9f4f7e65eecc322d4fdfcf7d16ba34a049a1568a146d,1988.0,M,RJ
9906106632cf85ca537bf6b1f86f6321e7afdb5c2017d3557464acaafe1b9029,1954.0,M,MG
372e4d91730bd172b67312b68fc1bae06fe6bea92b0f9200335bd40fabffdebc,1964.0,M,MS
b08ab26ba0a2d1c7eac9c51ac01fbd41d9a1444441b1290e5fbe7513847ff5b9,1981.0,F,SP
78d3501637f322bc95b219f92ef30571fbb93a915e2903eb6c57918ef9023a2c,1986.0,F,SP
00270bf4436334048e8dad52c61b1b0e010ec644a434fb6984e8a284f6026b3b,1976.0,F,RJ
d22b77659ffe2ba941e10de7db9efbb9e19a09fe990269d88a8707d346c006f7,1987.0,F,MG
6e2f4533de83b3d2392d16c21874120c331427f3fbfbd27848b912a39be39284,1981.0,F,SP
576ca5f04c86ae52579f456735bd8f471a57a8c4564077a9eebb722cfe21ce26,1989.0,F,SP
cc2c18e46fe449f357f8a0ebededc987b86c8a742fef7a5cb6308b16e68ec9a7,1987.0,F,RJ
9ec5ee7679552c543f4e5956d6dd7fb21f43f07cdcfc5b05c7d78f9a72af04c5,1955.0,M,SP
d99924cc879cd9eef7b2e4616ebe62cc24761e7961c40b1504bc89f32c65976b,1976.0,F,SP
d6c4318d632feac128eb39fcbddbdcfbeb9bdfc599c790475a25994ba6b2ed54,1990.0,F,RJ
81fb6e30bc28f8f7581c759636aa4ae5d773a7fc76ac6b6fccedc6d1ec906757,1978.0,F,DF
868f2ffa525a5f094585df38ecc349a901d9a06e2919cd2ab293064a7255ae4b,1979.0,F,SP
4da39d7bd4bd33d5e9dd51d2f54457c73115965dc71c0f372793b5bd067c67ec,1988.0,F,SP
944bdd244b8e76e1541e62cf920122ce7e77223fd5c4ca6d959d50a35c6900c7,1957.0,M,PR
e78728a91d01ad6e4061240ca47b9d2f31304f5464102b76352c8320ba98e465,,F,SP
4e347f7703ca990baf9a180bf0f91f878673621d1077059d4aa5146e49da5262,1969.0,F,SP
a35811e93f140d529b5c89019d1392752e5c9617071747e9462af2b8d4390dc2,1967.0,M,SP
400a21a89b822a2771916fee1f49bf2e5550d91321a1a2b4649d2e387f708580,1995.0,M,BA
78b3616339e6bb9e909f2ccf7946032499e72eca726bc48b4f652fff8a06c966,1952.0,F,SP
9c107dd6be3c3ea4e95a779167c7846be928a57dcddcb3bbf40a6d21d7ce905e,1995.0,F,MG
09316cb5f120cd244ea34eb7d1d8a2c8976a8983d02deccbbc426bea56c96ff3,1958.0,F,SP
683afc100c340697c5e3e43ad4ba0d22c84ce4dce328bce435e3632e4ae0fe0c,1984.0,F,SP
cd0a9481a99994f80e77518bfab42fa6643b7c1f00349934ea84d37781466d57,1974.0,M,RJ
00d2ca1d02fed6bc70ac4d5a788441ea4d254bbeefbf9502a3bbc1cb46362c14,1970.0,F,SP
b6cfcf8fcf17c95f4bbf70921ff5b3e877ea7717f529cf9c99a708e6d03e5514,1969.0,M,RJ
118c25d9278e048c0acfb271a620dc564f72aa463833f67ea16ec174642c6d69,1961.0,F,PE
5adcef286f4544dff857f495091575aa01dbd4f6a9c030e8d9a769970802de26,1987.0,F,MG
4c6de1d6003b6acac8308adf20a29327357500aa0662d8804f8e0c912df4defb,1981.0,M,RJ
68767974e6bc56b140d65472dd04af5439cbfe080f0dfb87c338dac4cd046f90,1965.0,F,RS
3805a1afbe54a05094bb65e6c07c39841b62b89f06cc58d1de29e1fa81adc5d0,1975.0,M,SP
c33300e664c264889497852974c1f5b2490a58ce8a9047b1d17d077ff21baa44,1994.0,F,MG
d4837552d9416b943f634ed4acf4c44b7fb3792b0a3a3c4f53389ae065a5caf0,1971.0,M,MG
dac7abdcdefbe3ecbd470c8b8016c8775e95a1762a690137d63304fb87dec808,1968.0,F,RJ
5cafbbeb216254d925494c6ab7d5d75d2e82f7bc083a99bb49b8061531e86f93,1983.0,M,SC
2257a3fef368daa354324997348ab89acefb2f58c1a15073e9660bd92de1bbb9,1997.0,F,MG
5e6c44a9bb28c92c658e8ed868a425eed1b84a50ae76cba60c35d89b8c6e4ec3,1960.0,F,PR
c69de12ca8dbc298b8387f27edbd59739c0787b274069decdcd886b93d859f02,1997.0,F,RJ
21165588b5cd44bd756defb6292d87146bedf9e921578edc14c9ab3ad7137e8c,1986.0,F,RJ
0a74874f85e473f0c3831a6a860a1e4a67256defdcd7864f650840630e8d0fad,1984.0,F,SP
c645e4a04ab7daf314e12020cd4b96d9cdb87d31adfbd42c47d320ca34a30349,1989.0,F,BA
9dd65662e29bfa5ed76ed0a777e9a61934579f28509f7d0d5242bdb826ede700,1984.0,F,MG
b922ec07b05e5a3a542078708693ea414ddbbb95b0b687116f11c8feb996e584,1992.0,F,MG
beea707a57e89458cb3b68051aefd1c927f2fc63813160c9844aed30eebdca8d,1998.0,M,SP
e9dd2cea6452edf6cc93169ddb2dd3e7de8a9fe014e5c85b118e988f8afab1a4,1985.0,M,RJ
316c93e413fe35f4125dade8b06691b6baf3358a1829fed9edfece97a075b8ca,1950.0,M,RJ
76d71ecc2b2f5fb7d2747e2233efdffb694256682aef453b889ece45f493d2f8,1974.0,F,PB
72e88af486ae09aa1e759d63a8a2e9276b6d22d77d4c574f31795e6f56a4b4a5,1992.0,F,RN
72df928399427e01675e78baa67b502427ef7e8c3f408cc7edccd407f5b8d564,1980.0,F,RJ
37dc04fd85d0cb50dc28b1b691e63d79d0e56d56c2e57a777554ebe7cbe76769,1980.0,M,SP
d55a676fb7e218bca0840567529ea9262cd95dcd53e9b10b24e89e06c6f00448,1985.0,F,SP
4f897c58f32e42507fe1e7cdbce96203eb8f11dd76c7ded205c1841aac6538d3,1967.0,F,SP
8ba7b207fd96d07b1f461b1edf7d68c832b96ff1353c0592adf9ad413c2b96da,1976.0,F,SP
056cbf72394e62f999614e8bca3993ffd767415780d036af60b13daf51c9b115,1984.0,F,PR
06598c0bfbc23c51251e729636e1ec0c6261301efd39b1915db7dc36842f2741,1966.0,M,PR
592b44d00373382abed537b464e326aded867cbd205af36582910ed562bb2c6a,1986.0,F,RJ
9333285eb96de462ae29768c3cd5b8a4919290e17689c7ff0ff7c822c41564b1,1983.0,M,SP
73aba2129f7b2c692c497f7d5e8ae446422b3a2717b080da2b877cefcb2dd57a,1987.0,F,SP
8cb74943772a10e5499e49e01b5c197dd571612dfedc83ce1efa6f1b977c851a,1973.0,M,RJ
2255bed70ef2c30ee507c0e24b9239fc3315c7b90d6dc558a34017d180d274be,1977.0,F,MG
f0e4d6cd04780a08198889503cdc1a257b098553ffdfd46b2b3db9cb0f27f1e7,1989.0,F,RJ
4660db2345c848411b73742f41937f50608a6d6d89002fe5975af84b64dc14af,1982.0,M,RN
8c50610a02fb61f3a0a27d01550ae66f6e9e97d1592259739056b6fbd34f27b4,1973.0,F,SP
db0f512364608947187f6085f16d15538476a1a33eacf59190c7e8b7b8063748,1986.0,F,SP
cabb7209345f2a35897a1432cb3a820cc9c672a340fdf6f5ccec573ca94776f8,1976.0,M,BA
a2fb75f27edfed3c2db7f1e5557a98bda861d3b8695c9e3dfc7774f8ce7e74a3,1986.0,M,RJ
2683b025d07fe517ae118f6e75665790a6e59a0cc350cbd0a32c085f6e4f2117,1981.0,F,MG
95efab9dcf6d764e304a1fb29f8c0928b5a84630a5f1d6b411b68f472308ec81,1991.0,F,SP
75327e9eef47f132a579bc5fa3601b80aacee632bb036a73cb6d0d4e3d34f1c4,1971.0,F,BA
cabe9044451e3dbc659ffe871742a4ab2500aee6c0b7feabb33fb0a76709632e,1989.0,M,SP
c68b801171706397d45d1495a891c39de2a38232c33a621fd59ac860f640fa69,1960.0,M,MG
09b19bd4b8c6fc437f9431fe7d074b9c10799ed78d3fc65c418c5f4cb0982114,1982.0,M,SP
8605331c29becd6326c9f5e4c55cd2b5a47f14f01f2c2f8cf1d16288090236ca,1973.0,F,SP
9c6ef6cea4e055175774bed10729ff817b054dd5b8bd2edf358e0052501c6311,1973.0,M,SP
617ad16bf20e2e71f260c5c7bb814675243ca8ca586105dfe280f1d5164ccf71,1968.0,F,SP
718efb9461a5e9893afd84b63b0b8c3e454cb423878c34f0f34c120727c2d34a,1972.0,F,MG
0c182dd458605574e49f5aedc0c4bf6d0cc8dab038a0f8bb45b4e13658ce5544,1967.0,F,GO
843004a94f0a4de0046b7251d1d0ada863e1db2c11a03611ecb85aac5cd3711f,1997.0,F,SP
9aaa4a4bb0f53a4945ade550adfcb32d7a5939d623635291e7ea2841f9173cb7,1952.0,F,MG
093ac0b668fff74e2944c61bd759432d89919fc1a3d09a123036a40366deccb0,1955.0,M,RJ
afb457fcaa456711c91396cec6bc601faa478a09c532d38de956a91f0db75ceb,1989.0,F,SP
9bf46cf122e23ca8960d4df7be34f17fe7f9686e3aa55ba3bbbbffad2826188f,1973.0,F,GO
287709d77619a2ef6d85b97654fe4236c776e475b91bb7235944bd0aec913470,1978.0,F,SC
86cb8476dc168020f71b4f377d01b609053a0545183060778d01bab145d5c32d,,F,SP
910c9473a29d64a3e2b84162ce3315c2b1223f82c84725d2f9b7ee3ba9800892,1976.0,F,PE
884145ba744732ad81247808d5817b4777c5c25d9a28bd9929273cf6a44fe56c,1979.0,M,SP
3202eaf00bab571d8ee8479380064d2fcbbf4f4e60bb84c01cc9c4360dcb5c87,1970.0,F,MG
253bad1c12a52c1465f19d4221f68eff5ad7e288d7d78e5705a83ffecdcb29f4,1960.0,F,SP
c39654f7e78afd6386f7acf7b56d7746ded9af024bb3aa65f27e9afcdbb8d777,1996.0,F,SP
cb15389de2c0723f10294b4e6a4e44a69c28f4513c9e67605010f5c272594a7f,1967.0,F,PR
3ef3c0e889cbf9db48e17dd8902282a7374282f6de85e45d4caa28e4c0cc854e,1964.0,M,MG
942b5bdfc088ed3d38a4083cf72386f36f3e328036704ab9f1f300434e49f4f5,1999.0,F,PR
8024a6b76117a83043d8c94a99389e4150a762a07a131ff514077515cc79158e,1987.0,F,SP
ba9bde8a254efce80d8390065823bdb14e807b5da6564a74c64fa95cdfcccd8c,1955.0,F,SP
266566d5769ede648737cc934c8a2dfbdcde33960fe17100cfef0248e017942e,1982.0,F,SP
1ef2e5d2fa4e462cbf723da462d5244aba3268729bdda679279f94288aa7a880,1992.0,M,SP
982ca9e0572756fb970c3c118a9f9f007cea79c65e3caf55111b1f2dfd3b3142,1992.0,F,SP
f888cc08de00e4ca4e35c1944408d7353b3b95990418888c9cd2358fada36e78,1992.0,F,MG
87f6c9d859e389bec44ef9c78dc7619c762dd4a56a7808a2bf26107b79e77128,1990.0,F,TO
ecba14b7821918c64414632ad3aa2b1c4939b61a3faa38465bef492ba8a2d7c8,1991.0,F,MT
00f1689f327982a3dab13e87cd3e2e3a97bae0e7acfa4547a3e899926843ef87,1982.0,F,SP
d7ef2c91788468ecfc177b2d021caf98d3f31df1b723ede9f400bad1cdc2bdab,1984.0,F,MG
3e1e91ffde30dc9a017fcf5361af04ce9a0b8e36d84613bdfe614b113ccdd76f,1970.0,F,MG
7992e844afc4c439e1d8c26972028decdaaa100f9e9b7ac35681f1fb970b34a2,1961.0,M,SP
bdb7a8d659c609ebe20fefa001a7f8d9093b880d72e23dd3f3496f7bbda1f144,1987.0,F,SP
72498beef98a4801c16183183cedf162eec4c250cdb3d271212dcb636e5e6e41,1957.0,F,RO
e4e1003a7c6085321f0a7523fa8c525328de87f86231aa751fc25a651fec2be4,1989.0,F,BA
21b1e12f1d3cd402f88e0fe4cd0e83691f8e6466c5c63a29db39d44bbbf895a8,1991.0,F,MG
e7879f092c73189decfc07ee322a8bbb8874a71017b4760d29020d29b296d23a,1962.0,F,RJ
b3d7bcdf2a5af80805577bd2effd16bbfcba1339a303a958b848a36d062e03b9,1986.0,M,MG
640d221a4300f834c5e1052596d7a698d2356fe0ba3d912aa1c035a8423c825f,1973.0,M,RJ
97afe2554a31ad79f86418709ccd7d61846ae449666e2ebd5b7ec22024f7644c,1959.0,F,RJ
dc921c4fb4c3d8fc14521977f40b0673f4bedccaf7a8f2b2708f5a41808b09ef,1966.0,F,PR
c42431576de32103dd992b192117fe6628e10e02f6e30796a7ebaaf001cff454,1975.0,M,SP
528caf0c1f3008cd39d9382861918ff335320f75f65d335b60bca46e83302046,1981.0,F,RS
990cc2fbeb754ad6861764e12b5b15ba398cf9c1a2a28058eeb368a910920fe3,1985.0,F,SP
85d5fbdefa4a893d2d34b7ceb5c923da2d0a3f1d3d3568433c8a0b3c8d126f85,1986.0,M,MG
87846f8b95e1e354b23a2093cf42587dd064c9c8b4c5e32abefc5cb514c9b6fd,1952.0,F,SP
6aacd368222060804292284cce8dc4cc90e49b33ff4e1a11ba89c3b230df67d4,1974.0,F,SP
a0bea4994d46a1dcced5ddcf999a0c484b78b81f8d06dc4d9ba19bfee9af086a,1986.0,F,MG
170bedee9a41a324c5db03558c456e67619e5359425a1dedc522103e87f84e8e,1983.0,F,DF
c720f302b1611229507f3b97ba646f9971caf46fc9fa6c74e8faf32a06e79db5,1984.0,F,RJ
3dc06a59c2ad3755f9f40477b25f656df7c470f809c24323578125253d919050,1978.0,M,SP
48004040ca836357985b00f65aca3b2d346f164a6f470659f5935685c1b97b43,1995.0,F,SP
cfae050b548fd26c1052bbe4d26961441a3a764df352dda628306546072d3935,1989.0,F,SP
47ba0de0e1b5484f1b3a206c0b8c73f02d01e2ed9e1658e0d60a590825c720c3,1968.0,F,SP
ada3a367aff1590a0a4fcc15206f72f4933684d187033dacc66ac69c1356f5a2,1997.0,F,SP
f7d28422d06d6329e1614b6c249c4688a05661c3caeb1d8a8301c51209683f83,1968.0,F,BA
03932c756ace97b340195dda97a253e5c6c25d4a4de4eb9ed41f53dbb2eacbe7,1954.0,F,SP
abeafc434d4d2c53c52013cd1f2054ffaf58f8dc541cbd1661451eb52a3705df,1993.0,F,MG
c5730f019181687e1a3b528e9628e5b05f549f2a21deb32775c5d80194d8a030,1989.0,F,DF
c1fbe0a27e331963a5dd86a5651a8b9dc638aa2302b9e13eb455056ab883fff4,1987.0,F,MG
bbd6d124042ea22d4169d5ce62759036857ab93b82cb6375d9cd77f4713f70da,1980.0,F,SP
fb136f45f2288275e9c2038299f5811a3cd83bb0c390c5743c17dec903336500,1969.0,M,SP
1213150527faff7403528091b2b0c23f6db865b268506791c99af83e2a820053,1998.0,F,BA
75b71338d9892f4b9fd3688cd555b074e24c9b76fe9ae929c7b820ca5feee42c,1977.0,F,RJ
b973988c3962358f9d5f25db0acfb41b9dcb4f3d396868374e0d9039134c22c9,1942.0,M,SP
9d33969a7d05d7ba162b66b56a9bd2ba9cd654ed43bac3a24e9da6473d61e9e9,1975.0,F,RJ
89a0074905e2d53a83d1023ddf350f485db15925e720a8a679ed82bcb9c37540,1973.0,M,SP
38cfff350232d810df74dfb5567f07a0a3ab37a840ae05257575271b45365020,1973.0,F,SP
b5c4fb8b18add5fcdc78ae53c2b1ac4a327ef52e3092ea902408dda0cc821fa0,2001.0,M,RS
738cfbe43a57212badf165eb2732de7b31c3006c51430921be78c44bdab8673f,1987.0,M,MG
4ef37b440b09f380a283432b6e02160a85c318ba0f80ad9b73eb4820059755b2,1983.0,F,RS
3e5766d7de57a1cafd5ed1d9d2d267bb09e9168faca1da763f7efb0df10254f6,1981.0,F,SP
8d9cbe0b37510db8222c1f6c7072ab3ead4c29b2337de51dc007d6482a3eabd2,1977.0,F,SP
9d4c9dd07db5c1b9df2864b42becf1769c56180494ea37d6a5567a0a1f5e31e5,1971.0,F,MG
7a1508a95fa01a967732bd574a286565b62bcf529c06ba0e06078b9d9ff5c840,1966.0,M,MG
45e0f6afabc4f87edb3de8c267867e5573a155e2ff1ed779720987ba6eed13c5,1958.0,F,SP
37d8f613ba67f0835aa00f590827c8595ae807b59b47b675ab2bb20aafa70ab6,1966.0,M,SP
dca6f594229ea25b40e069af3ad9dd08b0856ceb03f75f77b448b2efbc26186d,1987.0,M,SP
28cbc2dc7d27606396652ed51d0392fbb9752f57e1abd701f05fc0e527f2fc57,1982.0,M,SP
6d61f66c5a7188345a3149e000891a2e5a86053b3aa2e57e11f3ebaaec10c025,1995.0,F,RJ
8fcb8418e760513ce9eb2088b8cdc3989de185f9b9fa8c721ea039839705bf72,1966.0,M,ES
c8d78d454650038d40c9b27b83abd38f4ad82d1a11a96b5f38ff3b0fd3ebb5ae,,NOT INFORMED,NOT INFORMED
a93b2e812fafa7b8758a872457e44cfb0b6cbd29bf9d4e5d4584fbd39e2e8e5f,1964.0,F,SP
78bb8c2690ac0b9d0e5353284c8bdfd8e464ba4da66b2506ac6d8e514a6c40a2,1994.0,F,MG
75fdce97f63b56e7919c498828289fa5e5ba5ae2d5287052a1183a655813192c,1990.0,F,PR
46263fe9009c627352ed1ea4055af0758dd1c39d4373daabc6ad049067e5e046,1968.0,M,SP
5c5e2f72db6547399146b791d3ee983fc044acab65aae2c817dcd1c509044a04,1978.0,F,MG
68dcb5c4fe41292309284daa369012b5f342f9a6adc9e48d872246989dd5b146,1978.0,M,MG
385b6b0f962d64be61ac619cc0cb5634f8287cd6180f7c42a70cea7c11541878,1999.0,F,SP
f32efcebc6452b34940ac230a78addcfefc461c78d028a7b2e0381e60924c83b,1992.0,F,MG
4c071dc7e2a99fb30c3befddbe19b5c6d10f60b3d2c1d6953f7774226003f118,1992.0,M,SP
60c5e7f6546d45475a13b9434bb5097b9cb10a3ab155d5078e31c6699390e118,,NOT INFORMED,NOT INFORMED
dc91c92ceae5583d3b20d9594eaaadf07e267b8d00673482b11046ef135a96fa,1977.0,M,SP
183a00b9ed137a15e066a149f4cec00c176b469ab93e06bbcd251b87cd51d45a,1959.0,M,ES
8d36624b2bdd838feedd5ed15a89e4db3d864df53076523718b3cf2f9134ffa3,1948.0,F,RJ
b320af9a9397148983866a4cee245111e6c3e128e94580f0cfd2170177668e45,,NOT INFORMED,NOT INFORMED
8be6b2a507bd2098a419554eaab6cdaa8cc5406114546df3c210a56db1fca346,1994.0,M,SP
d0c01c3417ed24f89ed0e8b8283d83ee08544c05e23487b0ae61eacce21620fb,1986.0,F,SP
6001c6d030033ee36f97ddc76522f344a1cacde008d62ed6f01732929778f15d,1980.0,F,SP
eb09e369f9fb0bada0e81a63094ca8f4edf5aab71c75efdd84dd4ca74899579b,1991.0,M,RJ
7a3aef403a980fcb1a930ad7d3ba5742ffa27f0eb1386bce2fb80cd4b7128c38,1966.0,F,BA
a449d7f09cc7926e323fbb7d705b703f2033eef7a574bedd54efa8aaf790cdb9,1975.0,M,SP
22aa064b69a7085c8c8779cd01b4a1e5aca0b9f464dcf24ba51769c4098394b6,1985.0,M,RJ
5e60b9a90bb5d136805bef21602d9b24230f6d9b2ccfef56296a11f901facc94,1997.0,F,SP
616daa7861c0fa77c517e4806d2cfaaad7d69dc1349f340a07795eb704550c35,1992.0,F,SP
f19f2088a0a26b9b794276cc81fcce91483977ade7c0de9314e4061bc22f34c4,1979.0,M,SP
bf0183275536ac6e846f2ba967f7ffb81879ba812fb6737100c6e1939ca331fd,1996.0,F,RJ
9e441d8ae43c73b904e9adf793b0ca39d9b166a62506619cd0491e93e116fd13,1969.0,F,SP
8ea19be41737b66c774215dc4cda26d199be2c5369591ebc606d7b695e5de4f3,1987.0,M,MG
ab526f4d5f64985eb8a2fd4de219ab2c14580c1fb303fcec066d5fb6c7a9a92a,1994.0,F,RJ
e71c0d18b3b9295e5d80479f25ddfa1288f74312dc517874975191c5cb8947c3,1986.0,F,RJ
5d98ee45d969e80d867008f97c0b13485f2ad2538e6c7ec9837fdb2d511de91d,1995.0,M,SP
08185bfcb0c0424e332af2446f09eb117de10e760b91821c241f32b03de9a714,1979.0,M,SP
054155df7d8b5d7bff6c605a3761467edfcbb5ddf96c83d4520ac858deb442b5,1969.0,M,MG
ee2adea8a40649edfcc1b2a96260469f2c8eccc752ef68a2f208dc24dd4e0093,1990.0,M,RJ
06a404f4d0d554e97269f3093d97bfa4f21230929d89f7c20668d118647e3e85,1972.0,F,MT
42cf5587f6c2c4c2cd2b0ee2c50396d70a3515e5c1188ec71d2456a0e3e7a086,1952.0,M,RN
05c52da7b7ae5942a580ed9bcffe25f4831a800f4d3d663b4ef35fd1aa6946ea,1996.0,F,RS
93aaec8f46ebbd7f082f5d3e1813b48e282e183c0e33b36b53d6159ee68dd590,1978.0,F,ES
d5c0bbc4d7f68d0564499fed8a8d87ca31046221b5fe1ab38d4ec7b365cb11d6,1977.0,F,SP
0c867b38f76d3291e709e8cd1e5a5f006589ec76f84ee766cd73a8a8492077f2,1982.0,M,RJ
bed1453c2efbf4d952a70cbc0aad2c76536afefff90dd51d267bda0ca04e1288,1983.0,F,SP
7d29ceaf66e9fd288e675e56269462b2e70d12eab320ee018b066e6d9e59ac68,1993.0,F,SP
e76828a3c2da829b1ae87a4f8275fc87c7621b7a44a3eea7f048578afa245422,1977.0,M,PR
9922a033a3ed34a83d7cf3608b0e5fd6ae6f4b82f7f00014e79d245396621152,1982.0,M,MG
79cf308bb23c2180a5deb492fc6bbf6063883da296d74addf4eb9b0d1855fb8d,1962.0,M,PR
b4f48ee31964f58b618b846c53d6439c715eded0df4ca76d96a8ed37499e12ae,1996.0,F,SP
e6b1558880458b2fdc366f5feac0117b9e89e2ce10a5e99989cb36bbc3e5ece4,1977.0,M,PA
aefe2c28f17865971bd4c7a5504aa253a538fa3e9323defe05ad24356cc47145,1982.0,M,RN
417b37616aa93dfdaf65112c894efeff744da9df9ae83f79c29e106602e8e65e,1985.0,F,SP
62e87c9000d33ad27a17cb16412886b8fb98f070b9b8b75a2127d93fd9f46cf3,1960.0,M,SP
36a916688724913d64603766a5b1d6726b9afdb2221b2bf6e6d92fdcb146762d,1978.0,F,SP
d208943d8bc514c7916b5a5ee96f078c1b76ed250cfeaa1492d0ec8fa605e012,1978.0,F,DF
3cd184cdc8e8f02622aefa14a1970e7e35fdbfc1d6e71005d179ccf373ce8d55,1983.0,F,DF
4b73fef93b1d41b5542ceb915eca3128429722a4d13a958c76f44b871ed51246,1995.0,M,MG
2ec8bdfca512f676ac2e9b1ed03027d32d813746f2de5a3672d1945618c0b02d,1991.0,F,SP
27b8bfb50255c735a4e49cbf0630dd74115e47ba768d7fba106fb8cbbea27722,1995.0,F,SP
808dd287a7225968449738ed6a12a3810abdced1c91e77d43e6378f12cc3d813,1970.0,M,ES
89cf97e116d2db563a96d8fd3d2c516940e26e819d199fa9140684dce974a9ca,1958.0,F,MG
c28d296afb375a4688553bd50a0bc3bc4eea602c736d230878f7d3e5467217d7,1991.0,F,RN
f19229c745ef203393425d3f09e32af97cdd7ef0f68b28729dc77470da274d70,1977.0,F,SP
db92e3033584960a1f286e4696f5dbb93b49b9352db1d7d16d0bfd55c651392d,1990.0,M,RJ
04366ef0b445a692b0422aa4c5a3f7cb238bd82476c6b526afaa960247b53eed,1961.0,M,SP
58c2b93e63fb490d6d0db3eae486d7b85042405c147ecb88b5932a46271655a1,1983.0,M,PR
48c3a56c041e6a031749d9b529f2f53d9b64fe269fccb6d2d2a5555d2fe0ca21,1972.0,F,SP
9fcaa4e143050c7a15aec8124a91c2f6ef20a89b0038419c616092a2fc72f0b4,1988.0,F,SP
615c9dbf8d8520a810ffb89e9213bf91098e95f55523c1a35ab58f7782cfc16d,1995.0,F,AC
6192e4e522ac0d40100d4569101694ad27e511a54090fa27065d7715bc2bc2a6,1969.0,F,SP
ffced6fa9094996b5867a432168ad9b7625b1c24a5ae753dbdf442e08bdaaafb,1994.0,F,SP
a52add4acb51711702cff4cb34acf1405ab37acc2ef0836b6729fb3b2ca25746,1982.0,F,SP
a41f126f735ec4a6fabacc29910d81297356fbcdfce3b4c208a1b08302e54ecf,1985.0,M,RJ
7d4db83cce4ff20f2361ade2c5377d8f5718d45f9af6a24c9216c5f0df312f35,1994.0,F,SP
52f34bd287c4c5080336d53beca020fed71322e27631ac60f3f6a31f66629b40,1997.0,F,GO
674d817a410d953a717a3e169bca5f5acb8cc570280ce188fa5ca26a0381571c,1985.0,F,DF
0386117b979644c67fdb8fbc88b9c6f45ce14041b3dc3366d38ecf6f001947c8,1981.0,F,SP
04dcb763266853e4f441f2918f5a2fd0b729f13b20543bd7e7c1360bfd1f3927,1974.0,M,PR
1b8590a449b177c8fe62ca524e1c8f605a0f95ba007141114ff81157e985bed0,1982.0,F,RJ
6ae1cc15763bca733852a2d8de2ba2bac750942fb8a8d78797cd38961f63b3e9,1956.0,M,GO
849a5b0f7d0c29cbca27a2265170e268c50e1bfdd2bc5bb97a82ccf8958dfb89,1995.0,F,SC
cc901026434bce034326c65bcee8dbfaae0656fdbfcb069846a09a03306fded5,1964.0,F,SP
0d083bb950352e0eb29c53f6954608aea05bbb11787ccb92ba4e3d734de77cc6,1989.0,M,PR
b3b16dfa4a723cda0c004d395b14e38a20f720a24739fb5685d8e547512312f6,1981.0,F,MG
0b9a0422c9374b8dd3e667da825f1efa7f4a0510df548a7eef5203b73e668beb,1951.0,M,SP
209ddb4d28eca1e9f4e1957f7c7e7e35c578e72f4a8c772b4acd9ada98674170,1979.0,F,SP
d5021520aa4d52a86ebceefd2ec8ad698a5715af26ff6fe816160d26ddbe60e7,1984.0,F,TO
007a1461f32f6d9e366bff37e6132f6ab3afe48bb2279d67e1e4c9b80e78c265,1995.0,F,MG
1c0d98f0bdbdd1d3d34b321dba8aa04384ebed942b58517b836d467cba59be88,1971.0,F,MG
3dd83c6af3f194fac10021780aa813bd105d56ea1705f43ba837b4759c2e1198,1986.0,M,PA
20fd942f5f885a32401f279c7fefa7cc950cca3c16f34ad4ac0ae7f3f396368c,1955.0,F,BA
dd080d62913d7b5351a98fd83efc46e3c2a952992abd615207cf5253819dbadb,1977.0,F,MG
3967d30903bd3b042d88aefdca6a1f0530c7e7b19e0c130e4d9a9d9211eb7cf3,1985.0,F,MG
5d18673007038697ffa78939b388a286453ef562bb842b98fdaec83da33c7f3c,1969.0,M,SP
aff545efeea194f69ee1803b967816d2b9e8b77ceb4a290193a281a00b010f3c,1944.0,F,BA
35e7b90228f88ff90b8d13d76e442f34cc9e05e50e3a3a68fc9a8ce59f02ac4b,1986.0,F,SP
8b1ccf560db884b8c06a44069db2f2bfd3a3e2aef05ba800fdcb3c2dae885818,1982.0,F,RS
7218a37cce0d8607a47cb359fd9732b410ab77cf7d19c7d9ec4706bb1c1a7cad,1976.0,F,MG
7f6360d0811b935098b6b54cde630ed43bba6a699f553f3b65e08cd37b37dccd,1988.0,F,RS
db67b75a31c7b83ae5062e7e38bd7c744218ec7e5bfb5d53981d0bd283bf6e56,1979.0,F,RJ
6fe5d75d085aec3aa4225aef7e9212e42b8975737ce029113b28d130e4638124,,NOT INFORMED,NOT INFORMED
0fcaba47a9ba392a2fc679287a6f53dd3851a551e617530cc1041ab160e0a613,1971.0,F,RJ
a5a154d6d6009f9d4fdbf3b126bcd3064716f23761343596b9e7ecf98572f621,1980.0,F,BA
b66a6a2adae0c37bb389003887d53c841fcacf60c349ef66c847c139f7dd4424,,M,SP
2659036f0ca44801c5b8cd9eae6b1828ba192d216c43d6e994170aa9ce74e2e4,1980.0,M,SP
5f3799eadd5608a507500317a143fe32e2270073451bbf68007d4b10f25de9a7,1990.0,F,RS
b2a55ff741577bf426ab20babe9b6f7b5847bcc9a2db01786a1c321e119283fb,1980.0,F,SP
d3af2c3a1c813c502f39e0ddffe815d5f7e37054e2fba91bbe6a1a22c2cb9d52,1962.0,F,SP
569f9f80934eb0d97f16894f07256ffbe880c3930b6dac9c0f8bb51618b921eb,1995.0,F,MG
2e346a38291e210800f6fba808f7ca6abfaf5e889233b86fe0c0aac53aa16e02,1981.0,F,RJ
9a70fb0b6fc4aa4bb3f97348ba3791d8b92add917dd0487b769fdda4625ad80c,1984.0,M,SP
a83aa47095050a89d18204c3459737ce3af4ac45d0d8b8e240ca1727d1977115,1958.0,F,PR
fe3537830102655f55ee6443eb28beaaac34110827d66c937e862101f60b377f,1965.0,M,SC
004e7ed1619705eb76a86aa260b4a6c026493ea70eb0d25a31a6c7ecc009e4a9,1984.0,M,SC
e5426ae2a0381271f7593d3541450190e188e2263fac7150e400db17df1f1e6b,1988.0,F,RJ
dc7781d261e88785a4e06bcaa8800bc20790c3012a761253379263b653d954b3,1990.0,F,SP
df2a013a68ea706fea479630d80d076f6e8ac8121d0e5307184d98238fc29a51,,M,DF
491f25a0de763214a95260bb8dcbf27ba44f1e95b47dfad2b8895fd48f156653,1949.0,F,SP
6ee30ca10b20ad601c7b8a8d92fdabdae3a7b6e8657a87afd606a08e67483d1a,1974.0,M,SP
0f8c1cb0d1dd6a172d757a4a231bd86fb5806547e73bd7bc85b7a9bdd3c8c086,1987.0,F,SP
1f664f0eafa3f0f62ccd01516be341274132ac9246e9c3b8544dae6f43ae7cce,1987.0,F,RJ
86ad342b13a875b2d14b2937874d4e4c3348510feffc31b1b42598a5794b87f0,1976.0,M,SC
3fb7ce511eeb31b71b30cc1097ed4b087c0f2fb160d64e0c656dffc806810439,1958.0,F,RJ
0be8ed81fc3a47ecc53f2a4eaa836f7d11726e65b56b193997836d8e68d931a3,1964.0,F,BA
7f1bd15c6e99d4de67e2ba61e5fb7c6358aa7fde5efa11f8363662702471af99,1997.0,M,MA
0bdc3817a8a1b06cf4336cf50cde0b8ee10ebf315ce18dce101e002fe010e3e4,1996.0,F,SP
2dbdb8650a8a43754ddda97179fb865e9055eb6e3c0bcc772a9da96ca24274d5,1961.0,M,RJ
3bdb06abe21ffe4454413a1c7fcf4f70bc00cf6b12ebd678d78811eadc914b64,1967.0,M,GO
ddee3eae8a90b70b2e0214d158b6f036346f94f261a88a7f4f83d2b6fef62331,1982.0,F,SP
335b5f2a28e51aee83cd238a705b9b00329d0e1434116da0c57432ced7cd800e,1991.0,F,RJ
eea6704082758dd2cc569db4890584bfb4fc850f71b910b1a906a6f8cc5f3602,1998.0,F,PR
00ba4244893b7ab2352d7500abc75f75fffa9e807a160ecbd40648dd65ba5f08,1970.0,M,SP
8ae68b618d7b095c07e06a3c32230fa461595d39171c928f137a82544c542fe9,1991.0,F,SP
b76f8b62bb2e3d81576e3657da2c4c989a4c1d472216c83de8de4385efa3b85b,1987.0,M,BA
fb123a24e99f3ec8bca05c05080319f02b64161558b1fb5d7c27a8f486d7dd5c,1959.0,M,SC
0032bdd99943944d24ab4499e5009b5ff63c17a48f35c545e13b936b159fcfe3,1991.0,F,CE
ab4a3bd1c910aa0fd6644f69e0be916e3e340956ec489bec0f628d2bc4f82a7c,1976.0,M,CE
227e3b6137d9dc31f58122974532aea9cf8487d45d8f70f9ec58a0057001112f,1979.0,F,SP
9713e8d6b24dffc1e20d785e4eb33c7583e087f44d3b846d2b2515d75c1619fd,1978.0,F,SP
ffafae737a2ed11cf7f8d2e15879fdc42dce210241febc8460589fcfef86410f,1973.0,F,MG
374230420e221e7b35fdb9e758414c014eb45bb02b07d1a62b8ac1043632d55d,1985.0,F,SP
39819354fc4b556dee6393e033513bf01aaa2e104a17cc4d8a4a7bd0b9184d45,1982.0,F,RJ
ca178a1dc9b8e447f00d8eb1c5e8af40cc63697a850856028f2e1dee87a9f1b7,1986.0,F,RS
7bfda57f7b7defaf4ae35a757b79fb85d046c88f899bed0075957fd2b0b00611,,F,MG
f1f8b69f2d963803062d7b2e82582ccd563642d97030d12089ab233e5449e57f,1956.0,M,SP
0973d0b18c8a622b0e5a850874424ab43157252f5f95b925dc63bf71d20c2bc6,1980.0,F,SP
e7e0a161ab0a16f995953f633af0d0709c476211f2162d26faa34441c777952d,1993.0,F,SP
299630df9d814dfd8e53e5e14b10bd50deb5a53a32f8e936e4a0a2f6d7fa2120,1972.0,F,SC
297d9e952e2f7c53d9257ecbdd24a607b7be3d017029f42f22b8b02235074482,1977.0,F,SP
9d8be8914ff327c501c6621bc84dde0a7b41d07c481838b4f3bee261f51687f0,1989.0,M,RJ
0d76f740f9591dfdf3df0e60a7cf09b80c238e61649275f784bd62ef516cae5e,1943.0,M,MG
b86d7a90eea46037a8be767c554cb3867eb3fad4cdd151f4bb3012d11ad75465,1968.0,F,SP
2f7b764e5a1162b55ac60425219be2ef8a0f082cc366ddd72b290440737cf483,1974.0,F,SP
7f67599cff05a43d69a25847b69e75bbebfa7cdadbba4b81e4a47fcb0b7283fb,1992.0,F,SP
08b7c8b43fe8c93f67a42b05293b69def76e9ecd7614c36fdb005a0b6219ee0a,1985.0,F,SC
7d39c83ccd4df2109e4f889b00a0f8e6e1d7dc9f7ada13b75a437625d91df7a5,1974.0,F,RJ
b0e4293639d2daaa739cc73d9b2db65e5f81c4379e965ac7f8e899594f1b0033,1968.0,M,MG
8c5b9fe90ea3743528c97b68ddd20e888e97578bc2a042b86548c0d6f6ea2a02,1999.0,M,SP
71cdad3c17e2eaedc454e296abbb25b182292b8b9372805f26459493923badb4,1995.0,F,SP
b5965e4b3b16b51d2ca4ba49688206e419e2e48acfd062b03fe453d27fdd866b,1984.0,F,PR
645daec4fedd5e503ec4af215a77a67593c91182ebceb823ea43ae900cdf7299,1971.0,F,MG
ad19cee848cced80d33f21111583bcfc6e251faee971c4dfecf73fa22521967e,1975.0,F,SP
fab12f6b439f159d93d6b939a427a091c9744a10f63e9ad98e8a66580731f4de,1997.0,F,CE
94510c4d33820bd714efc57d3962c0dff9d8218c7779c82e2c48ae82bdab2523,2000.0,F,ES
94c9dabc1c77014afe3fbbcfe3b16204a0cace57195a6c5fab00a617a0d098d9,1963.0,F,SP
a63cc39e47f6242d7b726aa774f16c9d7587dda1662378054312dfeb3d7cae3d,1980.0,F,SP
312fe20a8c72cfa850d7bf9860b054fa2b4edc09b56493f6f3f0184aaebe8165,1959.0,F,MG
4ee5ad2dd22a5843f19d3595bf9d5dff6ce8971b4b0e501c5c19ea30f830bec2,1980.0,M,RS
fb8844617f0521d8c2824ce2cbe451bab9bc9eddd01912eae84e483f9a3f5f58,1997.0,M,ES
13615a4892b113190dba801e1611e87f9730a272af5bd2700416d6809cb8124e,1963.0,F,SP
78890ff02f510748f31e143f39fefed127ac170d00c4395f50c86e67474fd1a9,1979.0,F,SP
0d00958b3a20d6d5e7ada1b41ce965b40b56fb0aa51c849fc80fb00366022406,1929.0,M,RJ
b6ea14a09b63b8d0d37b8e931a4bc3ad1e6dd7f363cd4d9008d89e78b61a67db,1965.0,F,RJ
eb7ecf86f005817e612b7a0bf0bf4386f12022d93ec301a3c5a248e592325461,1989.0,M,SP
b3014ae1aa88ac6e76972411257a1866ffa0396f8052576b7ea2c8618d886e97,,F,RS
c81df0e98cd7dba8d7df577817753910a13a03e620dbbc160b8d8edd3005f7de,1966.0,M,SP
5aa14673ecab8b6343f522c8c5355c3c281773fbf6003380c0d48ff7e7b5fac6,1986.0,F,SP
7b9c44200e142b8501b89cc33e359ad11c4d2f9770ebcedb66e30235d2eca4b7,1992.0,F,SP
dbd5ec43699bfa5b6fb2267f2de9e16f5bdd01ca1f8bf176a032b646253b9ae7,1971.0,F,SP
dab946c9fea816590dd8ec99ae46db353bf0678d95c8c107c5ebb2a2b31b13d1,1994.0,M,PR
f669c83fac59f5283c9af91b46c6798f086e996656c1de1422a90beec436c0b0,1969.0,F,SP
82042e065dc98595f6ba4cca9c8cd6aafa06c000f43f409076777551cae0c28a,1986.0,F,PR
0b97fbb75b4f85b73e80c187d764a10e4ff99bb2514c5ac56445fd07f0a3dde0,1996.0,F,RJ
3936f6f35c4c81014c28869ae23384371948c160bbc23940f170cc882b73805f,1982.0,M,RN
b1e866901cdc654cf2dbf3c3cbc4abc0406a5f434f68f0f9144d84414fbb299c,1984.0,F,SP
ece8df60ebf2cbe3a44afb31ec079ddfdb9b338f95cd1bad2d0b9700cd4ae36c,1962.0,M,MG
36fcfcd0d784e05fb26d975593ea8232fe0cccb1e93142c0e122f3524ac770fe,1972.0,F,DF
479867ff7f9ba9b660761659ce9d399b6e60c574a19c6f0c51d62d788edf8a89,1987.0,F,SP
d9cf8d85b989d29fbaa38dface2e0d799debfa69a62679a9b1194df12cf762fd,1988.0,F,MG
d5ad23bca0a713b743e3f41dbcc3bc7aba840dfffe3e6ccc25cc95490e056dd1,1978.0,M,CE
e34ff33ff09e079bb457d4aed290f4a61e3bd4028b231937960b3f5ce03a10c1,1983.0,F,SP
6fd4dc34fe8fbc7a423d88b790dee704a0e5aa292bd352bb30fe9cf9fb1c2d31,1992.0,F,SP
bf71c8934e3a6df9db8df4a953332d7517fe46888772d3846eb000d7cae696ae,1974.0,M,SP
ae0aaa5684ef65d318f79ea426055c88843ca85e837a7987d01616e34f14ed89,1987.0,M,SP
9eb542cefe52a0acc61b7c4993897931e816d195d6f0e2a0e6d53c386a9437c7,1965.0,F,SP
9efeb5587ca951c807e884861fe87fab69497cfd29375719e91b97eb4f327fac,1977.0,M,SP
daf36568d9da88c141b3ba05bfd463f948de97fa74d7a79177468305aa31eb1e,1975.0,M,SC
8407a4abbf76032079d96e1a0fdcaa728b0cddf900bb5e6bc47a863a9156ff68,1977.0,F,SP
820d0684c2c0fb88f89e79f68d3fcb5b2c2221738f7a0b0cb0de0b65f1ef78a6,1982.0,F,RS
3727a702f3bab9a0b9ab321eae69c6fb8860a499c9ebc22a66c0a28e42a8ccd7,1983.0,F,GO
34b9700f9c5df4aedc1e381a5cf13f3f1f85c7cb74d0c24ed9f7a75d6dd466eb,1974.0,F,BA
e0107f1bea2d21ead0c51f6aa1f7397aa1fd14e4c5f737c2524019d87207837f,1984.0,M,SC
2f44c0c3436504c56eccf8c9def4358e5e4dc49a3a7110028f511436b80c8d08,1991.0,F,RJ
3941c3bd706976bfd62b61ef8b1e029980a9b01e1d913ae455e56e0c35086289,1983.0,M,SP
1b7a3a665bfb0704dd9698c87c7bb5ce4ac541e40dffc6748000b32b9cd2e461,1973.0,F,SP
981e7500fa158172c8b554117f61033d56f5a8e2b127a920fe2e41ca284dd806,1994.0,F,RJ
ff1817fa3a3575d265299ea2c931a1eeeb3ab786a420eb1533435313677dedae,1984.0,M,SP
c3e695945e27c69ccf807736ff02a655510f90ddc362e9a65cc7d361afb53cbb,1993.0,F,SP
0900bc920e6ca3a6fad7546ce154870c177e3b7fd079011ae8c7e104959b5bdd,1948.0,F,DF
ac2af488eb02c2da083bb9ecb056bd9f60b62f27fb03d3af5f976465eb84d1d0,1974.0,F,ES
e4ad6754ba0bc37879367fc0e9855c3adcb70f892df36b9cacbe3a7efa63207f,1975.0,F,SP
f8a3402ccc8b748c4e41026d74bbd0c86494e01b28650ae0f8659dcca7fff999,1985.0,M,PR
97c25a7fe60ab729b8ef1bf8767c64c9ed2f98be991395408d4a50f636bdf545,1981.0,M,PB
321ecd445f3141c27fcf2d95ccc9c8239cb22b696e7e0bea190db5da5c890c41,1980.0,F,SP
3cafb2557fbe9657401fccc7265887a3121968ea0547b43582e5bb3ec1535fd3,1990.0,NOT INFORMED,RJ
c9c2d386d1a2051aac33507ac9f0beaaa904a11d415959e32fe024ca357c51ef,1950.0,M,RJ
b49e7dcc0351b49785e0f669d3aa0ed3bf0a051a634911a21f7646ec924c1e81,1983.0,F,RJ
f824292f9d65172f1f55bc2d2540bf9feae616bdffa22d51fc70c025b4031f8b,1964.0,F,SP
c9643bc4301e1bd8c0a3ab37ecddc76cfa8fedff9a9549fd3fd0c61366d3b8bb,1973.0,F,SP
dd252538ad99eabf933d21c0a70ae71c38a0e246c0b4422cdbd4ba3cb562de2a,1990.0,M,DF
cdd20e0dc9cb9670ccb6a9894b6ae11c3b004cb18ddc69f1a8b969ce1eed1aa7,1991.0,F,SP
acbf35d690890543eb6f2c8157aaec9758cde13d349495faaefd5ac12291c036,1995.0,M,SC
b4fadeaf3ff63465900cac41b103aca419166f40de46679219717fb2d613379a,1989.0,F,MG
7e0054a4490bb5fb9a717f747077bf394ce60f94893ef55d22be7346da715fd1,1992.0,F,SP
a9db868f5d8f81a74ee9196bba81ef2cf9467a8609f748157621654bcb9b2b55,1986.0,F,PI
84ef068ac80807d678bb0bbce7f88a0f35c0b5eb57e5e5e361a24aacf8675566,1974.0,F,SP
4669f9cee17fe5c7b3b00bb6beee1b6babb3b39ff09437dcb232c1cb292cbb1d,1992.0,F,SP
0de3d705838255fe6833253b7b0ce014eff181a800e21deb13db8edbf976afa0,1961.0,F,DF
2f2f26af6c2747aa5d977c7a3bf0dc71ca8217b9325cfdc2f788f6cb3b3e0e11,1985.0,M,RJ
e71bd54ba20b586970314ec6b419f859bb2f22de814b81ba8ea909712e44a632,1988.0,F,RS
b7ed2fab3b6c3f583503c173f746f787db6404b5f3d587475baa2e9e8556ec55,,F,SC
1bd12ddb8ecb790cb8879af4a0611b27649c03acb0c0bc873ef367d65e6124ea,1978.0,F,SP
52346299de7242427a1437d9e19ed4e0d6bf21b795935954dc99d2323d5387a4,,M,DF
82c61274d7c95ac42e8f805d9ed407f8b2090ed8e396fa1189739788d3aa5c12,1955.0,M,SP
b047acbeca9ceb6d393659d68e8452f20eb2df3eaca101a14d26c71dda763bfa,2000.0,F,PB
fe8b65db51efd0d91feda62f5ddb9cb5df9e0d438558367627b27250acfe41db,1986.0,F,MG
07beedaf16f575ca4d6c3f28ab55c7e53337e31d191921ba99862670e0e2cb93,1998.0,F,SP
a4285ecd2cd8c4bdff7ab149a9c27a3c8a5509423d0e5ec4ad67ec20952142c7,1990.0,F,RS
3409dc757109244ef4d377034d2125b9a2be4dd531fb63186e46646397aa6081,1980.0,M,MG
bdfebeec5261abaa949c944a17ea7b38bd7807c4fd2ea283f0189f528b42c490,1942.0,M,RJ
6313225488043d3ceac3754ce82581448f530ef8171b0a3a214e0a2665a23381,,NOT INFORMED,NOT INFORMED
6b30efa6e437dec1cc5fd6f237ebdd4513a427f0b3d0b5cdb6f55250b0f8947f,1995.0,F,SP
ffdfdf4a3e344d9cd2711a208fb39ca57f13488c2f2a863bcf6e9bea04f0732a,1977.0,F,SP
b8dd5358111761ac74d874ec046dd0d683057756f6d649e08e33995ab15dedf4,1954.0,F,MT
a20fd7e80f2269bce1efebc01d1a5b5f165144bd4402112bbf7cd7bd0c9afed7,1986.0,F,SP
2894e82506caa061519b69677e37b603ad6543093286c3cb0fdc0d9ae20663dc,1981.0,F,SP
a14d4d2b92e40985909db1e78e6f173819e51a448f61170a918287d1843c1ffd,1980.0,F,RJ
5d2e8b9006edfffec5b3c43d72a75160ce20b5d2e13cfc9d2b76f3e98a9d02e7,1980.0,F,RJ
3b41ae314fe3397f966107542f8520e1697643e0545e6f3658315231ea813e11,1979.0,F,SP
56ce214f1b35c4e61fa10fedc43f37813a15385c4b88bf17d7677816f074d2e8,1977.0,F,GO
25719aba486b791ec0fdacd1362a809c27b64b120c05c460804e284bd4309a0a,1946.0,M,SP
3ff3a4aa388421d64dc2064cb94e3de2ee4dca4c477d3ce93abed9203f05a3fc,1977.0,F,SP
d69bc2e2d56d80137a28332880d5b79530aa9070869933473c12324b8279e098,1976.0,M,SC
dc5bb8b0f57f70dceafe05fbbaec220e014d3923b526f5bb42d17a4558aa272f,1990.0,F,SP
ba90454d873d1aca0ca7560111195901040d34d885df2c96e659df03d9ab7497,1976.0,M,DF
46228405b76bd6dc25694c1afe031ba4a199b21ed3aecb1069d3abfcb27c8e23,1992.0,F,MG
0420916576913583ff5215f5f78b4e8e16d59bbe163d3f1301695aefd01e3fcc,1982.0,F,RJ
95d001068e0937ee103d38b00199f7bbaecc7feb368bce2695bd43bbeb1e0bae,1974.0,M,MG
279d5af7b2ef71b638a2c11e4a9ccb52a00f35ed163e9dfa2b361a997ac5e814,1995.0,M,SP
cce2a2c60e948905bae4ceac6d77209d337e9e4eb90f7089a415abba7876d8ed,1993.0,F,CE
af0a79ea7f2fcafa1054da648ed0cd9992e80a21ba1fb75610e0e0b8227764ed,1953.0,M,SP
d307d535b1bf4e170ca32f8d6c0713b9fa0004131acb0942ef4be7a9cc1755a9,1983.0,M,MG
c6c0b13644e47697e2cb2b32e2139635584c1bdd9d58445c42fb5b0d27de03c5,1984.0,F,SP
7d868710bbe941bfb74f2e511d2ec6b0308e18191f58c9f4cbc4aa0ae2bc1c0e,1964.0,M,SP
769ff1fe0a891d0b51b88d68ac31df8ac259d403b8036248eb439e281e0d7e3f,1963.0,F,RJ
35b6d79603a4d933fd8f0f7f425b2ccab5715d90ef1f4ae2361e9f68a15b0245,1971.0,M,SP
3051aaebbbbd763a92d5d3289c5fd9b6ca031ce3da44f6e0c72ce1eb91e33bbd,1995.0,F,MG
7c52254458e7ee157d258ced1cfdeb0854f99b7d1687f87f398cec1131b8ff3c,1968.0,F,SP
0d67e261b8665bf8de09d62d77aa20379b7ee4a0b4f6dc47e9ac66b8f90c4b70,1986.0,M,BA
712f100eba6412fc6f14ba87d28d9cd391aadf9d297e9223c4dcfb0c63c1395a,,NOT INFORMED,NOT INFORMED
820c16ef3b3e7cf003b9a0c8673252aa29e78c8126e79b60af1eab654090536d,1996.0,F,CE
e4e6716e76748e5cefcfabde043402f854556c831de03ffb74e0f4b0fd168b95,1978.0,F,GO
07f21401b88831557e4a8a10aba80c96718a28625b21211901e44c1617aae8c9,1981.0,F,MG
049bc9df7aa2876b0832138d1ec0c587a47f88bc25455d162246a9dbedd131a1,1963.0,F,SP
ff4abaa341223219605add243b4ce135189351cf5c45ed7a1418fbe81ce563b0,1990.0,F,RJ
a2c91688d9daca510be536498456df334dffe68ad9a2c5337fe68f861a8fa5a4,1989.0,M,SP
437ecb9b3ae604ed88ed0b6fa8e7b277c56c33ebd3354be4eec3f9ee7ac31231,1979.0,F,RJ
f72235b592317273c8daee1d69ffea66649b59caa8bd32822141e378d61141a7,1986.0,F,RS
2d5142d60c3e0b9030250892003cbb636fa313dde46ddc434a4c7fffa77494ff,1987.0,F,RS
8ce93aae44bb5a9a56a5306486ff1d9e5edc5c133269ab69f269e688bec48769,1991.0,M,SP
f2fcc0d4588cf603b81e5797713bcb53ad89eb8cfaa0391c94c780201edfd163,1973.0,F,RJ
a37caa0b7ee6be26a1fb579c886d6212f2590859d3fd9316af05718e7b6fbcf4,1982.0,F,SP
56557a32f6eceff2883df78792147750bb9bf9bf8d612edad2357a28ee47e0d0,1961.0,F,MG
ab3639c3441be1bd80fa0d56d87514087b172a803d91137d6d10dc21e3d2c27b,1981.0,F,DF
8b8ccd90fc0fefb3fd94b0a65fd51b64a57b37e38a21ab8bbfcb5659c4526e60,1980.0,F,SP
7d3a86142bb856b4ace8e2dc45b5dcbe71cb80f9298504d8e94be523f0cd05cb,1986.0,F,SP
7e1aa72a37566289e1de7f67b0a390e62e454a264b35fe7937b22909b814c695,1973.0,F,RJ
818b0fd8d722a3670e5e2ec19496d16bc6db26f1aaa3b21ec3fd36aa9650d010,1991.0,F,SP
38fd7520299e0a41b2c1e3a68d5e1b8d4fedb1721353a77b9c2fb126cc7c32e4,1998.0,F,PA
ee3edeef370ab2a3cd18f308f7a8333f62884652acea9ca779cc60ae36aeef4b,1979.0,F,SP
23c5265023845013c9dde39abace6cc6a10ea14e32d532f1a03467d07418c180,1969.0,F,RJ
6a3932fb7d07d779705905368a4415c780bafbf0142ab6499e2c997c53e68bbb,1987.0,F,SP
c20d605e19705a13ffe1184561a39d2cb4d0b5a2de279780f034cb1e933580d1,1989.0,M,CE
febc5b680e2975f203dc488e626b8ffb401b8f7f6e69d1e0e5e6e38280747b96,1994.0,F,MG
61dfc71e74ad006fff62998c7e711a60d68f4456395af4665c9533118f5b308f,1958.0,M,RJ
779e235dfd6f5e086e224a6c85b7730695ea88fd2ff386af3e830acf18a090e0,1980.0,F,SP
b3b90cd09505b1507ee3ffd1d7a10faf7c113ddf16d99dd0b097c594a91b8342,1987.0,F,MG
97f1512810b2b2510fc1e87a7b2bdaff7e2889389edd3f35a51fa01c0d296963,1963.0,F,SP
d10a6fce66816e7f025f385f84e97cdba0e47b1ee3069fff7d6cd7a8f9427fac,1970.0,F,BA
e114dde5708538f492797d78cb2db1ad4fcbc41ec5c5ce8f00e0d5d01f7f415d,1979.0,F,RJ
2269942de650bf378bff83ac5220672d70e1c8fd100dee41b20f74468822560e,1993.0,F,MG
5513b696d07d8c6f625a22824597348ec88a68fc5efe1027ef464ff186a666f0,1984.0,F,SE
375ec3bff7e4863364b5e617e96cc70ee3e1a3eb3a1733b0bc23676785faf29e,1974.0,M,MG
a89cb2cb978b1346985914fbd6423b538ff1da012e434c6a10cae570085b6661,1988.0,M,PE
fdb59eeeabb586770bf4cc8321eacdf72418296f25ef5b0d58dc6d5a234e1da4,1976.0,F,PE
04a1c356f4f125a8d22270b5a9d741cc630a42463c6e7ca7c983a3613ecf22e9,1992.0,F,MG
d3ebd8b63645e71c23ae05de13ae669e22928b029ced5f57d13c8c9531be21ac,1981.0,F,MG
d05589e9bd101f079f4e17cb25be7baf55f1ec4651b14a09989f2600f2c8bf53,1960.0,F,ES
19ebee6466690ebaa421f6c452c716163cca6f9d0135ca50098d5e3359f32e09,1982.0,F,ES
0d39b0b654c2ff14c33e0fe771540a1f5bda3399c45e22c56bfcd6d10e537250,1982.0,F,RJ
f1b0aa5242c1c05d7017e3e21859747ff5f061137f939bff86488a066abc843c,1986.0,F,PR
8537cf6c6cdbc99a1add48d6e608e9a7124fe7d2c2bcc3406e271da857ba830b,1954.0,M,SP
7a444d89ce0a2db3a2fd233e675244cc63eb92397485fc5b37114e61cf1ed47d,1968.0,M,SP
19788d48db8f9f088aaa49a238f232b9037c17b77bb5007027ddc3e06bd00974,1963.0,F,SP
206775d428406a5f75856c449e6187d880ae51c6297f9df635e25a54b7ce25cf,1977.0,M,PI
590407e7c512d7e2d724604281f16c1d8883e2d7aa3b7e694f1e918924beddc1,1993.0,F,GO
9b30d23fc2a67c7f22c84df606a02e5725378d10f3fcb3eb144c310830069bbd,1986.0,F,SP
579ec0d63c52456f7fda595b4a76c86b3cda4d90974efb7153806186b0f60616,1973.0,F,SP
f2e33ff3b04fcfa64c773586d3df869230bffa41becff67dbb1532d1d0a03709,1974.0,F,SP
d5be9e9105adc1621ce6513468845aa65ba56aa16003b587e08e579bcc85a11f,1976.0,F,MG
eb97dc538277742fbaa974a412c9c8700ec6814fb1fcc0c8e7a1ed22e94f0bc0,1982.0,F,RS
3caa57d7d2abcd34cab6067581e196ea3a3d29d419f60e3dbf6b47403b20cde5,1971.0,F,SP
b650be0a12bfd3aadd7f4fb65ee7a8150419c1f02010e8705c482a5e10f98b4c,1980.0,M,SP
4af820fc098167bb8172b5228a10d581eb6e11e1462e49cffa3e5073901c18bc,1993.0,M,SP
98ff49c87648f66d5704ac7ae5d7bf9f202731dcedfe0b666beec1f3508289f7,1979.0,F,RJ
029b8795d1c70c7dc29c0c8c80f4a74ae2db8356f4bfb3e1b366e0a9b810cd70,,NOT INFORMED,NOT INFORMED
6472b2e27bb4b50013917a76225d747482abcb41eb4fb54ab89dc39c1deb9e63,1963.0,F,SP
9808114e59e568e2df6a6f8279fa961ca3bb4e7bd6f3fb0c9b4e7a98816d4e6f,1983.0,F,SP
3f86e03e85ef1ef9c36bcb148578b3bf76b3ccf7b2845f76db64b6aad324d67a,1958.0,M,SP
71c1a0f2ac146514c45b2b11f38a8d43c4c44e652cec45235f08889a2fc22308,1978.0,F,SP
334def80e7e36be0a7a7444d15f172b0d6817a793efa36cc2662d47959336e5a,1990.0,F,MG
aff56aa8596085682302e85ff4738eabeff013d874a5b72c78556a725d201334,1978.0,M,SP
9954d1b1fc5dc24f100e67d447687467c8d5cd9788d14ad3d9ae7c0af4bc33e9,1979.0,F,SP
8b2a8d5d62c12efa093220fb77131b5bbf56df7535dd49bfab2fc7fe70f851a8,1969.0,F,SP
103aaa57ea7df01e7fa11e3deb77740d0fffc8426efc436454254a5769234010,1994.0,F,SC
644a02c06e6749d56b90d50a47b49341e1301cf326d9262ea3d9a6bcf5bb182a,1989.0,F,SP
2b782aceeaa07e387407d3860f8128a9af009c79d8cd7d4cff380df2461f8b02,1972.0,F,MG
73764498838d84d87c9440dc970d3c02d79495a398fc3081330d2e4b2327ff76,1990.0,F,SP
4add618b1890d44013338b6d8cf7a7804e5df47f55165762fb6e4e8ec9a99f8b,1967.0,M,MG
c94b968a8114dec274a78160cb55fd8ae78a9af7de182969bce8875254e7172f,1968.0,F,RS
f2aee58fea7e5b11126d18e97641ed0b6cadb286a03ded908a26d6f9f66e5a87,1983.0,F,GO
f92a4543e2730670db8f23d9a6e4b62088f1718b38f63130eec1ac4fb24c0b7b,1992.0,F,RJ
0d4726695b09ff8acd592acbafc7d533bd957ba8d1524793bf53f6d617cad213,1962.0,NOT INFORMED,MG
fda90fc87455ef85c22bf449f65bcdaed542bcb30ddb62ce9255eeb345e811a1,1994.0,M,SP
53896975e63cfafe1756ea97050aead7d7a27e07b16aa0e24e665e154511962a,1996.0,F,MG
7413b340e183b0dbe4484196e227641ef38344496782e5878601e13974348d0d,1979.0,M,MT
491f8d09e213de701dbb110cfe4448342afa6bdf93153b83f59b203672e616c6,1991.0,F,SP
36b7907af06ad65230596fc0176d400b1cffa48e467f403e5065ea622f20836a,,M,MG
c4ac6b5e9b02d64b890ee36ac7e13f4c8875e5ac380b1c8785b9c83ea14e659c,1981.0,M,RJ
57e01cfb343dd296241df235e345f973220b447405679acec8f3afd567151b1c,1996.0,F,SP
38c3f361e09446422c1e114eac23802b850a1f5d525df641a560f74e81157691,1967.0,M,PE
7f225d034ea85c38dd361e5323ed1c7713f65a260c7f1376773dcd1ffd281a8b,1987.0,F,RJ
86b32ba61f38099d37374f4da6f4b1a253864c6710fa6d84e90bbb956697e90d,1993.0,F,RJ
a04227235b0521b8d5ed129599f3e094a373d1d183e684da8b120c580145ac0d,1990.0,M,RJ
f1a1448ec626290f697990af97cc7055b2ff77798cac1ea37785959526b53144,1991.0,F,MG
536fb1a2f71079de2a3607ca298b1e1468add73cbc646b38e5dab9a1dfcbdc95,1987.0,F,PR
490131226f754378b5b1cae900b95b919fd96a0c0f4d81ee3032a04b10d6ac95,1984.0,M,RJ
606fcdd5aa1081f2f4ac572cd8382722d43db127a23b3ec16b945684cf100322,1983.0,M,PR
04c18d151d28a06033fe2b106c604bf8c1cb2c7c845f0e35a3f2ab1ed4a8163c,1981.0,F,SP
a32ee72cc7c74627576cc19d350fc9d7f00a4f9bbadddafaaf5e01c7b88bb4aa,1982.0,F,SP
a656e3a9259878fb00892d724675534dd233aadc5a75d3f4c064b309dee5c8c9,1966.0,M,RJ
5ba3c253a6bd109bc37c77dd5aabf5daa835e51ca782ca7df6a28243abb1dbf3,1983.0,F,SP
9f301a4083d83673301059c6f17baa5d524f1e7c1a77aa58a81f9bd6280e48c1,1983.0,F,SP
cb0864cc3cf9abea8e28ac9f86c11c95379d2081eb45fca2f83a1740bb0ff74e,1989.0,F,DF
d5052b0bc87582e0bd905c0479f579ebe50e6b076e9f6afcf913c2bd5e6bd70d,1990.0,F,MG
c43df17e07a7e34d8b76ca3b1a9fa013bfaad931e396475fa9f30e7c11e82fa4,2000.0,F,SP
c50b33b3e5c2d543966949280af0d9d04d317e6da967088aeefdd8e97e91ca9a,1962.0,M,MG
c20d761fce49d86a379b9e8399f66bbd89a705423ec6365ff257a035dab26a18,1942.0,M,RS
ac8e4ba0e26c37a8629868420715f38af5bc278518674c36eacaf2408a699a57,1957.0,F,SP
1a3c3d281d140a03ea52bfedbfecf2948d3f93324df4e10c65f4b230068e0a87,1972.0,F,SP
51c1d5d240f2ed0f8bd7267a50dbb393700ae0f6f2a1f67748f2293b5a0acd47,1968.0,F,SP
0630b5432899be82202c6a830cf315cbeaedd459cf1cca15168b0189b395fa56,1962.0,M,RJ
a119e4bacef7fd5a4f8a361852c3d9125f20e87b78aab7fdce37d6812f3d0d0b,1973.0,F,SC
abefe1795c4158949d8e1d2144aa8b6ab98547ad3a323c59b956f1121b700915,1994.0,F,SP
5300eea82d3a57dbb6086900dc4931b74f5849e7240e683b7ebcfb8c5a8701ae,1974.0,M,SP
2df4d9dbd0bb82817d35fb8547493ac55a5c0d60994b41e0e7424b01a03fbd6d,1984.0,M,SP
6a2a25efcaedaad172fec9c4e9d762eacd0dd9b528db4ba229f2053c2f87fca1,1946.0,M,RJ
603af9e4ee19f667c9aafbe8ceca09d37a10cb10ae3e329c8711a245947bc227,1982.0,F,SP
3bf94a19aed18cd306c01edce19bfc05bcedadceaa3d2bd33788b19c7d3f3027,1958.0,M,SP
f9a74dfda25d36897602cd60c7a95bc0c5362a5ccc8bc3af8a00f8b4f9170e99,1973.0,F,SP
06463d5d58fceef80bab1e0e845e7f27e38c616338e7094badcad53046141686,1984.0,F,BA
c8057ed69ad93cd95795ad74c0b606d4e3d0e7d614a2aeed65a04ead96c2557e,1962.0,F,SP
8e67b062ea9f2049898f00e993b0900c7a5240bce9fece3edd50a12458fbe9be,1986.0,M,PR
9e49b8320deda428f105217b616b014651ddf729a19b3781f8900f9114a301e7,1993.0,F,GO
ccb38840b9cc35159f706ab3ebd301b338ac2255523b12376c39659ee6084488,1988.0,M,DF
8f1ce9d42be7dae86dc0dac30ef34f5abc01810caac9ce1ead2ec5506b84b99f,1976.0,F,PE
8d55f0ebe32bd7d34238d827993fde38102ba07892e91731a55486d6977f5554,1991.0,F,SP
fd43a8aa681d0c502240e727c462961e39a29bdbc410787c5d8323b23dd7c5e7,1981.0,F,SP
feceea43b69b35aee4edc5c3b6f59ad251d7c946e24bd821e5cbb3daebc7bfe6,1977.0,F,SP
72c94647f8086ab921aa62326bbf8c0d01c0804d4ae6111927b528eb3724f2b4,1982.0,F,RJ
a385b828bbe8dd3b6d220090da8324cd0c9dad0b0deda1d7b118fb644b7b49a2,1975.0,F,CE
1969191e92ad4eb75fc50c4802883bfd08cc8a9c218783524fbeca09f2c0530a,1990.0,F,BA
0f4724c2dd5cfe87fa1b217b04542a7cb4217665c15c6de8c94c8ae9ff2c6447,1958.0,F,BA
9cc514308b250f4e673c8291e0a5a830ae7f7036ff1f02108c83d08f4864d2ae,,NOT INFORMED,NOT INFORMED
e4dc1875e26968ca828620fe51707f275d82db843291a775d39a35b587cb36bf,1941.0,M,ES
5dbf6ca53d313b28b055fee836553a9f09f7660686f74c491d0ae8c1a119ca49,1974.0,F,MG
3ca9ff99a180bafd603cd9e349cfa314c9697828f51511be7bf98b015098f513,1975.0,F,BA
6173952d8c9b9eecea793e2336b18848b5f2257dcdaee60f3302129c3be26fc8,1970.0,F,DF
d37d68e477d130e75d194b9e808aea89bc6b9cc3fc1827dd74590c70024f9292,1979.0,F,RJ
8d50c802271c37148f64e128532dc344a196655ea3f43ddbb519eb09221d9aab,1991.0,F,GO
2600c95412da5c3ceaca4201555e47070a98b16e965de9596c4f830478347fc8,1984.0,M,SP
600b51f3977783e7d25434537dd87e2c0fa33bd738a03ad3e6a1a048be945771,1985.0,F,DF
6ac92fa7417ef2632336ca7e6e2091e628dd64cac4e84c2410be75e148fea937,1959.0,F,RS
703f4f3ecf556847985b421b4f050daf2e0bc0c5bdd88ed4985f2b1307f786fe,1997.0,F,SP
ae5592792f51826068f448119a8e4330b9c26dc67913949164c258866748c503,1982.0,M,PE
2e866e6c6da75d4aadc3d5601a315f90f2cd9837b002d37cc80725b8fa24d3ff,1990.0,F,SC
fc05e9d917b68145c845583af1d72731847fd93384d78caeedd483dae559e2ba,1965.0,M,SP
d40fa0d243ef048f510802379688f37737589be3b39f66b074725f2db65ea462,1996.0,M,MG
1d12ee13b28e525e1a88f34b6d6ac9ed0cb3e341563c6cd2b5496063791cab39,1964.0,F,SP
348e2303f26113a68aa531a94d1e3b71d8139ff360bbe7e5e0811a01438d993d,1976.0,F,SP
af287bf44c46f2511c12cf96b1923ef21bf144c8f6474e721b4644e6acc19bd3,1963.0,M,SP
2fbe5e417195954c7e4069bcfce66496a73dd3eb352571fe394b9131821e357e,1960.0,F,PR
277292b6ae2bd828ade5af29b9f3805a984cc04e76e004f445825b692ccf4b3f,1953.0,M,SP
a2a4582250cc689d50a552ae39066e4af02dfe843ee2aeb35c1fbd1c76be02b9,1979.0,M,SP
eb35eb1ceb163cc6644b1f5946729ce5a165ce290932af6b94c0a3d6bb10e33b,1972.0,F,SP
cfb0e02b35a8f5b78c49569682b9945cf99c096a0a940f9eaebc8266b75375e6,1993.0,F,MG
33a1c9beb6b9cd642317a1e8513e89aed5448d84dacc27d48916b3b8a47b7ef9,1978.0,M,MG
42ab77a4a2541513c8d59dc9beb4194f0f229efdab04cf974766d214c869fc0a,1979.0,F,SP
8c9b02b6fb4dd4498a9a8b756419b00e2cc61f83c11bbbb2d1d232bad07d4071,1976.0,F,SP
74a5c052a57acb9eddc59a123a91b48675a7d2f098222da08be4f9d66f970f8d,1987.0,F,RJ
5d6c5c0ac91ba7372ea0e0bae1ff2e2448b0360aa1320c7f20f9d8383ccadd6d,1977.0,F,MG
2a0d05d1b7e4507e726b772773c3bf7559eb8f63d83cd81c8b7e0de453b2c091,1959.0,F,RJ
9e6023c4ce039bbbe09685a50b0ced1e2bd11d8e7b966ec478c926c55f7fc21c,1987.0,M,SP
fcd36d6c2ff3a8f26b84352b8b9a587c5ff960ce2497351eac6d874df945d2ad,1987.0,F,PR
28be1dce42ec0204e9ff6ad1842000c27718259e447f62e494a912adc8123db3,1970.0,F,PR
6b9b823ab83fc2150e73ffe33a67563d079df6603661ae3a60aa4841cb78b48c,1994.0,F,SP
907cf174d0093db15242fb75e595003d910952ed7d27edcfb8a290de42cac641,1971.0,F,SP
1dd534e599a14f78b3448c976dba9332b7a01ff2ea6ab41ea9ef4839f48e101a,1987.0,F,MG
af1e4e464a1c233765abd4d691851e5a0b7d9c59c57d74257d7e0a0faf9059b1,1946.0,M,SP
228ed5791cebda164ae1da88a519394572ff0a19c0faf51507957a9c949add99,1989.0,F,MG
9942a707b7ce58f50570ffb25032f76abbbb0cca722c5538dd1d910e94e652e0,,NOT INFORMED,NOT INFORMED
d5c859ba98d01a2b4a0463add0237005a4ede6e7c258da1f6ea90e7bc0e55a47,1995.0,F,RJ
7cb2d86a55a5bca0e6b6cb74191ffac5c7409c29bffaa10245fb71b64fac4af2,1984.0,F,SP
1d6aceff4ee1d4e5e498c3b59e7feadc1701effa7862fe64fe5bc0cc47cb4f3b,1984.0,M,ES
32b719e012b63ebfbe68dfdb3ffadc48b0bf8edeff436ba78048055a1aeaf15a,1970.0,F,SP
ad3accf844441f6d086035f583ab10d70f5db9c7b3262a966992e7676aea17ef,1991.0,F,SP
fccce105ef4fb4546c3386384c46c6911912be1c9e6cee4ac1ec5c9e8c4b79b4,1970.0,M,SP
66b87ee2009cdffb666b6ad3c40d4ebf227d01b7ce079ae2f481abfa55d7ae09,1963.0,M,SP
3834038b1c49b58b431363d9fee9d308dd6775cf873ba4b770d747a4ace505a6,1973.0,M,SP
be6ee07484ba154b56a4a4cd62b45d1bcd06b1bd22c6b421f871fa1aa0f192aa,1975.0,M,ES
7c2682929069fe5902582c4a8b4ae3391a04ceead07ad2371138ecfb2f815ace,1974.0,F,SP
67c0215c5fcd204070854201570b89da5ddce068f987ec1a85087b865c96678a,1988.0,M,SP
38f794ab36a3822ed1cb66b9361a845709eefa59a6b2e85e9bff29d8285bfffc,1998.0,F,MS
44a72fa277166a14a27edd06faf14c5d0b52fd2e4970b1d8fd40d8e8127de4e4,1958.0,M,SP
a72a6d2e817c079c924ed2d4996cbe5261ab4da190ca9b595e9d3bb2ea144b71,1976.0,F,SP
d307d2cf5799dd630bea9ddc176d935122d65456161237642f7333570f4e28ea,1987.0,F,RJ
1dff5311c9a27c557a91fdd6714d5bfe5169f0bccd82ca527f4283549424664e,1965.0,M,SP
f2476a5531fce02307f6cd30f919bbcdb896d30a2d007068e4a599d35d8485a2,1990.0,F,AL
30c9d1b00d26fbbbb03ee021a691d3167d61cf72df5d5d03ae5ac4c0e507996f,1996.0,F,SP
bf04f3ff418f90965f54c7bc6949dcafeb83383f7d5c7caaf0f045d6e5f258d7,,F,RJ
b53c07767d83d4c2a0dac321a6a54ddb9d40de4064b07210a82f881130274a4a,1993.0,M,SP
a1417c8fc616ec8ab629e7aefbfeca40733d0a7a70bcd10b04c9c8b808a16e59,1997.0,M,SP
a2c2c19553fb6a0e325ff9fa02722998b9517e176c595dd780966a93cd5a30b5,1968.0,F,MG
cfe3f42bfda8d59e9310df7292f3b6d64213bfa978dc454a16f92db7f7255398,1997.0,F,CE
cb89813225aa8fb477f1620d0bb719c44dafd364058912d958e48910956f3a2c,1981.0,M,BA
acb99469bc050773a84ad4f844565e6f6f0272f07d2682aec158f9b874f0dbd0,1974.0,F,SP
837a07c55f23b74abee3f872ba45e43a9af7b97f502d2b04c66cb0c094b11e19,1988.0,F,ES
e29a05da8593aeae236f09b87ae35ab0f97d472f0110cc783dfb1a596923ff8a,1973.0,F,SP
a922bcb60952b82664bada9c66c461603d43fce6e9a4fc2505cc1456e8db964b,1981.0,F,RJ
4e1dcf45f1f1afe66cbbd9fb989e845d6f8654b694523040820b6a580cccbea8,1990.0,M,RJ
3fd32b3a1ddd746558834c37fc71603c6394c69cb601d2d482619249bd68b9aa,1983.0,M,MG
5909545b0341bce191137a20889183ec2583caa2ca4762bfc6f63a0b320b7f9b,1988.0,M,MG
319412831cd00fc91d7459e60f1c850630b50ce16a31523b5fd208bf9fe234a0,1971.0,F,RJ
94c643e6bc00b6e69b383964359afd39f06c5dc731eefd1ebf56fcce3ea81e14,1969.0,F,SP
81eacd2da1db9fa7cab26d22e64c0b737f58e8dee1500c2df914541cdcaefaef,1976.0,F,SP
7a6ebce38609fff9f1ee784942ecacdf191ded693707657ff6c4a6a637ecd4c1,1997.0,F,RJ
a9b96dbdfc43f2d32151cede2df6febd9e6c1c451b5a0b92608ee844d7e380cf,1992.0,M,SP
bf7723597cafdaaeaf63009833c0bc3d1b5d8345b48ea57db8feb13b86081bcd,1976.0,F,PR
719a902ffdbb0725852f9680170ff0d40b1525fab9082e487654099d4d202a16,1972.0,F,SP
14bc8bfde1b8d9166e51c1a2d029af5375ad431271fa7c59a48f234f89f2277a,1975.0,F,SP
5999c98c73da0fa72f9885d1d3df59e0f0ce0fc8bf7fceb89d0937fb4f662db7,1953.0,F,SP
21fd6cb50ef1e146ea984ea8758d98e826f1beb21aa9c0a81fa1315332ca4502,1994.0,F,SP
add92bf25d92952ddc9831f4685306118c1cfdc0b50b333161e735aa79a96f2f,1985.0,M,RJ
4646857889d36967e7181dfd5d07c9c72fe34a4f5443462c97fd2de7fe93fbe1,1966.0,F,SP
0d6e71d349935e008b550e204cbf0e7c9418fd7e64cacfff3ccb0ba33b68db93,1971.0,F,SP
600bba03a76b17c257e2beea39174f27c849b169f20916b85c9021d7badffac7,1997.0,F,PR
af90070b31e0962477bfb4c1141cf3e0a4f30df2d4f5f807ddbde5bfdbb90a56,1978.0,M,CE
96f9abc981b6eca80c8ebd31c0bb18af2c82d280460fe61648f27dfb9d9db275,1985.0,F,MG
08fb67c459104b7cf132b8193d142dc6d423225c16f307f569f3799dca6ceb19,1972.0,M,SP
0304f788cb197cf387911773395e52777b978d0d0c97f29ae283181c5fdc5335,1978.0,F,SP
a63dac7d074eff39894090ecd62e9c4183c6c08b0e28afd89cb9305df8b01d46,1984.0,F,MG
419d44e9a0b2f190df5d20d75a3d7ec5ee25be159dcebd7eba5bd02d40c61fd3,1988.0,F,SP
87596538f2d2362782ed38d5f3818021807e29b88759b56b3b51e9fee0e5662a,1980.0,F,DF
34ae06759086a4758acf89b01fc50d5d5f4a720dbb8ea66141d533c5af2a2d50,1982.0,F,RJ
e4a33b7cb1118842924336448a3dc73b8a233aa74b17e62df3d26d720708f57b,1966.0,F,MG
2c912af2c846fef1aa87cf005d56478e7a3dce181627b1d16bed3c36b59b1a1f,1953.0,F,SP
42887405fe2172a2785f7f2a9108b95fa2359470b2e0e6e61aafe788389061fa,1980.0,M,SP
48b5a3b82c53881f1f7c0917012663e9ffa9e0fc8debfa8b6e958136a9bcba46,1978.0,F,MG
c52f49cc4a6e39e5ae423c9d97752af635a2de4b3626e6f9c61eeb6d1e25311f,1995.0,F,BA
dc012912435c0f6dc55e6e4dd1973da4522498080e1c8b7237e1054286588bad,1976.0,M,SP
b2ead34795dd28e856dc72eb643d526ee538d762d41bae8204bd8ee18879cf15,1976.0,F,SP
d76ddb0f6f40a18772cdde5ce587e897fee17e8664a7fef379211a7156c07012,,NOT INFORMED,NOT INFORMED
11d80942162b7e7618ba2353dcd12310c4dec4b85599c63bc1f2b415d38172f5,1964.0,F,PR
b53cc1ea5ad5614c2f97e33cd6d71468ac4c6744f2592158b0cebd54aaf7737c,1963.0,F,SP
bb4ec409ebcf380680ef29ec1a052eb0b82b73d73643dc50b206875afb5a9bdd,1958.0,F,SP
856ad19348bf4d00c2ccda036b4c79092f0947ff9f220965f26cb51a02cc00dc,1949.0,F,RJ
236828c5722ccc9803ef05db4d56e3183fb2b19c4fa38daabeadcc247bf4c279,1955.0,M,RR
3d0c7ec5dcdf495ba90ebca501c40920106aa1915126b0bfe952b886a4013a9b,1985.0,F,SP
feaad3abfccdb93a93d3b81510431ecbf8746284ef1362c5f9ace1971212f7be,1983.0,F,MG
c48844fdf8155d7755f4ebe3b6c2b9090aed68f21f9ab328c18104a27b322b66,1945.0,F,RJ
6364e9b16b85acf1c0f0e12c5dc6847e03c560b6b102954cf99e3bd0e998baab,1985.0,F,PE
95209db54eb29e04899de02b4bd73cb43a2c4c1d2754c639451c8958f2b1c793,1974.0,F,SP
1e4934046563bb96cb585295c8eb61037c58f26b232001774f813c09269629d7,1988.0,F,SP
e1e796582f0132fa158ee109c99bbd252d6befd5b159a0ddadddf3f1060b3920,1983.0,M,RJ
858f020bd32382890ce55cd60c726cfc4f669245138036a5682061b4d1632586,1992.0,F,SP
7c7abfd1ebd70c15db1df48e08c912fd7b0ef5c8162eea412c0f14217a74ce61,1970.0,M,SP
aa9979e20873b856f0f5605cebd58abce84967043cbf797426b76e9086ad30e6,1963.0,M,SP
8a5dd8ac782292ca98e54d99c81a1c67c0553c1843a821152423744a9b23a908,1963.0,F,DF
f8c5eaaeb7fed0e252e57d560ac7171d09060bed3a97652cd8625abf091c12ae,1972.0,F,SP
47822acca5d80794bd7739e42470f1c9dff222a2e71a337177d0dd5db0da3667,1976.0,F,SP
29961ae8f0bb3012a9dcadd194f669a45f3895eee3d1fe9b26b5678afdb571ba,1978.0,M,SP
41474f4e520a463ba0433a82fb40a60ee2fc74e97c520d3b2094bf678909203c,1987.0,M,SC
90aebcc0b1a407fdca97a2ae057073cf49b6b768333ea0ee8cace9d4fe0a4655,1977.0,F,SP
86fd0ba62e87baed64708bca522ac8e4ed7dcfa1a243b75792905d8a9585c0bd,1980.0,M,MG
f477797d9281535f6fd16278f5b11a419aa794bbb15ce817e1217e6fdf5c73c9,1975.0,F,MA
90cfb781a694ad3d4eed58d072b9292bfd9cf57253622551ba97d7c3f720689c,1991.0,F,MG
919c229c49aa737d94f0c3f6f4af008c064576567dd1dea52e7a835b4a6c3590,1963.0,M,MG
2f4155a9a02fae811de21ffb32d8f80fa0a2c64d6bdeed54e4fdba3f768ec657,1977.0,F,PR
147db967663eb587ca248dd43f280b189b69780479e2b3935efc7e9aa6401a1b,1984.0,F,SP
0842f0e79fbf6f01e6dd44c0b83f5fa62c290c509d9e0bb8a288dbf2d32be4a0,1978.0,F,DF
d3829abf109ee28a9150a7b47354f5933facfb38ef764b5286f08763a7a1b852,1960.0,F,CE
e3a4f5856bcff3648082a202cab25609a885475d6643b22a219fae82b9808d9d,,F,SP
38a19dfe46545905d2ff7c364fba42805a191716c2e81c0660ced310bf8bd239,1966.0,F,SP
2cab0572dca41ed84255317abf6e92e0e979c8ee7d748a7f011cbf0163e624ed,1970.0,F,SP
3724c988de0dd658f4133f10ebfa9f43eb973f686b7518af75c62f4c4ac3ec2b,1951.0,F,RJ
eaed512a62e2cb63a218690d626f1b21b7000431116806f7f853913f35f8c87b,1985.0,F,SP
a728b2464b1f14bc6e09176273bd6f4b41c034cc61aa218f33c528b8489768c0,1966.0,F,BA
606611824bd3f45ff8cf67ba90e0f41ef51682547567dca7265ab8e2056c5440,1956.0,M,RJ
183e3febcaa71a325bc3517643e3f0b9f2f743fb4d03f8c234dbef3b50bdb875,1975.0,F,DF
5d914d717253f7188e0f9b7b8caf535f366cb8effd4fb112f69cf1edd5bcd1f8,1982.0,F,SP
e683dd803e5b6bafb893b845f12216c2041d36546e134f1b53d431aa26ff9b95,1970.0,F,SP
d85d311c7cc913f349e8340add998399c210e982ffa37cd31cc4171d1b490966,1973.0,F,SC
cca23db71687cebc70200844d4c81c1494b124daa7aba1485f8a993255411a98,1982.0,M,SP
d75820b7eef3fd140c0e1b2b2943b8c23e6233efc1b7132675b3b355a4f5a98e,1941.0,M,RJ
b11bb0dca13196db7f8701dabdfc56f239206714cd92a0393def44a1241c001b,1979.0,F,SP
ca9ade217b6c180bc115946a002d83958ca4d57d2498a87a6e500fc57748f082,1992.0,M,SP
301417a3df09fc52589fcfb521e5b8ef9210240425732832462fcf7953b5746a,1987.0,F,SP
9d8125442565b45190cc125ed61a39c3fa67786ecf2cf40664a94b06dafe986e,1989.0,F,MG
6efa8e85a0f2c03f731ce7c4d80690c0d8403aa5ae2df97654dd916ee55ede33,1987.0,M,SE
bcef9be899bc82b427d12a8967850c2923f6a83211fbfcb3d599a73777b8f6c5,1966.0,F,SP
76bb9d872b1003baa77a69134f59b3445f826a3f321b52cbd799e5004b41a637,1970.0,M,SP
bc69d4b22aa0ecbe326daf959c04b54dc585e3ae4a2cf809af6c690896e98940,1999.0,F,RJ
5a1f0b3ba23c73a442f7d0a06c7a13d7af99c3d3d18d6aa1b725f07046e6c1c1,1980.0,F,SP
063b2607d7ec6553ae455af2f77f95436164db2d8198c34957d26a1cb764de7f,1988.0,F,PE
4da9e6100a2e625662b7c71b5840d8999014f6d0c508886722e66f993f9001fc,1962.0,F,SP
18296b744b3a3cf106c40589f636c5d43fdcf213f3e757c5fbf125899cb49119,1997.0,F,ES
2f4f57f28455ee55542bd28fa7105ccffb8aa7302f26810db3335a067c468fe5,1980.0,F,SP
a9baecf971a1bf2dd76fd6906ecba0ef0611f099622770ef63abe4a2bc304fa6,1966.0,F,MG
1779a8688a5b513526d1fd9a9f2d4b064478d034382195308e4622cd218e4a7b,1974.0,F,SP
cb67b115d60ed59dee30424ccf31c51fbd2354f95b6988d001b90deb26aa7ca8,1981.0,M,SP
d90b5672c3f3cf2a8b7e5672b8f49c951f168297aec9953f1d3cef05f039fb07,1970.0,F,SP
ca52c41aad6ac94df2a0a46339886500a00bac04831bfa2dfbb012506fe50afc,1987.0,F,SP
2697f2631fa583c0dfc0b9cdd3b34443aa08d564bde63b9f69ffa56e64c7474e,1987.0,F,GO
e37d788eef0662cf5c1b3fa7b5926f9033da3abb2dd86d864348fede4c0685d0,1987.0,F,MG
f31c5dbc42736f839747cc91f147a97450e4059e4176a774767e05d553ff7421,1978.0,F,RJ
e3fd7998cbda41a3cf3be6707876602cf0615c85d72beedbc28f81aa2d2202e9,1968.0,F,PE
f29a8f21726cb05f30c276759f0dc591d00bac98b897de22094e96c5cc42143f,1991.0,F,MG
f349c341ae15f4d030083aa04b4d0cd434a4d29238a982dc041bdde9b517950f,1982.0,M,MG
e3cb6f93de27168c28fc405b5021d038f3379e08a50f0419820c369195da5a39,1952.0,M,SP
609bff53327283315a31dc2fd73bb323333d3048946666d0ed568f447dc6d438,1962.0,F,SP
69a99344bfa7acb4059dae8669973cb998ba99fd2a804ff74f412f2a438d6eec,1986.0,M,RJ
96f2eadf4039ebd6f2a54d801b4f5d802a65c7ff4547de10049fd702213b5474,1981.0,F,MG
b49da482c1b7c1bba4d01d9ee07c10d65e4f866fa7da58dbe480b14bbaa24295,1988.0,F,SP
924c6b653e6c8fbfd71af77de5dc9d6cf319e15753643aa8e5032e894dd0cf9b,1989.0,F,SP
2fecbc4a3f0f0dc3cdcdc9c45a31f094d8d661eabcf6c359582ab7c4dc50f8a6,1979.0,F,RJ
62293100d16b5bd413a89e3253a2747b1e96ebf9d8c80a0887b5968ffd7accf8,1962.0,F,SP
518f54349437f774ac1cb9bcaebfec40a7825384e4f74fde12541fdaa1e97bb1,1983.0,F,SP
95a4719956a4d1b25809cfd923162e46b571ebfe8d382722d97ded27177d8e64,1968.0,M,GO
118379beeec2a8ba14e398d706d86c9f6c3791f0fdec0529e2b3656e26b0dc79,1970.0,F,PR
c613fd15ce2f19eeeb8953126ff245ed15c9bcd289e385f833ca72833f534731,1980.0,M,SP
1728392aee31f294e179c024f770c9416e9f4c6f15db79bfc4675c8013801017,1972.0,M,SP
a8ba03e7d6628eb89a5ce6684682aa72939fb845216f73e09e47d80c1e05179a,1989.0,F,MG
da12b712a4d949662111af6fbdeea8a4b8d1af6e2df869f56ceb2bf81959455d,1984.0,M,SP
911f14266ab0b36f03058701a09d9e1d24bb4867362516048af7fa47c4a3a7a9,1978.0,M,MG
9a59bf0bf20a26f1764238452f350f1e722370f167fffa6693926bd44d785012,1952.0,M,SP
f245a8b9a549bfaae175ae8ceb42fae489cb6140bdbbf92ad5dcf6bfca072f9d,1995.0,F,GO
899d96f91704e48f4e3162afad41a7a2747e010d8fc291f55e9f958e568691c2,1994.0,M,SP
2d45ecab0afddea683e8bf9eb9d668cdeecdc9e21150a7279a8818c99845325c,1993.0,F,ES
54435f3268ab3e78ca667a9a3b714b76837fbdaa4a3e07d7d27b346343c64823,1982.0,F,SP
8f4b63c833465d301455464243170f35c784ec1d0099aec6942d3878c5911db2,1981.0,F,SP
fb43b44506a9e27bb1eb4483814d416323843b826a883a0be61acbcc86e36d26,1990.0,F,RJ
5a13b2133e81bc7eccb89a35bfca1c3c7bf445cd2cc34b5c29c3449837a9fc12,1981.0,F,SP
fda9f8d6133dd89615937144f8819d53bc5954128107aeb177c220bef37056b5,1978.0,F,PE
7d67d3ce188ff13d583d558b8816bc2b61dd8429f157cd56c6395ff4a9a83cde,1977.0,M,SP
19111475f8e7392b87b15a6ba782622f5b7ae7d9208a6c52a854dbb49367289a,1983.0,F,SP
da5f1125302fff5031f7459fbd72374a245840dccb7dffd4ff96b2f468607212,1985.0,M,SC
12a7625277618dc4526f24d14b8f219ef9d50dc97debdf998f99d3d8338b80ad,1990.0,F,MG
d61fb06d191df1db1dcf26978d31904e08507b723570d7439f58ed54aa152284,1957.0,F,MG
c8809c01ff4e8ae49f809018b8d96413908b7fd1f23673fd337a1f528068014f,1995.0,F,PE
664a057105158041c54e9fb6f5e8ef47a0a11c329f9b655af2598f5084a8a991,1972.0,F,SP
142475d17d62f445899cd6eea5031c4c84360c2516bbf9b4762bbdcf2e7bbe69,1998.0,F,RS
fcd5e6ace7568000a1094884cf9c2a3a88eea8e0ca30843ec6d461e8c548c0de,1978.0,M,SP
afb3cbbbff23391b33ecc8b1f144f36f433e59d7de66a89939b27537b253dfcc,1969.0,F,SP
1bec18be49bd84d1902bdb5d7c0add4f87ca73bdcd532e1327a0cc5b75bec561,1997.0,M,BA
b8b47dd01ac602d15f77f54090780fa50d56bcf77b952469d3ca25d3cef46718,1977.0,F,SP
c82ef3f2ea25608aa6113f72c620426cb82bc89bc8845c5d530f4556362c945f,1967.0,F,SP
f1f55f47c7a359ae756659629b4862a69b2e8809c05caab88fab7994a48fec18,1981.0,F,SP
41cb36bcbc50db64f0fd76fab3116a28bc330531523096b13403d63cf74f84ef,1996.0,F,SP
2ade423dd6db868c39ffe30fd6c935fc7e36c970cf983573619194452d2c0402,1973.0,M,SP
3d8000ddc6a6353cfa26a858af3970d2270002fd0460833f94156e87c521b672,1985.0,F,SP
274adfbdb19ac5119bc0429e520c7f2983f05bdb1a01441b21daa62fc88a932a,1981.0,F,PR
fd63bf448c2332d515a7825b99026bd8e67379711cd95ed5c2f41147eb34d0e9,1962.0,F,SP
db097e8fa11b76a27d9bdd4a7caeafb735226dba69fe4a92261ed2b789db2e92,1979.0,M,RJ
750ef5927db528e8913d5a52f33fc486617697439113f8c22c65279d8c4afd1d,1984.0,F,RS
e7e9f4df4c2e764091e691e8d3ef52b2c3a5a5a7c568e6c0b17e8c99f6de1f62,1967.0,F,RN
9962f6b1ad04ada794347d79d23127e2261841ac28b83d19293ee276d63653b2,,NOT INFORMED,NOT INFORMED
341ac69c348a7817b9b81ee196d3052691eadf52ffa608d51988066025362d75,1978.0,F,SP
799d548f35042d6b27b25434a115ca3aa605fb225c575e5fa8ce135400e81779,1989.0,F,MG
0abea94d884c0087d1e4e65eeb493e90a41cff14708bd5e5359a8b3ee2053d93,1996.0,M,MG
cc4d1ce92da58a7420d0012516d9b5f27a41eb4fb1e96d612259600efb208cc5,1992.0,F,PR
bc9a676db8ed3a82cdc94d4039f2aa39b04d1f2a9b698095464d05658ff3fb3e,1968.0,M,RJ
dadefd09b2bfcf40780a99fe3ce0e3922015f3c6d211b2b45e58e160c2803087,1989.0,F,PR
5fb5c9961c5476161666f3f9e8c0e1d70d7405490f786142fded1f62bafbd31a,1996.0,M,SP
91543c6d732f81f291f1221a49e6dae00c4c6e10a3cbc4dc27d73aa2a7ea03db,1980.0,F,SP
d0d8e7619653ab99683fbe9c6c4a3861aa585a00fe4cc7e995823487410a9d33,1963.0,M,MG
ae3aded7a3bcbf92a2aeda14edd78c6361723c7a1466f0610d513251ad377120,1970.0,M,SP
ef22dacfda478f9ee10081faaca551c56226d341e9e45c473685c9b1986c1557,1984.0,F,SP
96199c55c2abd28d5a28f54b061d9c7534ba585f5092004ee1562658b1fcb855,1992.0,F,SP
08b732444416a995dd53d7f144d6cb4bb22440e9131cdc0d1ebce24910eb4d70,1955.0,F,SP
63f07fef8553b610c788e8a2bfcdefca80d78ff7a797e8399173b11f9afa1584,1981.0,F,MG
0617bd6b1a41e8f5a931feb756ce1ebaa9967c934663cc55dce6166b331026dc,1983.0,F,SP
a5718b0e9b5a08a14e5886bb534676fa7bfa2ec69504df59c34f91f11df2245a,1985.0,F,CE
f35099ad4266e03cb056d69fe21593b33d62726a54bae33bb36769ce45d2b214,1972.0,F,SP
aa1335fbd3db40512ae8cfe0be86d80bdf55001b6f33dff85c67495ebf2aa7aa,1996.0,F,SP
62ede3afb17ce93e2d94f7ac5c7fa9d986722310608cdbee369fb5a01ebb8c7d,1978.0,M,SP
3aa1e75f99c53015fbcbec70789ea84d077f837418d5de02479e252b57d758ff,1962.0,F,RJ
8420015e7c5bd6c9fcc020a88a9265369b87c6784168ec8c43ca5f848932d714,1986.0,F,PR
232431a7b699b249ee8bc10ab9255a51e4dc0182dbd7855aa4111f1f7baf054e,1988.0,F,SP
7b222ec0fdadd365cccae03888d0afa6adbcd35a3222a481bae3b8df375aed64,1967.0,F,SP
c0055c5aa77fc37df15eb82f37466c9453cb98819fb5190d2a82a0467e8cdf38,1967.0,M,SP
4976c2f4552f3dd5399ec881af24d283fd2a1c0ddad4340c5fff948148a6f0ce,1974.0,F,SP
150642b3e050ba4e8159dcaf45b951872c00b451b646131a4dac66d13adeaa20,1973.0,M,SP
dc136c1d1ba0ad424538e588694965ba0ddc97ecdc9512778a1b3a984af4ebb8,1959.0,M,SP
ff2fab3b4255313d68985da815f462bdb73f75c707e3b5333bd80862fbded7c2,1986.0,F,PR
cd578200a882b9de83d193a7a05af205a9e33f1ab90c4a02e5ef774a6c8ca68a,1995.0,F,RJ
c10e4f905ba85c530860541a4d19a5bc6953493e7c3ba0b44f44815b9a4bdad0,1994.0,M,SP
d56603a1127c36db511b8cc133dfd44da5fe32898ad25cab3eed96c5c1f344bc,1981.0,F,BA
513162c373dd80374f180f492ab03666635b37a719a496a8997aadf02bcb6ad2,1978.0,F,SP
9910f8ebf00d3a101128605a114e360c6760844688285bf3bd99faab50170be8,1980.0,F,SP
1a5c251561de7d3e96b8e10f70458c1248b2e1fb041e1dbd24d9e0ede058c6d0,1978.0,F,RJ
cb6d119252c2e9de1ac88f25a8c371b203f7e558a190e35794897687894dc3fc,1987.0,M,RJ
3e48d010b75de11204e88e923700d331bbe5d924ae87a37299578424a006f376,1984.0,F,GO
68f7977711b704aa8b8bbd4392ff7ce88a4ae69196eadf24b010c1a8a0f8b36e,1991.0,F,MG
01c3ec269147d9078496cb70faee163a57dd67592cdf82d9dfda941c14e23a96,1985.0,F,RJ
f1fd49ce5fc0f2dcd3f59f7bb7fceca618795d55860cb34e37493984ef7f4df6,1982.0,F,SP
9c099aec9c156d852f604bb706a14af10b3c99887d4ed8996d6ddbe5e8e8f1d4,1986.0,F,MG
fd45b0d0595f8f40e026aa77909ca972853d7c9d5b582d985a5067a8000c15c3,1967.0,F,SP
6a4341388ef217367bbe4d0c40c5b35faf7f22a0d00d4ba03251e5ba16fb1c62,1964.0,M,SC
2aac5a8a767a9dbcb0c89a06f5e25c8d39df056ec3095b5d01cf43d21f5bf1fb,1959.0,F,RJ
2d1cbf9db506ad163fc671b222171e4665ea23d239605ea295c57c89a0eee1f2,1959.0,M,BA
687ba0cfbedb1c00e5d3b46f898cda9de8da08d81a8503170a36c552d7287d7d,1982.0,F,SP
3a1d1ee05784f44a49b62d8ab520de69e59e7930f6ba16b86fb864378b7e88d1,1974.0,F,MG
4203d8186395f718c41a4f9dcd44feacd30cc941c8f7cc21dbc945609a9d41d6,2000.0,M,MG
c57edacc5ba1c8f6ccda827c9476d9ae8d8009feb48d880e94188b6ea204b831,1984.0,M,RJ
bbc82f065cd67fd3fe0ef745fbadbbd409742544dd8d9cb799a10de30b5b1bf1,1976.0,M,RJ
01bd087e9ebc4976738a8ff76d3c738587b9d236ab1cf833baabdbbc493850cf,1975.0,F,MG
ba918850f69258c38ecb6ba9ffd1aca2b3c5d41f85c293046d08b2cd898a1a0d,1951.0,F,SP
6e572e762f957061f70c137cfda0c4c7aef237bbba55c85e3d2de7f24ee3053c,1987.0,F,ES
ae1b78e485218b9be6bd4ce67e2c6beb263c8c6fbce4cb7c7063d0609774bda6,1996.0,M,MG
a3eb4cad3912b5400b3c2f0eab09bfb8e70820c19bac3f3bc98456fe2ad108e5,1980.0,F,SP
1aaadeeac954b414405834a6241266d9e897aacf9eb60f6afd4ce104d09e9cce,1968.0,M,MG
59197c552bca8191fa550e6b267b805189017294c068c28f690f33f71b7f2b99,1958.0,M,GO
627b7fb2f002b105d27c627f0af20cc6cb2b0a2c8cd2cef12ca492acbc7ac57b,1990.0,M,MG
61404852b3243f90d0ed779dcbdbd9fe90c1e8e5f2019318a2ec31a39d39bc0f,1989.0,M,DF
e810042f5fe78b309f499ecaace7253c8a5f2151549a1f0c2b8d130dc4248c36,1966.0,F,SP
6030554efb648648dbc0e73e3cc3f41c03ea21b56f3655b9b0001ef62fd21cef,1973.0,F,GO
7b82243386eada74071cec4590432f017145bd97fa1606178eec47d4ba8e14a8,,NOT INFORMED,NOT INFORMED
fa73ff02a277ea0d02bc60113b4f3c621d5c67ee78edd8a0020ed3ad3cc3d586,1992.0,M,PR
7d35f4f41728c9f1ae145fe8dc9f7f87a6685e8b61e1eff13e1941662ca80faa,1986.0,M,RO
c9b62b7004e5b38ed612d9829ede4a384c99ff4d2815383d7e75dc88d62429be,,NOT INFORMED,NOT INFORMED
cb3a72db944010237a8a357a74417528413d5a92a5032ad5c650d16e75597aca,1976.0,F,RJ
4bda7aef10693601f18bb7d789a16b03dbc689ca8b4153f6c9258a08c33065fc,1972.0,M,PR
f65f225079b413abd572edefa500727709358679e4e5318d6a5111de3ee9b1f5,1984.0,F,SP
075b87847f19bd84d0f9f1e2e4f189d74aa947efbacf26f18848203991805c55,1967.0,M,SP
c916d53dc3fc1c6ac78f08a45bd7cff00cf62b7c088d7ddeb66c8b5c1f087539,1976.0,M,SP
0b370b197fd4fb1b78dd479c1cacc9994b8061ed90e69763437bc4bb1a9de3a3,1982.0,M,SP
44709ad9551c17fe6fbbed19db85e28363b39c742faaf058b024b327b845d719,1986.0,F,SC
5eb570a54a41e4457e14c82d78356688f9d939d12aa786557e0c4239c162a8dc,1979.0,F,SP
863a8ae1bbe0a7909679160df300d07afaba1f253919f38efe1294e2234be458,1981.0,F,MA
15c9672839d0c879da10cb58ead30ee81b267db12018420ab2ce556c3836cc84,1985.0,F,BA
e093a21c614eb7177d55b8916b8a161c8b00a6b7f0d4c34bdd0f036fc0805bba,1989.0,M,SP
191af7b2b5082164a72fa8b46050729fbc6f4ff662bc6f017a2029bc67a93a9b,1962.0,F,GO
113ccf46775c3a7b77bff9d26817c68d573ff4d1c3f0499747b3d9ad708a27b4,1964.0,F,MG
583877d760e5f21217c4e19d1c5bc8943da8dbb0f33a73c3b78d24eb23a67e74,1970.0,M,AL
7886d7be43e37cb9d7aa24a3d36e2d670d657f0fc46f998bef63a7be9ca67dcb,1995.0,F,SP
adc5760718eeb9028d751cbebf840cd76bf4a22d5bba750d29ad1ddf12e41b70,1989.0,F,PE
56341d725056c5bcc68ee1dae172ce5835fe9d81f5840fb3aa21b60153d07358,1976.0,M,SP
e320ed7dec3fee929fc8d92d7daeee9772ec4d672376d082d546388dcde12d48,1984.0,M,BA
7e6214bd5ca3e22e4d9e6b7cbec9847fd31cb76a43dbb2b02b197710628cc9ab,1981.0,M,MG
4fb435966744e01b0260c37a77a879792cc48ca30fd75ec67ea461d7d1e29624,,NOT INFORMED,NOT INFORMED
38b112c4cd958433f4fcead1a097bd07479d433b71e6461f65b80e4fd531175a,1993.0,M,SP
30992924d6264ddf951912e508bf04d8ccbd2f20be5882e61274bafbab9b2c42,1996.0,F,PE
7348436b7bb8a35d2bd835ed3934ed7557fcfde9029f7c860a17e8e2eec8e66b,1971.0,M,SP
1680efb5830f84ff1b47fc8e023f5827e49bdf2adefe898fbd1f093c7eb78bdc,1989.0,M,TO
859bbd44be94e45432e971e6fff0e49e39ff8270124ca56b38e73dccb507cd4b,1983.0,F,GO
9c9529a6e3d893c66c714f73db891e4b33d7d732ab88b6b6e7a7c7b70ca32c68,1996.0,M,MG
e2ebe498093e63c6e297058e4dac93b97f41107f754c93e5e7c5c5639ed9b3f0,2001.0,F,RJ
d63ca781daf8c65fb7228715e3aeba46197504a64bee21c0f2eecb218890d0d1,1984.0,F,SP
c10bdc67c87cdd99f55f5aed6b697c4ec2003caac463582211cff0597d642b21,1986.0,F,MA
caa3c1b14aedeed65ceba1e5a54fbe0e4930a3eed3f135dcc6e02b3b8ad71e15,1972.0,F,PE
578da81ca08cbcd06f15338ca4ad4e76f8972b807d18c1d7798eca8005dac387,1974.0,F,DF
862aea1d8efc433a330786ede8cdc61fb5d532b846deb8fb90fb4bd86d517a06,1972.0,F,BA
31e4460268a7dd211bc58ffd4493ba6b90ef8623f70451b307d5ed229cdbdb58,,NOT INFORMED,NOT INFORMED
13302d351a318fb70073b0d5239475c2e28af90d864c946c1a2221c1c0a2e922,,NOT INFORMED,NOT INFORMED
99fafa0dd370a3615b6b03e01b7754e31d394f99c0464a6cae6c6c426c0cb37e,1983.0,F,MG
ac3331a9741a77117e4ebb8871c4d1f9489bf2881c459f70a5b95dc4809f0f25,1947.0,M,SP
3276202813de6607b880e9ce38922eb8d5ddff3ab2d838d680ff81c3c21a6e14,1984.0,M,SP
8df6b484e6074c92f1033911b2f90a138dda12a6aedd0a122841062dd69071e5,1974.0,F,SP
77eea3c31405d520da9c4c166a6e26d3b61cfae762d9d7c33ed5d28c554d981c,1981.0,F,PR
480744411e7d8c22d79a112c05fcbd0fd19846a33781d03ab65c6435d43dea04,1993.0,F,MG
d8a17ecae65bd00a1fe43596f7188d7c817aaf7e439a99bb3ee2763049f34396,1977.0,F,PR
49c204de27728733e04518e5aa3da3a3cba3e798ba9a50c0c07ee490498b6244,1990.0,F,RJ
feb404f185154089e0e97eb2ae12862c3a5a4a66039fcbe46a86528903301e57,1992.0,F,MG
5f708f5712a12a4b051dd4c9d1460688cfc3a8b42c41a5157dd4cb9b4e1ff67f,1980.0,M,SP
e04a39abebef1d255c93674f5318c008045cee3eaea28997e84c22f04f213728,1949.0,M,RJ
ce48f53c8ca1158dc80c92ee7b0abf32f4fc274b4c59ec81a7386364cdceb5f6,1960.0,F,SP
1256f3244eb0f39953f04e637ca684c4312c345f9c59cbc903ba68c56561d48e,1991.0,M,SP
e27d8f222ac69219b172bbeb4c54034829bfec4f586904ed5dd36724ef514740,1995.0,M,SC
cae8bdeb0da1a78368c324a9ef93acf627af789400f28aaad409d62d08b4b63c,1992.0,F,SP
d15ecd1a97a5debffb7c2c2842894224732a416a98307a63acda966d5ee79a73,1992.0,F,RJ
67c87accf7a7c0bb430f4a2d9b8d876aaea8967702129cdff500ace13d3fdfad,1964.0,F,SP
50f4ab1dabe1f14dbca92bf044509a2280c9381b1397dae0eaa5f9374385f3e0,1990.0,F,SP
425352f5018a7aec5cdd79b6652891fc1caced1ba1df300670418920aef9f206,1961.0,M,PR
82aacc574c36d5a562e619bc6494cff404129ad8e06c973ae6dc923bc04962d0,1984.0,M,SP
074293d398265b4b702da0a8825fbb446c2aec412ed3cf891e71169bfbc0a46b,1998.0,F,SP
20e332bca29b73dec91e68366ecb78dc4bd91b66e82951ccf6419102df0dff07,1989.0,F,MG
105f1e33327111e8633bc544980b5c6f14adc5c38fbdf1322dfb1a284c213f22,1975.0,F,SP
1d4fff6f7d3e50b0275b1e0e5e27c649f532c2c53781f3b25c5433529e93d587,1995.0,M,SP
502751ba3bd49c298cfdda6813af2f5d00e47e2dc18769c1690fd4505c8cb367,1991.0,F,SP
ae23081e9e70894bb38f2953c35c1aa5f1263800eefeef1a1c25f8de76400ab5,1977.0,M,SP
0b86561bfe85b7af9292d99747b2f8343a40a125edf6f6d6ed5c6b6e05c84ea0,1986.0,F,SP
ea28845b40a65de3071d654b59bdc5f9c2a9344cbbb6de3f31b85dc583a45097,1981.0,M,MG
3796c17b0d8247c7fab1c8e9cd2435efd4786f5730eaa941aaf9d1d1394ed5fd,1992.0,F,SP
c272c4a2199d6b1d66c998666dd5fe3acf1887374380c7c55d2df10752f8c517,1995.0,F,MG
8fbf88a7c95d450052dea58b2b69101db51a14900a23da4b05ee0a1415055b95,1977.0,F,MG
961df8ab2991b8b3ac37a1c9e2bc015f228b759f3fb09e6c77ff39b4192acdb9,1990.0,F,SC
d1dc9b3b5d412c0ddbd5e97a67082739c611ea2a6bfbc3fe02075a17e72cd7f7,1990.0,F,MG
7401d856a59213ed62b9076b165d4b927423be44b8e4f81b5bfe61cf9ddb6fb6,1978.0,M,SP
46a4fc40baed16974bf5a847d025b7cf5d4af980babc8245f11eab6d168d5072,1971.0,F,RJ
268795c3e0eff6e1b0395e617cd6e499aa074ad33766d612bfc05a33b6682bd6,1960.0,F,RJ
c64a2ae70ad99bbcc39d1a6bd3067d85c470b00ffbd6eba16325bf835e3fd36f,1997.0,F,CE
32f8efb27d440f7a63c6a333cadc3164af3a7721870f054f17a68b63b8a44c06,1978.0,M,RJ
cd7e6d5dfc402ec652bf38a0add0db7e3a77006ff29a1619e44db475517bc011,1983.0,F,SP
581395a80cf227df30eafaab588af9f95ddf9bc6b4778fdf55fa18b7ba44a19f,1956.0,M,SP
e5dd41faa209cd061bcb512cf4e5d3fe2340a2250947c9a1f97141fef5df30ce,1975.0,F,SP
a4ec32eab25ee397faaf13d0a269bf025c00ad463615c9b95f8d56010e76851e,1971.0,F,SP
59869777d4dc18c6cfc6352ba05d78677e78a79cac33a02e84fa7d75699bc7d1,1992.0,F,SP
7dc2c33b3fdb72545833c734db77868a6dfbe1b1f02ed6b5f14c56baf6271b1a,1984.0,F,BA
a99d38516182ac5417dc551fcc59e0adc7b7b0246545664b5e73b14c5f8d6d10,1967.0,F,SP
aa791c122f61bc22fc3cba6654e52d49975aab10e19879574218dbaf9347067e,1977.0,F,SP
83a0278301574d367b26901a437714f651e42a0288aa29cbae1568a3587f72f0,1992.0,F,SP
4078125fb3755200e2414285d8baf4a1087eb60535f7403507f054ed74a83a64,1962.0,M,RJ
e1755421817ded1c2452a4b5eea449065e98bb434b4726924b2f83f0564af34a,1983.0,M,RS
8dbba55b4eccbbb84bbde3e1d560479dd9a7b7a3ed3ce7556e8c028c5a05ccfc,1989.0,M,SP
f8cf9a1a2ed7bfc1ec0e0ae4a9b147dcc3585c020a5dd8a12fb48a693b3805d7,1970.0,F,SP
c04a8be87a4ad886b9b740edc180d5ede890eb279ab061c839623e8eaa5d9695,1990.0,F,SP
bd496a7f04835b90b3e6318d930a5a54cc7d5be0f3ac461de24fcc7799640a92,2005.0,F,SP
514920d1db635865b0b39e7d1dcb746173ed3c3a377a76d56371dc2d342c8337,1976.0,M,SP
7138fdeecf3d8c54e722e51fb3a6634d8c805b5b19dd646426d40acc9dd0a4a3,1994.0,F,SP
59d278d6f7da99c3348f71db4f9d2ce68860365dafa5952b2e65d9330cc23f71,1970.0,F,SP
d18295440b765fc6706b16a98f18129f5e698d122f48396f96fccff47f084250,1978.0,M,SP
b9e993a1a6baf9dec374980ab22491c070692f42bbff7b347f423d9a6e9b721d,1981.0,M,SP
f6dda8f30d1db534078e5ede246277ad727b760b5d83c81d6c35e4deab6cec33,1943.0,M,SP
d372fd8dd506b7b49e90b41aa67278960393ac88da4cdeb4d604b649325c9c7a,1961.0,M,SP
e12911175e8a239f1f794d9cec8ae169f2e939803372389eebae69bec642428e,1960.0,F,SP
d3ba935f10f4b97928e003b334ff48411f910017af1fe3b2f278e772a08115df,1989.0,M,SP
5fd9f7660fb738d910f2cd60738ec01c97121ed8bb9a4b9288fc58d646afb4a3,1948.0,M,SP
a9f09d2c590567a3548cafa67925b03e8b7ee99a29858e79eaf80d891a410371,1995.0,F,SP
dff20f5ed67358e5776259157a8446ba04cb7c6ba28caa514a27d3c91767ddf5,1980.0,F,SP
0c111fa3f52b61af5d0cae0b00ff1e02a495440b05bfa896320f80c14a49ccdc,1978.0,F,SP
2842bc03c469230c0a30815b327ec2c992bd977489021f19dda41b2df60ae33c,1979.0,M,MT
e82cef38c35babd624e0117b7cf8160a620931d2cef27e460a4ada8c908a46e5,1994.0,F,BA
d4c10e9563922b7ab31b9d875a7c4b085b08fbd319b4a3cf97eb79f76083b57e,1988.0,F,MG
3dcf44d441dd9afd47a00b743eef85e9c3307757b5f1afec161be93461affbc5,1988.0,F,RJ
67b63779a2822387e16b4cad96fae60ff1115506bf482a8cf7cecfaa6a336b56,1982.0,F,SP
873c0894c0985d9486b764c2ff8ac25b14d5e1bca25eb3f97bc4e4e8bd56682f,1982.0,F,SP
9f19b68f8c806be70822e8e87646e080b011dbb0ffc5f9dd07c35656f200d850,1995.0,F,DF
a79e8bf8ad441c1a2349d678a2b10e0d70f58ba7d23e47f142cde7a6adcff287,1965.0,F,MG
e580dc643ab15b1577705a1340f772c68d811dd8ff7c14cfcca1724c8adc22fa,1978.0,F,SP
4c85ba70a198c39e642d4233ce49ea06e98a437dc2d93b6c9f07658b4c6d5cb8,1956.0,F,SP
95bbd1196d37006257680bd4f0fdb22353dee88f1977da206c38bd1cf61e4fcf,1982.0,F,SP
9c8ba183faf3222366da7817d40a0c8f00bb32e810f818ece1fc86def2fdd987,1963.0,F,SP
d7abf3e55b6a49f61b78faa438ec296286edd45fae461f0cb97f54d7b7650bd6,1970.0,M,SP
31e516f043726f790efa19fcfa47a24c4dd76e1c9f581f4bee160aa287efa3c0,1968.0,F,SP
c134ae71ccdeda6780a044bb0f7cb82e26b0b3ef68fc0d947233d335355bd53f,1989.0,F,SP
62de660475caf3eef6b4285b64f341d05204436e9e2e2a8bb289f8abb7448361,1960.0,F,SP
58194ecae42cbb931855419b66b4ebd0289120023f9c02c74826f7b23c833443,1974.0,M,RJ
6e8c499dbb8198dd192b45230c93f801a60385466bb3a1610b261f000f3adfdf,1999.0,F,SP
b2fa618b35b4864b287b0c760f0ff6de50c13951af67ca58f30d735e62799422,1995.0,M,RJ
457eebac60a7464a9de7ae2bc815ac28e89ce1a18a28cf75abcd2689d88f65be,1971.0,F,SP
ce891eb98f3b55177fd1594bf7237561bd28031d2f337fee587b2bcd8d7c4ecb,1982.0,F,SP
25b5aaa53abb6eda6f71803190e24d99151ca2611bdb81b8564d8474777b62f5,1968.0,M,BA
09c2fdc2355f9fc1bf1b56d408490dbc09bbb619e507e1a359b25bd3fb9a978e,1963.0,M,PE
37dea42b8e1f35c04b24ff66a066f2f79bdccf886f9920efba4b3645c5564a1b,1971.0,F,SP
37839ffc8363a9e73136c4b895224a747f4233abe11163935571c4afdea99bb2,1982.0,F,PR
3a0fb6ee3a1379c471c675c8e3089df16f88d363efe17f4db7a21e4bd5fc2f65,1992.0,F,SP
0ebff1893dd078217a1bc1954970e3cbc55c1fc0810f7701862f424b51f7bf29,1979.0,F,SP
09f5f7e569344285e23fbcd83e7956294aac1c492f96023104f94e82757e6ef1,1951.0,F,SP
e0a260168c7a3c85b7c410131c43c33d5f9a801cc1b84b9df266a341629c1916,1988.0,F,MT
b7c57da5598c8039201ac7912c5df3ed4a80c8003807659749646c4be2b0bbd9,1997.0,M,SP
12a006cfc0d7fd39260b236797477cd8845bba9665193922dfe2f2458b2ecc61,1985.0,M,MG
124dd4e741087b027dc228a4d510733bd21909783a99270123ab7f39da7f668e,1992.0,F,RJ
6d21a74ab111961cbddccc397567a39d98e0135ec30a46b849c0550a183d05c1,1996.0,F,PE
191512f27425e5dbf10449d5d89676ddffd3da328416c02b0d4f8cb4a3fca715,1992.0,M,PE
a3b56bbf39873dc60db86f918fd2bc07a85f870746886a4b5d5399aed6271ee5,1955.0,F,SP
774a9ef99d706134ab36f7cfffb0affd7d0c1c0e1eec1d46a1db190727b00902,1984.0,M,SP
c8f3ed57fa2969edfec571ff94134ff664bc417cce5bfb4a807dd874b14f8da0,1984.0,F,DF
12f457d7acf8a3fc6d026ce3c4a8af9fcefdfca82fa993594fffd4b8053b62e9,1990.0,F,SP
9b15d72986cf122ebd17c8e00162b75ecbb4d9d28b5e341b4827e1236904e1a5,1985.0,F,RJ
bd31d5e8c9784c86164367b337accfb7f91e7a4860c24f60eeb397e1f10a17fa,1994.0,F,PR
aa10471278ffc63635fb6b122beb2505667e68686fdd809c46d2d1b3b4131047,1996.0,F,MG
35ffc5f3102574ec8b720718dccd36ca834216475e4e68b9c423f5214b8d9a29,1990.0,F,BA
45490c41c24302851798024b8ba3a43a169d9d7326d817630224b20aaaf9bd43,1965.0,F,SP
5fdc53c0adc0f751ae39eceefe3fe1cfe0c6ba8d241f4f546c04825e70280ac5,1980.0,F,SP
3e3905a535b04970ad5ae4785d08e284a6f0cb882fff5b3556d877aa4ba9e095,1991.0,F,SP
ce05ca44a5779b095a6834c73a4fccd9ca8ab259bbe17485aafbe872492c8fe5,1958.0,F,MG
f98510970d10f88f7ef2cd58c1cc1b23bb21b357f2632d4b46b463d722c03275,,NOT INFORMED,NOT INFORMED
2a87fb18d5e77caf283e27a800a1a7d7a132fb24aae4508062b4c72ddad8a97a,1971.0,F,PE
e0e29af3ce11d3bf03b5c7338721339904e670cf4e86ca6c3b124e9b1dbc58c5,,NOT INFORMED,NOT INFORMED
b261ef4f57027e5374760f9588b50f768986f82d797d6665b96815f1767f26a8,1966.0,F,SP
aaa9bb0254d1ccf00ff8e523d861305b509226e73d509521a6cf9b1e4a385890,1958.0,F,SP
1aa69b3c88ef16fa9cd29fbdc4dcb31803f08be7c43ebd4127ef2f920014c1f5,1961.0,M,MG
c595add06ea184e7d39428167ccc29f870ea1b6c4d39f43c3590cd0a368eb7a8,1983.0,F,MG
52a4cb0b89912c27977864a919e8ced05a4c0a10402075c241b04975728693ca,,NOT INFORMED,NOT INFORMED
036e07fef784a68ff585c8a18d0acbbdca8d69fa53d15a44eeb95b000e31511a,1989.0,F,SP
994da2f741fed4a8c066f9d5d7a40a0cef1d3406acdeb315c3ffb4764aa62e42,1994.0,F,RJ
2a43f852fd572b2bb75a998543ebff510ff0d8d12cc9aed792c2378a5019f13c,1997.0,F,SP
35af3965ea33af67d94bb2a77b9781d21035757698cbb98579bcd52fa2262886,1986.0,F,RS
9b0cf12aef2f2d784a83e996a48e01bad5ab5c6e2d9115517bb6a3991fd11e58,1989.0,F,SP
c2c59a41001f19af76dc719509772cafaa58df31d86389626d420a3a75b10c2c,1938.0,M,RJ
39f1497a1d8b5deecc8694079c9ab77601cc5f2064f4a0a467588603f1435ea6,1950.0,F,SP
917c23b651fedb26bf264c8fd5703a6938afba3d6941c2ef6ecca6b23ff35d50,1990.0,F,SP
a8fdcb44428e4ce798d423927b341a1855f731884dcc94be1e16bff3d998c07c,1969.0,F,RJ
21a55795027f7f93caea609f22f78a7aafaae95545931422e7ef7b521aa45d36,1986.0,F,BA
844e1a519eddf85c79054d3f34ff50cf618f086f5abed95e1309f0dab64cf3c6,1989.0,F,SP
d1cd89fcd119791d1efee208454004b6ec02bc1f0b9af00e54efbb1c06e2d2ef,1989.0,M,MG
bfeba16f1942df4f9379a42a614fff492219c1f23bd73ebcb76caaaf50cc09cc,1959.0,F,SP
9494c225b81e9b829a07d584342e50df02f75c2999f7606bd517cdf384af5501,1987.0,F,SP
00f1435dc3f90acf5e83502cacee61e451558ed52701c7b2f7c78cedb5b7303e,1971.0,F,SP
77bfb244cd19447a2ef9e142101eded53ce3620bfa27effc5b7418da0077565a,1980.0,F,SP
fa6c8b44fb4d1912a02fdbd666989d1865e7876710c6dc190c24893382c57a6c,1995.0,F,MG
5cbbf0eda007133888f3eb3f0c17a667a1e70ee89194c486f33f8af11b7b724d,1984.0,F,SP
be23e479500dec2f4428c1a2962be3d8bf114fee243fbd7193302438dd9ab453,,F,SP
588365a9b92c272ddb646203c3118f9812d0151713e676012f7a6dd8e70f33bf,1981.0,F,SC
55568c4a7864477b85b2b5ed62dda2279d3c886618bf2702d52642bcdc1b9ebc,1985.0,F,RJ
99b7f57880ce5426eabd0666c3aa531385fd15ed5590a720abc1ce3335d00346,1996.0,F,ES
97d0a7fa1258f807819618d0fc4b000ee952ef1395e2c471c0f65ec045037aa2,1985.0,F,CE
383a57413bc7317d8ed2a29341831db140b231ec373bafa22cdd8268a9087b6a,1988.0,F,RJ
650ec67cb61469bc05efe4ee0d1d9ef3f7692bf12b84cae2c305f1122314b379,1978.0,M,PR
4b5ebdd00c5a566187f7a7044c400ea1e129348176a6d6aea26846c844f2ced5,1993.0,F,SP
315ccf03b49d7b20cc489202f54e999189051e1c07bde58d9d8bd3f119fc7623,1970.0,F,SP
12a46bb246cc4ed6dbc66ebfba84c015ea91ad939f3a98ab64d840fc280f3cae,1977.0,M,BA
c1ba456c86f9655d7fbd55d3625d1f8961e027419b6dbf0a1e28932b5b2e2569,1954.0,M,SP
b1f28f9624a76ef6da9c8040d2be7996e63769fde807b58517dc388bd0fc0efe,1959.0,M,SP
c51f785e1782f95d99b0807860186e23f5c6f190991fe884842fc491f69e1c51,1982.0,M,SP
0acdffb9dd576d8f83803b56065539d577c09436b40057a94ef833b966e17711,1980.0,M,SP
415ea7dbe4825cc6632e065e8ba8a1cbb294bf7ae9dc0d9922591e3f975f1761,1975.0,F,SP
7644663ecd3bc5a1454e2ed0aa5caa9c78c51491fb8848ef964598f47e6740cb,1981.0,F,SP
bc941efaaf6e844684db33028a5ad0a6534ec65b4266608e39ca7f78094afc96,1981.0,F,RJ
e9f7f67f8981cc67bfdf85cde55f2ef125a8ac660b2abee95889242153d3d61d,1976.0,M,BA
fc6ba08b5ae5e37a08c538ac76d3e6ca44f4b5120fd6520ae8f0a5de5976df96,1994.0,F,TO
145b48ae2cd239429d4cebd0450acb3c337cd7be51f97c078b664d9275d814cb,1979.0,F,RS
878139979d3f6b887735b391599e97c5183448fc763fb1cb0fb0b1a98a69e0ea,1992.0,F,MG
bedd805a9842514dd643efa0aaa15adb0e50746e022955e0baa8000ea1a10868,1991.0,F,MG
7de11a14cb101fab185c6a2fcfad6bff6f370ae6bd4da673b34543f1fc47b2bc,1970.0,M,ES
d961af7baa2ae0c2caf8039feaf16bb31e5152a525b66de2299b0a8314f6ea9e,1958.0,F,RJ
1c63bb4d75dd7202fea70e92d1d56d1e015b45b580aab8d5ea4d51ba4b1b0913,1968.0,F,SP
bafca46c4f4cb3a30edc5e9ea1fc4b38d3d37f909a4b01eef79413585edfe38b,1965.0,M,PI
28dafdd069d7c36ab9a77c39a174208d399ebddb634fc76b668937d3f4b5c346,1993.0,F,SP
2b38d8f2a09bd32f6572b720c2c221875a5260c5e5063708461c0634fa402cb3,1989.0,F,SP
9044b2cf50cc100f099e3360ee2de7322494bfca35b4b2abffb859f4c88dd701,1995.0,F,PR
17d09a0c6f2cf618d22be29c0f85e06dadd4699e72713d91c93a172a98338188,1992.0,F,SP
c8d4fe953c2d5d0a92e3ee1c052f6dc67ad0298c1c7712f33a408de9930254ba,1989.0,F,SP
02ef5def614b62d670e8b631ec31c41ee41bfce96c46c73c0b72c1cdd52874a2,1985.0,M,SP
07930197199a0a001582730ea656125277c9d9dada6616adefceef97422dafbc,1976.0,M,SC
fcf3708a18d1386eb85b8588a10f8b089cbee97ca448d3301d20abce9ad82b6d,1992.0,F,MG
59c12b0ceb9bb61c8bf1909bc2c80aad5da0a07b8179b501f9335dcec7320d5d,1985.0,M,SP
2b1e0cb3ef33e1b55120996111fbfa3acec1c2d45ab75b3f1f8e9643f949a0bc,1971.0,F,RJ
fb40c5a006609208e9da9fec2c42f147af6550433e16eea8024e89b4f646f439,1972.0,M,SP
5bf3194bc0385fd00c54abd6806a122140b44bc4080541806fa7222672c8d03a,1970.0,F,SP
4d376c087a9731cf392ea53729efa4716f0a8bd5ac4b7fd20796197d5cba3c55,1977.0,F,RJ
a61feec85a7f418e8596d8ae490a2bbb076b6c9aec1ec113cdd8be354a6f2bc0,1966.0,M,SP
7432f0fd5c5c2cd55a06a6ee6808ef2a76785fa6aeb62d3118f3609177ae51e9,1995.0,F,RS
92e533eb819ae62cb253f7291f8c394f6c5bcc034c1ed7cec1e1461cdcf8e547,1973.0,F,MG
dc52456658cf4bffb046fdf9cc7ca7328332ab5b58e02f4500baf35386d268ca,1997.0,F,MG
62ae56f114f0eb77ffcd9994e01f8c5a118ac55b1104561f40f9ad323679588b,1970.0,M,MG
5a4627139ce0706c6e1426c84c26cccb3c1a6e868dcf7ba19dff547ee8b4f7e3,1973.0,F,SP
33d94bd5130358f148649cf0e046fef5dd61c8d2f775a1645a307a72acfbefac,1946.0,F,SP
2069d099bb70c4dda840e5ba39fea9c69a30f42592ab397f6adaec18ccb8d19b,1972.0,M,RJ
86a3d9721cde20227384426afdcc219db9faec3f89331b2bb7ca3e15b1a643f5,1989.0,M,SP
6146319930c8504376c99962bb0f15d31fdcb460f2ac2a844e0f6f52508bd369,1979.0,M,SP
47848bb2a81f601d7e1098a97a5f892fbbb8f39897b86f19a19e100398ec3b43,1966.0,F,SP
0a719a7450487c7fb7d549cf6ca6df64f414d7b8158b82328a2e0393ebc58596,1969.0,F,SP
42b1162ef56dc8d1178782408b5d233279e2d589d570d51ae99daa6a2347c56a,1950.0,M,SP
b6046edecddc1078c1631632fdf938e041baae6f6806dedf17ff74b2a97fb876,1971.0,M,RJ
dd643df2f5dad824c3c56a8a2e27c2bd67e415ff0dd043aaebd9f1fa3518cab2,1984.0,F,SP
d010105cd6a722bbe8cc4b254ceb73cad69cfa9180f13608fb81f00d55ea6ccc,1995.0,F,MS
6ef5d985bc6673bcaeb13b79253f3ad93a4c74768c77f579549fe09e2b50009f,1946.0,M,SP
dcf089b96e7c50a0a7e300c4008a29963476d9b60ceb88b25b3a1222e7e09069,1982.0,M,SP
6c750e4396b7c567505f70b4e1f71dfc6eb87a167f4eeef3023a141f84309ae1,1959.0,M,MG
24af8855422d9d6d719624900198de71f4201429d895e2f3bc007f74b63a090c,1999.0,M,SP
5035438e0a82b49505e399580ae2c819b2e345e8b3a05fe9a05a3acd52da54db,1966.0,M,SP
d47efe64ae9f43253cda7f5942e94b145f6046987edc0cc3d5876939ba8c32aa,1948.0,M,RJ
38d3b109b6ec601953c965bff673dda16b979f545ae9105f5204db7bdacff0a7,1982.0,M,RJ
616f60979e41e832a12f94ae65104ff25c1cd5cba5df6a23f9d65a7d86969294,1968.0,M,SP
88f68a2505e2b03fa6d1aa8c09b32ce427bacbc45471898fc72bc3d08bcdda99,1968.0,F,SP
1349ba9e1e2b9800ad5950454cc3732cb5f76dc3f3eaecd9a9a97917f7d58e03,1973.0,F,MG
8db7736d21a5d06c68a5923596d6416d799954d146a496216a6d789faa670c26,2000.0,F,MG
232cb329330fbd3359cd2ce31ec651240f90ae0fe45d58698584544bcc489454,1989.0,F,RJ
d5ebc4358fb65d4f30c5a725e1c4f464447e0007f00a9067376afebae30e65bf,1983.0,M,PR
c6f7125055b8d2de81f7ada0e8516a44c0f40791cd8b96757587acd1eed61ea0,1990.0,F,SP
729943cf5a74ef45dfe71f030c27fa68be3b2a03735fb97d2afde3cf926f6e1c,1987.0,F,SP
4bcfff4671e5d09b50b80612a30e62e871f675a8109e4c83d6d5ea806c91f5c0,1965.0,M,RJ
9d3daa91c3159b266d22ca6edd3aa57f48bb51e3d2d363a64e76ea9d4c7aa2e2,1989.0,F,SP
b329a2fee37e281db7b1ab96e64b5f6bf7df8fed03cc292d871cb2c2f6ff9258,1962.0,F,SP
21ae83089d9547c540e063fe9337dc1a274e837ed252fb75f8f01ff125620d88,1961.0,M,SP
ca80a9be8f6a49aca8f5c853c064982a17676cf89093ca4b5f7d894e589be2cf,1953.0,M,RS
8b68cd93e4e688c982840e5d3d0a157a8fd3d816159fd70d7403d243e9f7f776,1974.0,F,SP
42ddfaa2c270afc5ba004a5e5bd32d701bd0059a555958e24d9e2c1f5fa36934,1993.0,F,SP
ed723b5dfd0e4af436d5504cbfc072ba95f45ae1b8a741c1e654b32e2c08597c,1974.0,F,GO
2c1d5b83a990aadf0d08322cde23ac060ba64328157c81863136f713254dbb6f,1985.0,M,SP
22fd58124ee1601349e4e0bb84dccef9c814240690e55ca5d24ea811b99489d0,1999.0,F,MG
3480ea874280289870f90d88ab03e264c4cfa629d62fd0152a1452f91514ec65,1984.0,F,MG
35330ba79b1e96e9c1b8ba2c9e7e9ba54c0e2f680ee3bbfe90881ec41cb83ea6,1967.0,M,GO
4ee7744a0ec7fe575a37cad69b8fa44f7429610fbe3691b6611f5dbb77532f2e,1977.0,M,RJ
3a56006193f22e2c9e13705f64ce87cd452b91afdbb95eea7e5e2f83a114817a,1998.0,M,SP
6e9dd30044e17e323f39fb72ebd7c8232c8633a0d63d9a84fc834822a0e7047a,1955.0,F,SP
656b9a2f2b4d2f960303c8394e69722d88319e49e5b724b41cf3c31178750fcc,1952.0,F,MG
996e091671bc2ca2a122272ba432e6626ab7a0a883a8a39b03b70d8cd44eefc9,1980.0,F,SP
d09579cab3754b598ec459d9f63adc631f0c903e7f29ca0f7353c4a558700fc1,1980.0,F,SP
72957218aba583c9a1c4b3a857646fbc6c3c5d61db167e966cd4d71122b9674b,1965.0,M,SP
ba51d5af47ce3553fcbdf4ffc08a3b2641745536a18ff8cd5240f316fdf1c756,1989.0,F,RJ
2a004b090315a93d41a136d67a0ddff90026e3f1b59257c0be2c53c6358d9b21,1976.0,M,SP
37c0173891e244f0e98457af0aa03e038bd53b138a754a08006e58d515d5bb78,1976.0,F,MG
b03d944e8ef4eee54a5fe7d23eec24446dc9f5dbd60bce6a9bb329f8d09a1d14,1980.0,F,SP
9251586914e66336bf658383be9b9f590b619a2e74fa1669ea4a9d33779dea6a,1957.0,M,SP
03c7fd39f0b3dc9cc96be838b91a20b3d4f0188859dae8affeb208ee339c1c9f,1969.0,F,RJ
946343a09eb530681c493f50656cbcbf53f015732bd57cabeb831c942bcd519c,1993.0,F,SP
abc140e32e2878b364e26496f5ed950611528e0f2bde9f236c4d250d2186e53d,1996.0,F,MG
eb1860592bf67bd071f5560fd9b8a4a92d54a99cd7612b3557f18fffa0d21bde,1987.0,F,SP
9a327ba28bc21bb57bd10de9ae13c2e0b4a913d10be0e823628f4efb82dad430,1965.0,F,SP
97681e177dd55c41446eabd093dee9696348c010cd056b972383dcf7c669d846,1966.0,F,SP
1cd9b0b28f8cc57cf88e88fc00aca6496baa443b54fffeb99b8871b3dcef2f9d,1999.0,M,SP
cecd8f0ae7041162dd370df9a557ef741d87a9ce60ddc61269a2e21b55867626,1971.0,F,PR
9432b89a965ddf4b48cb96f53f96fe3f536e5953edc2720a4fb489c58085a476,1962.0,F,SP
b767618988a69207361391e99e696b8ed6732aa65afabddcbe831b4c149e4faa,1979.0,F,MA
34a918ee0c2578897c35ec1808f575d9da674c58157e49472c561f1c032e6809,1968.0,M,SP
402d409a67f7b2e675d81331ed2a83242b8ab00970dcc59f9f414c5a6915328e,1995.0,F,SP
8c39eb96218cf6633e856e7eb5f3fef0e87f4a0c95f5d249e993488cfe6b3227,1991.0,F,BA
9265025769bd2d918b21c460662c7f67d39eef7f1371dde89ea50b7e35d306f5,1972.0,F,SP
bf1d4ec7d3f56662dfcc9f298d863f4b9a1c12f3abbbaef547151c37e2727f6b,1979.0,F,SP
528ff206d296e38887db06e4bf00c1cb265f2f66bbfcb619f2dfb600271e90d4,1971.0,F,RJ
881b1660c5dc291bf244978d9494e3a9545127c385e693d6da03850f745f0b23,1956.0,F,SC
d2c9b1c5c79263eb252b1c3e25a0b1418b3966be3232ea929a1a0484e84754fd,1985.0,F,MG
99e70d16253a2d7799fd3808e936c276c46650cccab24eb8268e92537398744c,1998.0,F,SP
a814fc739c1596a12e521ad38388d9f22190a1524aa6a5a3015c36d8153556e4,1995.0,M,BA
d4d57593b157cb1f224b8e639c74161ab9dc2d6d35243f616e27ce84f49c5a98,1993.0,M,SP
4dbe3b404ddcca538a975e1ba9c28c7d187b3460420b408db7c6d7d87c7de641,1990.0,F,SP
8fe8be8dec111a10463c39b51c2710f183a3b9c22792adff7f972f4e21b70ac0,1984.0,F,SP
cf6e28e8ea2b102c805e2b9860e58a501e526d8e8ff6588614d8cd4338a060db,1957.0,M,SP
23116604f7a407ba745cc15f066b5a20a40419188abf695eb78bbf65791f3d0a,1980.0,F,RJ
ddf619a01d508bd0a41e980bb2f85703a986f5887b506b2bf8b53f91843924c7,1963.0,F,SP
c84d71bdc1b047fcd5779af9b063e82a94e8a92280dce453656c1c057305ede3,1992.0,F,MG
429d0e5b9c4ce7f42bfe9570ac79df92445227114d12e3866588443883687b2f,1971.0,F,BA
33e76b24a6c7fd7aec82de4ccc0cc55fe2c06488d849c5681158c587e6998394,1983.0,F,RJ
e66faca0d24a9d4a39cf81904dcda9392a9f7385c47abf92643be5134390873b,1988.0,F,RJ
9b8dd8d7e3517039ff11194860432c127a1c0169cdb9b2afa21d9261f9288930,1970.0,F,RJ
547980ba7dae77bc2309e23675fbf82467bd94d80491e1bded6368c67f892a42,1993.0,F,SP
a9d4a3564caf77208b5b5bb5ccf47a2ab58e41f662b45c7652a3e2e9d72ba105,1983.0,M,SP
a426a324e931686b8f4a4a09e54fc86b999cf7f6d71fa887fef5bbe578f148f7,1981.0,F,SP
df7cf37e622b3ed578504c625d12a9515d359c75a9ba3ae7826948846af19b28,1982.0,M,PR
adb6319eb41a47d9ca48e1faf514142cefc464140c265880e4f5f673289d0115,1962.0,M,RJ
3eb735b99637e6f4bcc31c59bf91ef9f528364210495d4abf11c702abec6116c,1981.0,M,CE
b7ff4e83dec582175d4e875f90539c5ba24e905c100778095dd0f1f70a6662eb,1993.0,M,GO
f1d985c930f85e5f19605f22dc9dac9f460988887f4f300b02e6ecf5715e8beb,1987.0,F,RJ
0d39980c2cce1aa6db4c09bab815f4369daecf4f95e812a2d2eb3e2b40b68afa,1970.0,F,MG
8591f43eea3bc11854face841a801ab7ccfd51869fd65a916f000e44a238f59f,1984.0,M,SP
a5318bcd62feb2512c95d969b8c030cdbac93611e1f647a1ee46e39786060f24,1978.0,F,MG
9411133f8c6980c07b099236afa8fbdb15a050ee750c60a520fdaec6ddadd4df,1987.0,F,RJ
931ecf30f4321887bfb18f2ab384b44dae6ecf4c85ff2de1706f2975451eb55d,1983.0,F,SP
31d444c05986af28c0cdcd02c0f827d112d5a9c3addc99f6e72a93091cf59b0e,1978.0,F,RJ
e1335bb76419e7d891a6df759d39d5f27294afe665e4e2876d40e48a1a11096e,1963.0,F,DF
1ec7aef67d446b4cf7f2824ca04753af6633e8b7ff1a2dc2825569cb9cdde142,1981.0,M,RS
a597a704373b5b151131e0c747a350b355f068237f2136b17980da4ef6d39f9d,1978.0,F,MG
5cd79e1af28a1de54b75178c5b13818c19b1b22c2b0cfe80e22ad0545dc49fc9,1957.0,F,RO
18819f31ba908ad7b4063c1bf5dc954f4352c1af90377b2435471b74d7d81f90,1967.0,M,SC
f3399a332e4987506279a8341c3bd3e62897a8cc7c8f1cf8ca7a5714635a58aa,1995.0,F,MG
7a15885c4a0fa34201a5d457247f290281a7ff0dc732108f47a2c7d539a1100a,1965.0,F,SP
47d8bce51e5907b42c6978e10f9d14e87eb2268ce8f44b3331a4a394d21bacad,1980.0,F,SP
0b2b8f440c5a95f1abb5fc37c67a9d4ba942d263e4d64f365d39b65560b5ea27,1995.0,F,PR
b8b6d2403a36f6e6c0e9400b8b14bec5204568a7eb6f3469648951e30add9000,1986.0,F,MG
70ca3e380e05d8e99227859d04dd2d036287646a3750317e203cce4a045e3d6f,1980.0,M,MG
f89d8f244e77ecd6688648e7c264254be3fb98f7968d987e698330798cc9dacd,1996.0,F,SE
ce1c3a4282252c40519b0e0bddb4fa56ca330b40d2796446cfe12c972b30418e,1966.0,M,PR
7edf042e3e7fa3c625a6cfe46956fd6ab67a3895591bbfca79018d550eae513e,1986.0,F,SP
41b8a6abf3732c8bbe7af325550ec5f05df267005b4a398de96e014eb04911be,1985.0,F,RJ
d5c6722f5c7989685d950636ef7fd6570f9a328d84827ae8436a186904fd81cd,1980.0,F,PE
1cd914a38bb22e91849abab39cf531ba8fef2d8c4e0b94a022024b0f8f45469e,1976.0,F,RJ
189a6bcd799c9e54d85e108ee5091935cc5897682e10fbf5021d6a5e21bb881b,1970.0,F,SP
f073b778f29e45196461f6c561e9d585c18722d58845dae4ad46d5faa06321cf,1993.0,M,MS
fa2900485cdeb3fa4112361b2db748d66414576494bf03f1d5e1db8c9e603b5b,1993.0,F,MG
ea9a9aa80a8d46045705998a944b4689c5ac9759ebb4062dc3577c2749c108ca,1984.0,F,SP
21aef9fae4998726cac4a0bff9b331e85d58fbb2c2cda590bf4cede5a8668cfc,1956.0,F,SP
96b0c7c35b2db91e55f760e0e521ec3ca70db0cfad2f033db30c36e366ebea35,1971.0,F,SP
e999f9146a883649d075250dd9769752b85c2e804715a234e06eb618e5d6208f,1980.0,F,SP
5a0922a6971ee905ee3f9c4e572f3015925e7a64ea8c54d7aff67a96284ea8d1,1972.0,F,SC
637871768f159c3763008e17aa0e5a57171273133a760914c9d86ffdd16de9cd,1980.0,F,MG
da11a59815191851fea1b8b6c39722142d55586b626e171f7facb7de2c1fa09a,1986.0,F,MG
a9d57cc0c114a5199d02dab028f7d35133a2d8d1050dd74908a24cf710315bee,1990.0,M,SP
9bee39aba7ba593a84c89aca4da1106e7dfd323a0e0d75a9fa64ad6b920b6a67,1984.0,F,SP
7d239f5841caaeb3b605f1f4ebf04adb9221c8f92646adbff33630d9a26aaba2,1962.0,M,SP
a7ba5fb78c2e56d3598decd35ae60a05d5e2cbbdc0a8f5f27036a9e6368253cc,1970.0,F,SP
9abc35bc4182ba1e67ecd23b47998b2ea31b05fb16c6e9766cd477905452a88d,1992.0,F,MG
47d4f413c4bca255d41fb8a36578c737a46965a4586624d193433654dff300b2,1976.0,F,SP
ee48eb802b93c7a0c9f4ceeaaa55f98019c65be0b8180e817c07e3cd759be8df,1980.0,M,MG
1c189b7af541aa3cc7309fdd6d32678ce3e68a27dd6a6c563d8f8b8f8a72e6a2,1984.0,M,SP
75111ccfc0067e19984af1e5768d5ba2a9e8466e72a76d18c88c2cbbefab4b0d,1988.0,F,CE
bfb9fddb0b22747e2e8a671e06a36cb4a01005608a1c131697c6e6c9140633e2,1995.0,F,MG
6d2bccacb6c2cf60a9819b0b54e4c4a4b5901a99d0dbda4dd7d0381fe76c5f91,1974.0,F,SP
deb52de8298a67277f59c9853ac5f9fc2568491844f7ec51d63ec4f11fff3238,1982.0,F,SP
fa30ef7e9bf91f4babd8d764d135a2f51a85382e91e1851f12c32d5444fb998b,1961.0,F,SP
c77d0f9834f854564c3fa113159cb0d9d9ff92c4fe793d36e02cac14bcd253c3,1967.0,F,SP
001b45f692049720c72c601afeb80c39e4ef869f3cb0e63f8b3f0fe6dce98bf8,1983.0,F,RJ
b8eab2bcacb7b2ed04cd69abd8b0a748f07d3a68f6e5bf07fecc46e350af7498,1983.0,M,MG
5a8621917de7e7d321b02b25cdc51ce80b5350d6a7970a296abe2519f5d8633a,1988.0,M,RJ
433419361fd4c31729f3cdec92d3e369b8d9a1868b00315472994cb2597d5aa0,1958.0,M,SP
b9a2c2ba64c205bf92e013b6226cf758c0c25e4001c593ee085ed70ed9235bf3,1981.0,F,RJ
719439f04e3f23648f0afb0a37986ec7db18892f8ed6d679f507c3485e285e9b,1976.0,M,MG
08a39a105874ab125b575b03739be4871d82107fc54fc9a83e4dd758992be7d9,1965.0,F,SP
f6582e2a041acf3b21e20fe80d0ced8f1708ec9174aa08aa1cb9fbc213d0c3a4,1980.0,M,SP
2dc126c251760cf126813868531bbdaa5af9e97960960214f84c93c4e7bf3e38,1985.0,F,SP
a06f93e1d6b32dc10731e0b984d8966152d369e5c9a27366a480c568d554a194,1975.0,M,SP
dd58942942f9296875f7abb068cce58b6a0c78ca7a8bcfbeea8b5a33ac37a3eb,1953.0,M,RJ
59cb2b5ff5c8c80ad63bcfcf7a72ddf74bfb6f3bb9e2586555c4c5562b0e1f30,1980.0,F,RS
71eed78d74159ba8c7d97182aca61ae17f6375b0f9448afdc7436c185d2a0d6f,1963.0,F,RS
2fe796bee588f50894e2d4812a121c6b3b5b7c6dc7f282725cb4dad47dc71464,1972.0,M,SP
13f4cf93feb88f02494b75d9a0cc1d8b0f3e449e047925585cb548b338e8f858,1983.0,F,SP
8f3ee29a83117e236438eca5a3b1230d277967494858d4e88e62b927bc5114ca,1986.0,M,SP
c57d68a60dd53b52a7a33f3e705b524cec6eab025c5c14898676c269f8c2ad90,1979.0,F,SP
2ec5e20f6ce0c2cfb3e80b0c5e8099fcd7b940384db5d867c7a09463b080c7c8,1961.0,F,BA
5818612eb6a1f80c5b2a6c77b54d6192c465feeaf2786f46faca3eede9bea0f2,1982.0,F,PE
83f7f0212a41a9a912f81f8d9ddaff09c42c246ecdb808cf7d504e3f90297d4a,1996.0,F,SP
1869247a1ce9c7b800b73709cea95b8211dd57bfad9d92d744caa158afc6afe0,1965.0,M,BA
94fb83edf7a58a5ee8dd917c9d56ea60ad4cac7b250165d7fb4228191e3656b3,1982.0,F,SP
4d16d3a446c1aff461c24e220b381d05e1da460f53d7bf0c323654258d04ba5b,1963.0,F,DF
83440ac1a0a2d417a3a2015525391f279ec50c76f74736695a6a3fa96f1fe69e,1983.0,F,PR
44521316e0198819401ad1f7dc8e7b370045560a3f774116b36a5f27ea9db15b,1981.0,M,RS
6fa7338030d30cf42769b688ab2a894daea296314fb8bc8f1ad6ee64ed16d847,1986.0,M,MG
7207d2bcd721cb17f6a4fab101636b82c40601ff12e8aad7d25e4ef80c5f728d,1987.0,F,MG
bfe3c168a3682a564a11a7c73525f3b9814315b93ba35104266a34c5366be814,1983.0,M,SP
bfd9df79b61de6e42fd33eccdf9567f9156946d1b8a756fefa5b45afb68bef2d,1994.0,M,ES
f9c0209da1db5702bd3c5d842be9574cb5b5f3e54f08a471006d824594710336,1978.0,F,RJ
ef111ccb832f1176a75701d0036c087ab6619078521502224f54b94e22f441b4,1988.0,M,MG
6de951ec7a2390348351a75c6ec10668ed36a404a2e316e3c9ebc9ec77175424,1991.0,F,SP
985834c488352b592c8fa774a5aef707b29b0861c597a4edc777b0f588b1a948,1986.0,F,MG
486a90c61cf22239c509e9c0bf25c7383a80e2823269178fd618974ca70e17d1,1988.0,F,RS
bee606b30e0d7c18e7da82c07ca1a51029ee6e69f9702fa66e1488e66f253b6d,1986.0,F,RS
6e1193c60b7d5a549c1285fe1cbeda0fc56f263543022da84e7e9c996332bbb4,1976.0,M,SP
f8f0272dd5bbb781f8fad11ee24a45179298fe34f60f57973e86b8050e86eb5a,1994.0,F,SP
7eccb9a16cc93c31c43d936963c65d2908a30d09def25223e6c9ab15062b1562,1970.0,F,RS
888810bc25efe72faaad1d33179ed4da0092e93fbbf877832e8a70c2b115cbd9,1990.0,M,SC
062cb2b6b8cd74cc62443fb731b4fcb5d5bb7460c1f560fb71a0dce6005d6749,1985.0,F,SP
608dfa4ad402c8dc0eb9550636a52d051c1723d9793ea9094f7d4f72819bffb6,1975.0,F,SP
d194bf6a10d283f5a98389bf4904883a6e7553dd6547ee229fa4ce12902d2dd9,1985.0,F,SP
f4c6ec9204d5aceb2f253b5f95d3ec9a090c0e57d382ab6ff7e0b322b971287b,1997.0,F,RS
6b7200c8fddb971433cf89dcb0164dec6a18d64fc0b5ad872dcf3acc8cadb612,1979.0,F,PE
73edfada1d5e826358b6c8f3f0244ad3861723e2e50ac69f48590f8d282d4979,1990.0,F,SC
047ac151277ac096f8fbc617748ed22c3fb4f8b9085c850f30ff1489f6713ccf,1962.0,F,RJ
3162dacd4a48c3bd6e38e50f0638cf34d224af66242bc749d31e304f7e015361,1975.0,F,MG
1ec7b32e619f9a19ca7308ca9df61eebe249f2a1636db7b28eab7fb346b06965,1959.0,M,AL
8106041581e4b6d64cdb081e853c0b708dbd02f3281418e3e2309f9a2e259789,1983.0,F,SP
0f015bb318338e3b3ca08273887f24b81f59e0683b4bf0a6df8af0d3a3b879d5,1975.0,F,SP
3ea03f0343722c4a929df83e4873d0e49c7e5e04883af68c66eee5289d0ae8b0,1991.0,F,MG
564456ff49473a203d721e24347be062a29a8a90f89b5ac7941f8875b0ba326d,1991.0,F,RJ
465f2ba14f9dd63ef60d7c174ffa8657363742e01090bffb09c0ed3071326cd9,1996.0,F,SP
03e9417bb8399b0f02db7ad1547b67297b01c13e7b7b865e1b6604862bd2732b,1986.0,F,MG
6fcf2dc185f104b31420faefe0004285caa5d31a128dc0ea7435832846383fd5,1970.0,F,SP
e4c3f679545216aa0f3e0a9d6a83b999efefa1b6aa883f50c3db579c4cb2b04b,1966.0,M,BA
af0cd76d3e909d4e2ded43a6c45e185c8769ee2c5ad2b06ee96b72f5fe671c64,1996.0,F,PE
74f412f44d0b559adaa928dd0af2f0922b44e69a059ce4057026266683f241c2,1983.0,M,RJ
e89fdf50b72de9359721e9c2fb729e512b0bb0d4e1763a209bb3278c02e70cdc,1958.0,F,MG
cf3f33b21f5a6616c0967b42196e4b77b90ffcdaaf1be3ca0577a2a253329544,1984.0,M,RJ
cd7703c2ff28f984635c493d001acf82101315a4b457f9a717316b98c155beaf,1982.0,F,SP
4ba558d0787c75be362e64da4f7c65dc90896aba3742a02125024499002b2d4a,1985.0,M,BA
3a098a6be9e419eddbc32e54b2f62f030f0e5301d1effaf9a7165e0a510e472c,1973.0,M,DF
1839b1adab1198fe91d28a7cfac6af33cd4b6ad5b75322991903abc346e2e144,1986.0,F,PB
790d2280588df55804678e1436db767896736ce70478588b5ba406fce6cf4f4f,1994.0,F,MG
93040fd93cc2274ac7f71eb7832d2b599cf4fd17677ed2dfed89ca44a8175eb7,1974.0,F,SP
312066c3686c155931d46db78f20f2f7ac47698b054a2f61e490cc46efb3487f,1998.0,M,MG
3460ca52d947488377e8d5c29a4946f0e5d145ab68c3b629b253718697836495,1996.0,M,SP
1c120e408c0d6cd6881cbeb198f794329f825906c8b113c945a8ce7b9669453f,1983.0,F,SP
a3185599f0e6179d463b2ffcdb7f3f102a648ae100a6f2bcc98d1fdfe6ec9581,1990.0,M,BA
bcc7bc059515c6028fbb7b804c80e5cacd88e272bca0cb116ca81dad3e62f402,1984.0,M,SP
daf4fbf6e503be450b7fda8258a74dc6bbb89b636103cecf65ed0b8ffbba3462,,M,SP
59843d000acd9beb59c538b034a2b35005198b87e141ba01bcde9ce4a34bd2b7,1983.0,F,RS
11018a990f4d0e5bc7d840cf73e42fbda18ae015e89db963234cd7c5da19ca76,1977.0,M,RJ
ebb12cc336b080db0cb3c1a4a68fdf66c52f290c9564f8f295df8f7b0e96011f,1997.0,F,MG
1e0784411c1ec902ed941fce34d90ccbbab0cad4dc097e8420e82cac03983639,1972.0,F,MG
45455e62a6820b0041846b1258d2c37ae56debcfa46992c84a54966bf9c68ea6,1988.0,F,RJ
bb1c4baf79a503fd90e9bf6dd372384aba6f4ebb8a541cb8d97b548307dddc81,1987.0,F,SP
d5b937f42783d11213e3aa73b214810565a8cdc0d304b011fcc290afe9b4bb76,1983.0,F,SP
e049bda0bfe38d3de5143983620591b808d2e5d9ad9a0d26ae979c2803cae126,1969.0,F,MG
a0ea53fe6d12cc69753ed0dd5f2c4b78d6fc03fca02c4b5722569afaea7001f0,1995.0,M,SP
300adf061692930c16f992c0bb9e4cd586748c690e95ef3f884ed5394e6124fe,1962.0,M,RJ
4694651c32deae437282cfceaadfc44eb535e146c79cb087695e16ecc34c9617,1990.0,F,DF
874ca5a654d388715582dd7a3f942452be76ea7e656376985358705c3fcab2ac,,F,PA
8a680c46c7fbf0728e2a9efa0ce914ef1220e449ffac7659a04a1a31c0dafb2d,1987.0,F,BA
7e8fed6bc0781cfdf7371ef9b1f1a50da2e3bdb83e49be05e34f0cdaa103c8be,1995.0,M,GO
d7b838dc422c9f35cd86f9556f7f06e71f264dbc69ba75082602639b5a14d1fa,1996.0,F,SP
ea065d9275751f96c8b63946ea2b3b19bc8a706a7e0f4cd5cdcd48dd18997cf2,1960.0,M,SP
0d254793e32abdd98b6737d0264b0ffa2d05cda158b8d30e5d38be0d1b1d5a7b,1993.0,M,RS
f2463b0e59c1ca4d7cf3e24f7962403a8b0759132380178aefcd63614e890ceb,1964.0,F,SC
6a389c59832bc4e3ea3ee60bf42294141d6f1de1e15c3740f017926db537cfee,1987.0,F,SP
6c8118aa628166c9f9477fd6d052f43caa1deba63a69215c73f172c366225935,1954.0,M,SP
31cb4405c908f4bc497b7041633951a3d638e384f6833892d94cc407a3d06850,1984.0,F,RJ
c0d0b0533864aba8f4e81b5da1015250bf3d4d24cc02da66f821a333535d4b7b,1968.0,M,SP
3a4a3905d8b75597415b84fbc58dddfb5c942349dc6ca503e62af7f7a0fa09a0,1964.0,F,SP
245dce117ebbbe1bc063f48513b49ed0864b3b2fa93931bc6a2aaa303cf3ace4,1967.0,M,SP
d731dac4e7e88087209d2fd879cc7b524bd2854018d6a48e303939c1280104d5,1971.0,F,AL
e553ca7c19c4d22f0b86379e0b1a1f29d16cacef2952050ebc7db027f85376d5,1987.0,M,MG
de8b2073a9a6163e465a5c5227e6c3d20e95fe38b1049282a4bcfc6b1966590f,1962.0,F,RS
d8eb1ded527fb98639a12085e5e0590d3a1039944658def03f57f7d6b81bbb1a,1967.0,F,RJ
d0332b28faa18e526d9b3b6d10f3aa037c8c84af6761e9bce003850830e1b79b,1982.0,M,BA
6a6c8ebb61c857eae15253673778c5999589f5143ba781087d4342a35b3410ab,1999.0,M,MG
b5215a5e6b4e05f9336c627b2a39e33fabd29cd33c0ab15b3dd128142d68765f,,NOT INFORMED,NOT INFORMED
2bc40e33aa011d747e19b837613ea581272171817bfef96176885a5a9a008620,1996.0,F,PR
b71138d2df5fc92188635795c1b70396e82d2bb6a44444dc73b4f3255adad2ab,1956.0,F,SP
028b862c5bc79d0e3f071df7bb51bfb730120d26e9585553a795f679ce15671a,1988.0,M,SP
5dd6146978c0e71b4f3472b64be0d839c139ea81b5fb5ee1dc2bfe75213449e5,1991.0,F,RJ
2bf7771ca25cd2efd39770156b2a57af49668c220e62d1cded260f3b2db698f4,1995.0,F,RJ
0340277a907067788c84d971379b76a1303235975791a1bc7b8461c23469558a,1965.0,M,SP
841b3c6576a1f3d2b4248e5c07c2fde3afaebf3d3e68e20c334be8311f711bc7,1983.0,F,SP
3f49ede022229b9db71028b100cc089e07db469e92fb0f251290707ca86e3f43,1971.0,F,ES
5a8c289c629e6207538edd288d2ead19e2b69c92f315ceec2c109beaddfed459,1967.0,F,MG
edd496f1f4b981b4433aa36987c0bb7501456a8380f7ea6d384daf54fdc83ce9,1967.0,M,RJ
0b69e7f6484d8b3aca083f0e19c250bdbef502978b64b7425df0d3ac3065982f,1985.0,F,SC
66d6ed74d50192723cf53eb0b9b0e664bd7997162d0028e1c8dfe3d428870422,1982.0,F,SP
6a68d009c675cbc2e737faf92d7c6bdaba9b6258ae83026b92afaeade628dfbb,1991.0,F,PA
f85d1ebaf6479987c0f183480503462b9d280c3abff4d02ad77336f8a0428a4d,1991.0,F,SP
0f49a475950d2d73c3d52d2cb4715d1ae3ec7d7d82c2a33491da3f37ea840ce3,1944.0,F,RJ
dbf8a3256ec20d018e1bb8d6a90624e2eaac5a1a564e245d2ad8e1d31459dbc9,1960.0,M,RS
dd997c0b85eb518cdfe38fff08bbda5eed1f75790072f3ec3eb59f8a914a4437,1993.0,F,PR
ecd008ff594634cc470ba2aa57c2fb3c162a0d097c181bdea56caa4dfb36795d,1994.0,F,PI
f61aace185cee5e9d19ff57628cc628624be74dfc3a2f57bbbde1219fd0e2ef3,1964.0,F,RJ
79dfd6a59abe2a22d088163e8c0c420994d63a5d004973bae7f47023db723dd0,1989.0,F,SP
fa69fff8fd660e931ab7d0838756833e2c2f06a0c887c448d7f5edd3bf00e9e6,1978.0,F,MG
23b4fbe3ab846c0011ce370b2962e834f995366978191bfbcc34128f3cea5694,1996.0,F,PR
dafb710f9f97c2b5fd96a82a51a7216d2d357946516dd197599dac5fa55cd101,1974.0,F,PR
a8fe0a9393b82596c7e08f4d03abc656ea87065f3f57d2d95be368bb7869c0a8,1970.0,M,SC
3388dd3e255be1819592144d1acc62abd68883f048cdbecb4398c46df788345f,1978.0,F,SP
3a90211c72eece0ccb73c72cb55e0f4165feed9bfa33a9cbf65b8700bfa46937,1982.0,F,SP
7b5919f76291330e50d0c128878f53c5715780b984e75f9fa7abeb391f9ed2be,1977.0,F,SP
40bd8dcf7bc91febe0d8ca6be5ea2579d0b8b0924091d75719d1b322af3a15cc,1956.0,M,SP
33a35fafca125972f559083e6d97392afaf1500cae38b0fbdac90107a5655592,1990.0,F,SP
82cea408f57565180d515396f7a01209c19363244f815a70eedc78e03a7a1d3e,1976.0,F,MG
88d8c1b36c1bf86094f06052cc4302b0f23cd4f60956f75fe98e8ee924b5203c,1969.0,F,PI
75ad25385062d2e9b2c11be1ca0f81aa9d002872f13e935511966b4cd7c07fd9,1957.0,F,SC
57de078d597d5cd9f36f7311ed1c39fc38ce68e3769ed4fce73a8bad936adb5e,1993.0,F,SP
69bee258111649514a0eb5a4360a9390c824ac9e184e4c39aa121b8b21742edb,,NOT INFORMED,NOT INFORMED
566930a358fd6072e9516bfaa1c571c16a5a1b56261f197aa757b2d289812629,1987.0,F,SP
31608186f17f8ad7b002a7b6252a98c8143f6e1936f895a89e3828abc6c49d13,1973.0,F,PE
babb3e106c03dd40461968d6dc1d3d97f531fba8089e00f93f76784a3070a3ef,1973.0,M,SP
f3d35097ae4a1bec9e898d103dd920782caa4ecec3500111b2718c1cc8256b2b,1967.0,F,RJ
b60079ea8b7ee8cfb1feb95c139b06f077d33414c9f313e21897b68035f785ba,1976.0,F,RJ
44f05cc81b9ada4d4c03703e9e7bb5790a0db4fd411a709f7018bed8fd8811ae,,F,SP
31a17f52ec1f8eb42a585130a6dba6420020655897d1cb5641b0d856eabcaf64,1975.0,F,PR
3bac86cdeae153bb117bbdf57741ae64a788b7cb6be23de503774fc5f225184f,1984.0,M,SP
ad20b2b8d24d6fae82034123d4e17c58be5ae0d05d63bf9971e0de1b114368d2,1996.0,F,MG
1faee897d3706e5db6f457ff8e33bc5bf9886597d9330d43ffe5ca3556d98832,1989.0,F,GO
5c3363e2d43bce6333479a186c859030cb416461e765815dfd2f79cba990f291,,NOT INFORMED,NOT INFORMED
b478ba274010883da9c8471135ce9ca6c5c5fd4994249965da52d5ef6688698f,1995.0,M,PR
563a2b40e9b45417792d8e0ae16ef9ed90f36a0b5561eaf8373c59d22bc9081a,1955.0,F,SP
a7f0ba0f2c2a06eec318d1c18d45f555ec6aa2ede92d48916baf4ee49846b35f,1992.0,M,SP
895e5a88913a1e5b8363d39fea771d87fcdf0f60db3151a1c849b0d36c408049,1969.0,M,SP
a94e9659d7a33ebdf5e9671eed717fdf82263b5038c38f62b1a8839562382e97,1999.0,F,SP
c8983a5883f1b57022c0cd8e50e8cbdcd31f2cbf61a43fd4155c1b56e5caf421,1974.0,F,BA
8ddc1b94165434de1a18ef5844655ceda3b03fbc873d33f23e6e7a562128bf8b,1979.0,M,MG
4c2a6f3ed25e8f65942f78d43ce1f9ba5fa269c16c6abb72f3d614b22d21f9fb,1990.0,M,ES
e88f9f2fa6c4dc3fbb3ff8fab74d278521e7143933b84ac8c7d07e83554dc40e,1998.0,F,DF
d890326193b2ee364ddd53b713106d94dc1639f83f3c35ee571273cab8cc90b2,1977.0,F,SP
8c2b317e1e4a5cea8b72907171686232103ddd2b31f21a1266dadb80cae32e17,1974.0,F,MG
3324f69ee4f3ec415f29d24f9134342620913d39f3e632c731bda5d11c7f4a4c,1972.0,M,MG
f0ca71d20715e72eba9d8d734b6b8c677269761030d063cb60852abf5d6991f2,1985.0,M,SP
14c10411bdfb6e8d900028032267784187d94c181f4cfd0ce3aa8da23f7edb2b,1995.0,F,MS
0c65796101094f750be7673e7342a1e8491a95ea9604a71aaa13310e4ce3cc41,1994.0,F,PR
07fbcc0be3de5bcc72d530c18b947fbbb3c25ccc75349d7157fd88c06fd7b0ef,1961.0,F,RJ
0ffe163a1a22aa0240fde9b06f06bcb6434edd3bbb069a151e3d4a6db192ebf3,,F,SP
fff24fe09bccc7830c4c1abf46d9f24f0bd5081b2a2919bd2557a78915b15843,1948.0,M,RJ
b31fb9f1c58d7583ca9b18b5e3250eef687424a4584b9e66d199fdf7daf69fef,1964.0,F,RS
86e286433394cd7eaa53a78f598aa520826a0932bce63e2197d0c33143a47a40,1954.0,F,SP
1f83047bc722f68ef47710ed57aeb5986ca87484ec64538e0f818163021d9bf0,1994.0,F,MG
7d098b7241773638aaea138f81c2db7ffb70b2a91dfdf402374ef5e3d0118bb1,1991.0,F,RJ
aca4f57d69f8b37022493265f1766df6a3250bdab622715e571339afca259535,1988.0,F,SP
a9122d6766dc615fed26ef9f7d6d11e79d02cc6dbfdec2d1eba71e0de4bf5b94,1992.0,F,SP
ffd7a7d995176b9d9bf928de9f533debeab428d54b6dd6bd83b053480303da5a,1975.0,F,DF
a2f2545083e7f1a7c60d933695fae974ec1e91b93ac244e54f3cbdab2a6d437b,1956.0,F,ES
f6b3f764bfcc21c9359431d13d4f764cd7dd115d78af8a675758d0e7a69ecbe2,1985.0,F,PR
cbcba88a589af2c2e1af75bddbdee1f0e15c430a77372afbe29f4c6cf44cd3ee,1960.0,F,RJ
03e07d8d8cc56e4b9c516521132af61c2614d35a7333d40a1a293f5f26762e48,1960.0,F,PR
d76ea5e4288f3259d434ba52726049c9b9eaf522c84b0f0e17ba0f7001f3168f,1994.0,F,RS
58510ddf843db8e4554cb1a91fbf8222c5c6d5c235707d2b1852a64be4ec453e,1981.0,F,MG
2cffe9cfc32ca5b6851389910287e5a214786539bb554cd97ae578ae8359e1f6,1996.0,F,MG
0af50f3f3780b999643c5b87bd647ba88cae9709fb53ef1b38bef4621c735bc5,1979.0,M,SP
ac4d32ad10ec731d6dc6e0249b21d97a8dd2069ea5a9f1b0ae1f4ee407c99d23,1984.0,M,ES
1b338c6967b319b32aefb4bd571b57ffea4f1adfe397dda4453671599b40c6f5,1984.0,M,RJ
a07517bf7a63ab6af48bc64819ff02b7eb11a7120a7a35eca8e4081a9af27a5d,1961.0,M,PR
07cb0d381ae873386ee8654fc171ca5b84dad986fcfd1426515f1727612dadf3,1970.0,M,MS
46f7552798fc9d5762c4548cfaf4b36ed281f5af018dc5fece1f6bfe86d1ce22,1991.0,F,SE
2e9b7b9eb113eeee433a81a4329b84fe3e17f3ce6c3fede1091ef94faf9f9462,1995.0,F,RN
f794f85a2e31617b0778a00f7fff02e7cbd1365323359f2de7400ca093880ada,,F,SP
78c746f4b128eb6c059f4f7d16e6a9264d81e18fef1e9d429127d69455997e5b,1991.0,M,SP
bb8acd1181339bab834e11fa9bc33c796f908c4c4618717565f59eba5ed1f840,1964.0,F,PR
b5b18777a722ae030269565dd97f8092176bf3c353711bf1c2068ea1cf2dba5c,1985.0,M,RJ
027749edd74701638102c9240db254b0a7f705f74b559873c2d374b672b70959,1947.0,M,PE
9b842333bac4891f0a4194b4303478852c12523215c2b8aae3496fe88cedf39f,1978.0,F,MG
d2cd51f4ca8cd49fe8b4e73e6988df399e298d633467598ca9841736bf4c3769,1980.0,F,PR
0d49bf0d64efb52fe9137707a41a199bcf1a92096fd4d83c38205d4e42afbbe3,1981.0,F,MT
bb65b8de09f9a36275a0deb15b5314b31f8062144918d2349d146a9a6c2a1664,1983.0,M,SP
08fc217a5802838792b6cd03414a1af31701ff505297d668a75a2d577480abfe,1980.0,F,ES
6d8b95c1b57cbbceb91fedf723b06169badcb96926e5dbf5dcbad63363e2d6a8,1965.0,M,SP
a1ef77b3e8dc4bff110df6cb958e818857d385cf20ec37cad60e09c78fe85480,1968.0,F,SP
4c81eeb7c7a4b24d1838dcb5cd2a4b1742b218339bbac1cdec3ba2b6c8eb5943,1959.0,M,SP
53bcac825660fdc0f5c39487374749182ffea32c093b09767c33ec938a67915f,1953.0,F,RS
9f392dbe0491d05dba90ff898ed474daee8222b86f7769302c96614b24490674,1986.0,F,SP
2d672788f61470eab344cd0e7fe31a1bcb819f76ad387b46efc0cff6bb8ebb9c,1989.0,F,SC
4bcae7fee8ec900ae84608e8650620e60efc5414ecf4f33a1b3a0f173c7b5540,1967.0,M,RJ
1dd5eaa618583a93367eb4dc93173f8b49c2665ed78d02ee967bae137750edd1,1994.0,F,MG
de2337de1dee5b22c5a70f87cbfb4f597c87b19e26db371aaaa9937ec480e185,1996.0,F,CE
e37f85f827047af1f5cbb66d7506600577cf9a2396c96734481d184c1db50067,1982.0,M,SP
298ca33ba2e5e8c6a9e2420bfea06fedebec5ed712c56362efc3c3358a661905,1979.0,M,RS
df4266360cf282d21326401c0f088821c6b96a4f90aa497dfd0c559734f4ee26,1991.0,F,MG
72fbe4e4ede7de5bcf7ed16749483066bdf53f6e412c2cd24578f34f311975da,1948.0,F,MG
64e438f951a182104a6a8d1ac9ce7ece464dbbdc16df9e32fd8a00205f9bf4f4,1962.0,M,AL
4650a6d1567d0ae87aac6798caac127f399b38407b51cab699a88ad8d69f5314,1990.0,F,SP
3e912556916f3d1ca67b668385fe935412259841de6a87f2c1232181ab5b9590,1992.0,F,RJ
a2abb32a72f0252e0b71451436294689d7bf88471d4f9af6e3e6460d60d10899,1983.0,F,RJ
7531daebefcb7671fb0b287ace205a4e95e44ba6d4046e9861fc0aef33fc97b7,1962.0,M,SP
5dc77254680b0f9b9d988a3d1719f4504eadefd55406729c8fcdfd27d66ea5a6,1997.0,M,SC
d9e15d2a066e5bc8f2903f3c6b0661c37a9669bc4f0ee6f38cd29b8d353ff42d,1963.0,M,MG
30fb7fb989c057733cd21849b89b493a1ee7eef00ad2ddd3e70f397ca2082105,1979.0,F,SP
03cb2338b35cda58dbab5041fc62544da9d8e6b3737fd56d6c565dd093e3afe0,1985.0,F,SP
f81789fd1ba6056238dc8f565f0213c9e63999d1027b36c3806606409326809a,1973.0,F,RS
6d44636ec1b136918653c21c18738630fb4dfbc305c5783856eb5d2130c16de5,1951.0,M,SP
d7ff92a8151651c936ac7392d414798ccdeb14b5a9dbff2635152760dd4faf90,1987.0,F,PR
6fbe487199d9fd573790f56a131a13d042ebb2277804bf8c301d62fe0e66fff7,1968.0,F,SP
82651da410a58cb313805d6bca500e3bd5b76be526de8ffb6125cbe35a43c9dd,1958.0,F,SP
d3eb7c2cbc3dad44cb3b9bd0590a9e46e9914504e2258b15ac7bba98a690de01,1970.0,F,SP
52b799d33d6ad2d69ed7bc8d99f0f120481d5fd05b57a015cd1da17470523122,1963.0,F,SP
64d7747052bee0af452188881f1d565bea94c5d33bca24c3d60f78a8d712db65,1990.0,F,MG
af1cf15053abddbafb3055b80ee656234e94b1f9713cad692a20e05da18ab310,1960.0,F,RJ
ce48f7cb0099c078c7783feeb32b5ffc10775c8a00825b57d52c39ef1a73557f,1989.0,F,SP
466734972ea6b797bf37adcda84c71c7db44d36fb266ae06612623f5030fc969,1987.0,F,MG
3f82364092388bdc7e0b4355422488493465bd34003926df8bc3b0d21a60415c,1986.0,F,SP
ea0dd1669aa3ce9f537d5706ff123812b208a4fe98e605f361e1b030f2c517a7,1962.0,F,RJ
79464ce4e636947ba8e2fb695a76b9d2a56d0c4445c8015c9a1d69726a9ff3c7,1975.0,F,BA
0615379647329c20b285ebc5a966157de43811ef052386fdcd0a4ae3ecc6f616,1964.0,M,SP
ba6353e0e1af447f41e6f2ae1898b40842fc47fbe102fd833ea8529e141cdeb4,1991.0,F,SP
4fb41063b90bc762a594050b44af5170e4e1de90ebe77e0953b63ff4b9f3a793,1980.0,F,RS
15ed8f8cfea01043c9dfe6a3bb29d62475cfba7586327f981bf9778cad96493f,1989.0,F,SP
3acd7e2048d9f86addc6931748ddb6f64f4982a6e96f734c49b7e197a9362767,1984.0,M,SP
8d1502de43900bcc0b2a8e7e21a2312537cbbf91438bc06cf3e5591ccd470ddd,1978.0,F,SP
9df605e2a631a5b7e5f142713992162e2da7a0aa68d5f028abaced65432dda09,1977.0,F,SP
eb7414af20c70e2c57beb23b0edd94f80b736a2badebb5214710e8c1ceeb89ba,1988.0,M,SP
0bfd29d88574f7793431c13b8a7bf3931e0e90a3dad047d8c1fd2f9570e5df5d,1990.0,F,SP
22b9d88d840e52bd50d44d94f56d342621d1a9cc8fac126be34e369b72f7311a,1953.0,F,ES
9ccf44095f85119bb04caeb537be82c83e95c4e086c3fbc1e3fe2e21dc4d3836,1989.0,F,SP
61c157f9bfe70ec5eed52880ddd1e6a764bc9f8542f709e7b5b41018b14b6759,1976.0,F,RJ
3a31f44380509c2528b90f070dae2d0b313a4b572bce8de08921359bd923e816,1976.0,F,SP
698f8495ea04ea241b3023db8f72ed65ff4d01d8ca5e93440cec6cceb3dc061a,1989.0,F,SP
173c6fa2dec8533cc673effb70c7b1a184416729276bc0ef5e1b769679d59ea3,1979.0,M,SP
94fa73036dcc5b4ce7fbbdb9b99db5d06f6506de8a9f3e3eefdbe21f3755d8e2,1991.0,F,MS
a7976f0e288e1e1ed20d8792763caa4e222d290f35923f47836132404bc9d8d0,1964.0,F,RJ
f947999967465195f9340928b3b35745b523b0599b6de9a9682e71043ed6ca06,1994.0,F,PR
37ea1b6597e083a7cd554d2274e38d43e3b2dd1691cb05477bd39ce080ec548f,1988.0,M,SP
bcb6b7b27b43e1f01c1b565efa4aae9d630e316e8efa1b92eb509f7d5d91237d,1976.0,F,MG
3bf9a5c27aa008bc4e47751bc035ddb5cb5fec6d298abd9561cf3edd02bf93bd,1992.0,F,MG
19eae3056ba67948dcebbaa46d8f48d55f674198c9a6e6b127b5a639ab45208e,1973.0,M,MG
384b2a7e2bc07655df9578454cdcd565dc30f4c0e186ca8b436c74d1f7886852,1966.0,M,PE
df5734bc9ae44b18b109d9a4f719ce440ed103b8b91c62a1f34da9ced0b2023c,1982.0,F,SP
71f3b970703113a1230c2841d2cccc9c9777509b1a95953a5a7d84fbb9afc537,1988.0,F,MG
1fe573a93ec4828430f7b8b0dbfeb605f6ad41254d6a5533959b90a102c4dc07,1984.0,M,SP
ea62729a281d27141e74a16729faa64fa18642b221c179b5223a563d5b1d7160,1995.0,M,SP
e9e83641095af95b39b1fd777a357851bd7c0c69ebf14fad5dc45ab7fafa79f8,1970.0,F,SP
8ae80c074a4e6f98587f56245a88d019ccad47dee0e60c1039a847d08f1c076a,1986.0,F,RS
584211ce180708836dcf5fac567e49c4b97983a400384b2ca826a297898e82f9,1999.0,F,SP
b0b2b15d52bbf5074b79c3d144cb13be1536e262a575cf9a3d3c67e1fd331df8,1991.0,F,GO
0cc0a35d70fadefb6bd303ae122bb30e97a5d7b7b6c17a740971c5060eaf69f7,1985.0,F,SP
8c2dda780621c32358319e8aff52ad544c2cec5c60c56953b8b72f5ddde5e1ef,1986.0,M,SP
87ca80df38ed3b0a0aa7bd9f0e30f15900f0d23ecdd23b5935c5a9a553fab2ea,,NOT INFORMED,NOT INFORMED
e53dd8d207e4c91c9a5d7229e83d114988dba5bf3c054cb7da2463f095ddb25f,1985.0,M,SP
69e3f17e466ea1c169be613c8e11fe3efdd9ad3e03a7749a14ea200014dd8481,1968.0,M,RJ
a40e90ae5db2d8cd47c119b5a671d5638619dde4d6be2e87e07c66a5eb27b3c7,1969.0,M,SP
3a4667e382b6c71fc4de4beecc8f53a02ad17b50065466b13a5c220817de9403,1985.0,F,RS
2be957d5b3b22465d66332f04127188c3ae0bd0b014a8552130f615167137afb,1974.0,F,RJ
e754c88507e74fdd8d42288a83536f4836732581849cd62b91b0cef735730634,1992.0,F,SP
9a411a7e28ffc78d4c570896fc1a69b0eff4ed68d2ca815a90fe29b2812ac8b4,1985.0,F,SP
3e57ad6e65a99263a0bf85a9712a85254a89a19a5524e4128c3191705ec1d876,1963.0,M,RJ
165e9edc78fdead848f9fa95d8092e28dfcec7d5154fbeb84f07cf941dab0875,1983.0,F,SP
ddd809acced198ee1c9939249b1956a7c19ea84ad203d5f09c0cb4fb8ae31fc9,1984.0,F,RJ
3d4356d2343418c7e108635a5b998a35e05a246ff02eb8ecc95de4aec9403691,1962.0,F,SP
9e1b8259c29edeb9e5eb9e8d843fe9ad054673bbedc3ac7c9ede04ab091164de,1978.0,M,SP
ac82328ab2bb3d926bf0e5b5b60858b91d56c7f0e7161df78571f640f9b3da0f,1984.0,F,PR
68a4ca316d4677804a93c76d50f8a4f5b655886b773a4c67455fdf3c8f68779d,1994.0,F,SP
94797956f8ff10fb4264a5b1b1fb73edc38a11a33bec9b8dc7e5e36a784cd813,1994.0,F,MT
5d6af1683422b3882d5e8ef5af53b6575b5bd3c7b9fcdf068269fd1d640d754b,1966.0,M,SP
d94e0b7bd9601e3c7b29d63f1dd1dea613e4f6d2fa0fbaa5cfc016c84ecaaadd,1978.0,F,PE
30f50018057ed02aff381a29ab1e513e8de54b400b7c29f84c89c123101d06ab,1966.0,M,RJ
f075cf32ce612b5562830fa99d0fdfaa8273fdf5b49439e6e169c2d7118ff776,1973.0,F,SP
05b12a406ffe4ed9fb1ea4d75cad1205b62d665f6007293876097dbffa1379f4,1999.0,F,BA
5867cc5d885188762b797c597e69cb45f01555bcd33714aa2bf9c134a515eb6c,1997.0,F,SP
0551469d08699466912bdd7acdda86bbf1b4487d58113f860fd74534652e3443,1985.0,M,RJ
fc0ac5ff51209419946d3ebd83443858da83ceb767d33c393d818c2ff7b14b7d,1978.0,M,SC
9aef470b5db3be9b0546033699942a0f09259eb0d80d969b7679e6f47e1f25e7,1983.0,F,RS
b633ef513d45862303077e6e64c6edf1257991951fb0dd7bb8fac0d199226373,,NOT INFORMED,NOT INFORMED
0669bdde9d88a6066143ce503d62121ee8d2aa449420654883786d076a983abc,1981.0,F,SP
c9fdd7292d179eb5400ba4ecb6a11788c5be86b55ad00a9bfeae413b28e79ff6,1990.0,F,BA
3d6b88cf0fc99d0405b0a9c0e19718bb7622650177907f62659dfbbf90da4624,1971.0,F,DF
1206c0dcd41d4a6cb421a41b3a8c26a6ce198b20d5e3eb53687cdd48b58bec93,1988.0,F,RJ
5fe9bc06364a11fa8116f8e85aae86884bae665eb5e59def9c6eb158d6084949,1986.0,M,MT
a816379663fe538037a0abfd16eea336e2af0df9044939fd121396b26a4c939a,1985.0,F,MG
1b1ccd4f2be9e53fae2521ae5c015266192d668c6e9bc924e9ee20e7fbaedade,1979.0,F,RJ
29ca67e6dca252eeb6fe9e3457227e3e1fc750490d0c819dc06f08cd1a4f5a9d,1986.0,F,ES
6ae1123c143e5a831337166efa3f8ce93b787e3b10cccab5f5b549d05a3d71a2,,NOT INFORMED,NOT INFORMED
46633e29c3da401533df211861b9693d091afc2d0a4633a2f525798a07e6671e,1997.0,M,SP
31b050929de300b2ef3772fcb2cc4afbac4c925ce6a02461621430b7eeee59b5,1974.0,M,SP
b641a8f5cd84b5426d9fbfeadff092570c91ad9a14565005f7db28ada7e6b83f,1967.0,F,PR
edb481bc2389b9e1175d252ef028bdd85c44aa282686dc962403e52fd70381b4,1983.0,M,BA
d3f6fc8678db73cb02435814c9c3565f44ad0b7fb944614d2f66c4253d45323b,1991.0,F,PR
5b1f5eae01655c7502153901cb6d73a432b0d5694448654465a56c1e4670bd92,1991.0,F,DF
37e34a0fdcbefeccf5e02a0d2c5f627ed29f4f6703da8574ba26b899c2a0abec,1962.0,M,SP
c626bbb888f71c9cd18179e561a23a268964d9ff1ed38e45c1b92089dbb6b14a,1969.0,F,GO
f7def65888c53823cb52905e3c55a8afced47264f5ff2e3fbd4a009328cfe4a0,1981.0,M,ES
f3d9b70f6c7200526dd7cdbc88a7e26da266c96f75a430fce331adace4d901be,1996.0,F,SP
02f423375c58785b6b7c2a5e5486ac45b44e3a78d066d02c7a40eb1a3b492a6c,1986.0,F,SP
67d7373ec36bccd8b37712dbfadc929cdb3f6e99be9225a35b674f6fe5379c40,1968.0,F,RJ
0418733e8982ccc2327236b5929227981a79fe3d3c4c7959bef971004324ed21,1981.0,F,SP
f2b159aa465a44de98cc6e4487a39c36cf996e3390c7f903793283bcba6e3229,1953.0,M,SP
70e267c4a4b4bed41c6d921ad89abb6b03f8c2aef4be7403a461dba7b2c4fe6e,1981.0,F,SP
4c18723d0e511950307fe107dd810108fd6a9d0c574a210819e8e08f71f1a286,1992.0,M,GO
c1a81dfc4a74c958b8725a02b0f29dd10f8886a9ed71aaff142bbebd9ca660dc,1976.0,F,SP
57c1b0356644493c9105b37f705e7abef5c4ad5eef9683a6898be5d29735e9d2,1992.0,F,CE
f6e18aa406c1703d5dfd42cedb89d832d9f21ea8cee2b81c3352d1dc6d4acd1d,1981.0,F,MG
cfc2d083878731f5eac2bbc85d26346ce9bfe818006c9bcadce1141bc959a10f,1993.0,M,PR
7dadbe319c87af64b986952242957f77f3f51fc47f907c7dd9a714ba5dec6dc9,1964.0,F,SP
45570c8d4bd1f8466bb6e264062f477231b2424ad2316318b07a11b87dcb0ce5,1980.0,M,SP
9613c3dae352cbd28e13860cbb4228b84054bff1d970fd719c74aef0ef911cf6,1928.0,F,RJ
f5afec7395fe926ef6b8b89ea9e3c63a66e25940b58514bfe47fe53718619734,1996.0,F,BA
4d7b7731868c676fb3d0fa6f8280d13e711e1908872dc0baed2797caa3a77d47,1978.0,F,MG
6485a3d69f9f78ce5b881582ea0db0371f576b27f07c60244fd8d746562bcac1,,NOT INFORMED,NOT INFORMED
24dfb48390d2490575c04c611e7780facfc8a2ba146fd04ebf1a19649b1f417e,1984.0,F,SP
319edebae7c44bafaab62cef46ee6855c304c3b97f515b41adee10f57cf45650,1982.0,F,SP
3ff537a272cf39e693450f70edb6cbb3d35dba376b695cc37dc5738d16e5b4a2,1967.0,M,SP
e3986b3921fcc9a107c87db51894855d7f8eb059670634492ffe350dcedc4902,1986.0,F,RS
8c094d6dca607bda237cb6edc7ba971ed66c0cf26a12d72ca808b1497b15f778,1982.0,F,SP
24490618bcf802e601122acd5c04d94afa5e16d4db375e52161342e522e9294a,1991.0,F,SP
0c39d50477ac2e3b473b4689a0e493276f93f5b225703e77ee11fa09d062e0a3,1969.0,F,RJ
a10b099ff51154a77cc1cf24906be267174d251eace85103d854a52f23fed89f,1980.0,M,RS
de7127c22b977d412e9bb93575e552e7e3523eb32afbd0233a329623f3558f27,1996.0,F,RJ
51a65170e39d5bd25b8880ac63f346f716fde3e0dd9eee2da5bdce19d7533586,1990.0,F,BA
0e7730b6b5e78cc7c223676a4576973174440f4b94f61a5b72833967b7ad43ca,1959.0,M,SP
bea67e93051d1ff64331310d8722ea80b1448d365c633e1a9d22985dfafbaaec,1969.0,M,PR
5630a5dee83ab8e0b8f2d2856e0e15513f9a470cd453694da52bd19194b9e9cc,1990.0,F,SP
d3f4339754d8e6998ae85d46864be6442f744ae8aac9df37870db142c92a9976,1964.0,F,MG
e5b78100c457f7105d9f2ec557144f70c40429e26fe976fa050b253018b24c9f,1998.0,F,SP
4576e5d491338d8bf80d23e562d58e54d47a176b5023b595effbeca06008366d,1997.0,F,MG
c401352edf42adc9b057f9e2cce62fb1f2602d0161ec176e289cee2bc6809873,1998.0,F,SP
c5b6657e927f443a4b906132ad37fd9de0dc444686ffcd19412f12349b1ca564,1996.0,F,PE
f4c0bf84665474a90af372715d6861028da35ce1633159c9a60d3346bbb07291,1996.0,F,RJ
62a97bebbbdf7b82fb382d46aa3d22a784c911f4f1e3ad9cf876f6172f2e3384,1970.0,F,SP
155720f6f610d93911c02ffb2bff6cb69a33f5e0604765fcf9e8252da4f235f0,1969.0,M,ES
42dc21f9a079918fb50eda6d59c2ab49f147dec27ca2f5fbd32e43c18554084f,1966.0,M,SP
6b71c57f1f02a52b675a49483344c64dbc9ee08b717eae65bdb055bac060c2ce,1992.0,M,RJ
b3cfdbc975fc58c0ce48a7034c9bb228f3fe5090e741103fd532cba97680c69c,1987.0,F,BA
5bbe4ba19f2bb6e41be2dd1a7696351ab9d2cb01a17eeb0afb4f36f5efbdef65,1987.0,F,MG
e1037513e7cd3bd3c7d412c6445ecea4bc6dd738cc5bd5a779698911dd396648,1987.0,F,SP
cbf155c42f6e2a88bf091e7fbb4ef1360ebcff6a8f82ea8c7e7dbc07f5178f1b,1996.0,M,MG
4c8d40c78a1aa6ec709198a9c0fa249a1aa61ec872d080dceaf6ba035186f663,1983.0,F,SP
39cf6d6635cd5ce7f1849d870842196b37e2cb91f614b9bd432f1229fa814c7e,1994.0,F,MG
de19334d7e96957850e52cc22cec7e78d70c3755a7833cacf7c417977e999e15,1979.0,M,RJ
a7bccb16202679d5ff20b52c1bd7d81478de07d48379ccbdf5616eae8774878d,1966.0,M,SP
d974d16ace1d46612d3dc2d955d2d1a01ab8773f76ca2e76233fd9060c98f18c,1985.0,F,SP
8f13c49584afb830638ea704913df1c284196c898dda9f5519fa9212fb9e3b3d,1970.0,F,SP
a300eb3855f9e60ac0ccf15763a08b5567449972b01402b894bb34e2abdb767f,1967.0,F,SP
fa28333cff27bff0acad06a9688888634b53abc200f215f2a69655ff7b989785,1977.0,F,SP
5018708afda36cedaf11b3ffea6ff0899a212edbf4bc33eac02da3e8e6acf5c7,1961.0,M,SP
94420f5c5a549906109e467170a519a06ecc2c13cf4d2b4df94db410fb53a7dd,1954.0,F,SP
c2b5b7d6afbe4f910da5948f46d266c240067e19026264a097fe952033879b47,1986.0,F,ES
71c26973e8eede88bb680ce6474c68b8237c0f3cca7d09073acce7c490ed9293,1975.0,M,MG
e45cad88748a34d30a07ff5d36b133b9d264458de1f7bbd9e6962fcbb3cb8e0a,,NOT INFORMED,NOT INFORMED
173099930763d46254ee46c932a0b19906c1edc5cb81cff48fd2b36a358faeb7,1965.0,F,RJ
410c9a23c887e7a64e92fa57f6e40a2ce9882221af3f886c951149b409874a59,1989.0,F,BA
df8da80b34017543f164dcd259e514e83f59a979b98a046855ace58da49bfccd,1988.0,F,SP
e1fb9059653e12c9dc68ef27e4cd907624e62dfdc6e20c75cb42e8c88f7ecb48,1958.0,M,RJ
9c3a52ca291911a9e691ebe15db2473f1c6a6da1676865598104f3ea793cb33f,1985.0,M,SP
ba448666d16862ea9cab21cb35e1dc4b55ce885179ed14115a5b7e6b389fafd2,1963.0,M,SP
6204c6e5f4e88e755dff28222c26299ee37bc5292459aeeee7bc1bb4915981a1,1947.0,M,SP
2d88476c1e18d76a680332d4814909263aad5bea28bf0eb3a519bd16e44040a5,1959.0,NOT INFORMED,MG
ebeb34f3827cef78792b16fc3f69d29663c230360f235c9ff671f592d5d7dd73,1983.0,M,SC
69b8216fefa8bf549b3790a0a2f8ace832373a2415ce40a4fd0775424af6ecda,1981.0,F,SP
e87cae9172d5fa093ae58d45643020be1c999bb3bfc13fd61df46f963a62a832,1988.0,F,SP
5eb4c1668cce0421baf639ad7453552d142c7791f757b120fbf9185e32b542a8,1972.0,F,SP
40997a0e4f9dac3f36656986b06f72f772cd04c57054ce36a2fae7a0e0c6fd41,1978.0,F,SP
a7322ab447240bb13232b6a232373ce35a2a9d0077576bad55b80c6a2e491467,1988.0,F,SP
58d4d93457bb72a8f9b34568d526ae023f24a5bc18020ae510aa0db812bfca23,1984.0,F,SP
8fd8ad6e7e8224fedbb265604d5e6d83b4262f3f36e7823578f1aa99797e5e2b,1952.0,F,RJ
036cf77591036898712a7cf9ecea05aa1022f424bf7af91737c092528536937a,1982.0,M,MG
c85dde9ed285fdbd8f4e5339c3f93e97c4db3e21fa6c435854f4eede83a9c9a6,,NOT INFORMED,NOT INFORMED
54485046405fb0179f07db3a8b32b7f699ecb4c0248bba79088d0abe5c431be0,1958.0,M,RJ
21364550794fd880769f04b797dcde6006eae2140741dbbb81a48339bb7fd210,1983.0,F,SP
19acb3847ed5abfae743bccbdba106770ccecc8cc2ece5eee22eedf029f634d8,1983.0,F,CE
e42f92393143d316c021f9eb1e29d564aac7bb9e10e9c1ccac0e6978626967a8,1973.0,M,SP
7f0e2214df50e90e73e7fbf18bb8086276fdc5b1e804e0ec3e5f2c67aa4f7db1,1960.0,F,RJ
9c79762e82c4a0ce36499442c41a90ade53d1455eae6ac43f2bcd28b0fd59d55,1976.0,F,SP
e87c70d38bb0605818ad27167b4b202ac992f0db805e97a8303ac7d042e3fe82,1944.0,F,SP
eed5becb2f98942788c5512f170269ac0a668743ca94c9621f5d2615df719093,1957.0,M,RJ
c211a79238cf0645fb503bd067d994262f486910f3614247cb14fc4d5a53326f,1987.0,M,PR
f197cc4b06b741926eaf8428c9257328f2a51eefd9961167f5ab940c242974bf,1956.0,M,MG
1bdf70127ca409f7e55967c84a239f567fea67ef60411b1dbd4e460e03ef87be,1994.0,M,SP
10c1336a7b5cd0be22c55c01c37e7baf585fa76d1eb270e335d310f3ce1d42a7,1956.0,M,SP
84a10eae54bb57a190b6a42cb55836b31cd011350d851e3a6ce88e0ea2990769,1959.0,F,SP
0427a8850454cb86887a0aba1c5c62e721379716b1d2cf911de2803b113ae524,1994.0,M,RS
a3e8391fba8be005370d33926ad4077bb1438fc9025ef08b6fed0195ff79c9f6,1981.0,F,SP
df29d880afd6b050a09f6c302ae7dea7e8e38ceee1e53e7c41bc5b3eb3f6e18a,1970.0,M,SP
82937467224fadd95911d75e74cdf3cb3b2039c0b87ea320db99892d130ae4ce,1980.0,F,PR
0a7fef5173906a3e9014bf62286971bbf221f301ffa7b06dc32ce5308a4e1ea3,1976.0,F,TO
8a29e15ca49647ea463206119e550af882c81a6df9a7f31b61f6797c891aec8b,1986.0,F,PR
6c2bce26d4a3718eb10b897005fa97b65467258657f7669e451de749fc7b631a,1976.0,F,RJ
d57dcebd8740e99b1bdc5a019091550014ed1a34cedcbf9c4031d96d0dec4c80,1957.0,F,DF
393a3d0fdabd31f9831b4ef24ca0b48a76a17bd7ee973515949e3520bc426537,1960.0,F,RJ
c1e04730a88a54e8d4f7bf3d45b1d3f6c7f2b74871231e054c634d541bd8deb5,1984.0,F,RO
cc8a2f1dbeed83ed0d117daf1f3728eb48ec7d8d89111f1067d1ddf5048cbdd4,1991.0,F,DF
9c4ceb792d241d371fae72a6ff8f707d7dde07994b38cd5a5a3cdb2648f1a0ff,1996.0,F,SP
607e7e9704c605fbf4c09ba0b6e798453250cb518f954ea7ea953e5f12ebadf6,1977.0,M,SP
24c8696124d879d531e284efd29f5f8f0e3f3d9f65f4e265956502d74d951589,1957.0,F,SP
2d7db561886b799af4f03ee80565d5fba12b1eef65df3df93a0de2f0cfed1e3f,1965.0,F,SP
c22fccf7fa6d9a8a61eab40cef75445b3fa8fb9152fe1827b710d3ea90a08e67,1983.0,M,MG
d62caad81258134e6cc8e1d3632d4a2cfa47d2b6e420e0e7c324bf5d299ab2fc,1956.0,M,SP
c2ab9ee21691ae5043a4b2831920dbdc645f6761dd3915bf64ff47168460536b,1983.0,M,SE
4cd7c12f720e5ddaff9dcaef295339757c2e0f64bba7b1e40d287dec0a99869a,1986.0,M,ES
64c9d57b4436c5d06cdd4a03ae6cf78921316828f8db6066b44cee728fd14cf0,1982.0,F,RJ
d20bb591abfbaaf23bf32c52162ba589da37c3d422d8304ef2bffaf782c1c851,1986.0,M,SP
405b07c28e46e9647eb8bb603b37bf6fc245741fb7aba05143e0c8662ad5fb84,1982.0,M,SP
6c7e4f55ae14ffc17b96ce19a3c8bbe5461a2ddcbb89a6ffaace2580f8b3296c,1991.0,F,SP
956d6052b082c8be35d24a9edd8d22c71d019c26d1053415ad16b45a0e485915,1980.0,M,MG
8999348bae995a8795e290f91eebd2243900a390ae0072b6d4c9f67be8209596,1988.0,M,SP
1c42107d4c35a4cf7a16b80004c7081d94faa4557f3bc495bc97719483ad0888,1972.0,M,SC
d3d276ba65eb49d497240f2d067e08537da87cecd37ff70eb0ca675f8e418c93,1995.0,M,PR
04797c234760b49b5681edc280d872bd9aafe47a0694bd861fa458f20776a2d6,1979.0,M,SP
e3984713334c390b6c72b9e2fd5e3a7327461af3c40e330b52e8f402800b8b98,1987.0,M,PR
b514d5ace798bd544e2dfa3b505c9d9ceef1ae835ac3719e0903bd89e4484b2c,1996.0,M,SP
ce98e09f130cf8213d6e3eeccce68f206be2ad1144537a4b9a61a531344776f3,1986.0,F,PR
f0ce3fc58e42e0b66937a95f9ccc10ddb25d863daff519fda8e017f6d345fab8,1985.0,F,SP
30f43e607cd2b05d8d18d8a04e03521835277f174b378e352dfe1021266d99f5,1986.0,F,SP
440952b1a775cf7d709d6e00b4c4943fe96f769bd57ac2936ab440bcfe484f68,1986.0,M,SP
67f6273cef9751d6e7529c98691271e06f075d26dfda54b281cff0fc0399c3a0,1977.0,M,PA
29e2aec69852811fb3c0cab0340250bed2c4ad503df98eedb470bd8eca058b42,1992.0,F,RJ
8cb82f2d37c2829e6d3a12b9daac30a4955a684b82661d3d24bfbf90c3320acd,1990.0,F,RN
c7925d17e308eaa028e59009586d382f379451c7446b76d6e36e4e70db9072f3,1966.0,M,SP
6a3883f8f2f333a696a8aaa1e5f4eb60707c9ba88af6933dafc0caba27ad0fd8,1968.0,M,CE
a764c6984319f8b1b75926b34cb559bfb71f0aee3a1d52181731d79a27044199,1991.0,M,MG
24745a0387145baef86387fa2f3415e25e850768d49f9d6609393e0c019b5544,1960.0,M,SP
108c66948942d83a6fbcaa1f86fb0cba24e0f6bc2f102caf2b5ec1a385644391,1970.0,M,SP
adac69ee30dc83a4ac82f0782c741035c8349cac56b5f6a1721167ea78635681,1991.0,F,SP
248af230af4999b439c219e5670187c4712fb921b6585c3e2e577ad9fdc96789,1988.0,F,SP
38e49ba7c747f59219185330544c351444fb76910dda4c868780bef2d31ffea8,1984.0,F,SP
8d740b212d814c46b4529d0e57356b8694fc32bba1f1e79964dd896f46e1e2c0,1991.0,F,SP
0fc35fdd26fb394330c09ac26932f3b2cd779b438cb5145234023a214d3dcaca,1988.0,F,RN
47ba422ff3313bffcc9b5cd7a3756105899dfe85b736e8928cd94a302a64e3ef,1984.0,M,SP
f8086a40cac2ce706cb0cdb9cfff3cb964865114e21bb09c4c341a2aa4705d98,1961.0,F,SP
2c69922f1b96e30b0444de0f5bc9d03d1abdda2eea3f0f3095441160fd7581a1,1999.0,F,SP
1e4acf54722f713e0e6cd5ddef8c65c54f2769b219d669b311ac362907acef72,1967.0,F,MG
c989726f5238d38551358e6c4084e7e259cc9e121ee6a50260b22ea9b0a7dd2c,1954.0,M,SP
f988a38fd42a6e620d43f5585101f6cf2b1c5c99cbc922a93b218afe2e581311,1988.0,F,MG
99a99d026a4b71b6930cb4d6bcce5c17404c81a6c68b6aa1f0119c63c5f32575,1987.0,F,SP
64086bcde7b61b08559ebfeb91489f1bf0fc5bd7889dc2c02d67775578003bb1,1985.0,F,MG
886c6fe930f3905dc1cac160d14203bc6bfeb92f8e991bac6f03ce67fe3ceb89,1977.0,M,SP
1d3540d4a48d318e73fe577d3016f238f191faba5c9b1a6218339a03f5a2bc05,1955.0,F,DF
0e956aeaeecd79491b55ced9f47e4d6f09944d1fece3f29ff8d1ae1d1ccd9815,1970.0,M,RJ
0bf27be9866d35a37329c6bd21336023609332af35bc612dd1532b8840399dfd,1983.0,F,SP
1d1490785949a20af5132d890f0d37300880660dae3db0950c19c79a7261d0c7,1989.0,F,MG
e143798fdb63793a404aeb3d7cf0052be058e1be4a1faecc445e058ae80fdd4c,1996.0,F,MG
c690244aca8a1f7f7c3a6d24e72713b89c3173439ef00ba9a49095fc249e8f59,1975.0,F,MG
3273210c0df9b592171cb35481abf412e5bb979b16ae542f154ea80d271aa0d9,1986.0,F,SP
8aeb9ba319236a9c982359d30b10dc314f869819977004e563668498f37cb6e4,1979.0,F,PE
34a1d993592bea55ab646825e58691fbed68aaf49b7f5da92e333a3bbe06ef10,1984.0,M,SP
cbf4273598870a71b102d98bab1fa6df747c2577439f3d0d2f6b6a6194dbee69,1987.0,M,PR
501fd2808afc2275e3c29f713c26f80a8145e7e3ba8fc37e8c4763fcf7813bd7,1973.0,F,SP
46185d481d5c4fa17cebadab7d3974110a3cca0f63cb541c15d9ebb294d9e8fc,1993.0,F,CE
f08f2a142733f9213a0ce7ee84b3f4422b47dbf224323bc1d7f2e67a5980a973,1965.0,F,SP
e71f5f5b1d88fecba4d08edbca44b6c05abbe857acbc29ace8ea51f09ffac38a,1994.0,M,SP
a0d654098d52d109940a77ea1ba4cbd879e83160f5d9e4f82eabd4e773f1fef3,1993.0,F,SP
c3caf6459bc2a689c7e637f7f907a2bbe17761c3048008c3153abbdfd657e187,1965.0,F,PA
2541af30b2240cc53fc52271d25c4ecfac57859ed9774114e4d5b8a33083aa7e,1991.0,F,SP
a7a04a81b9e07fe3446a64488c6ebd7ee0ee46dfcd6eca4909a7ac960eb8a80a,1958.0,F,MG
e574ba86e750653f2a49008e33220c7391909cdc808357d44d31331105649320,1992.0,F,MG
c994e5e061313bbda3ec8f7baa95038791e7e241efb6b7203f7f8198fc35f914,1984.0,F,SP
2fd219f0e1878cd9ab40b83d402fb9d1975f675650e215cfa7bb3af6cf26f9b1,1982.0,F,RJ
4ea9117cb5b9559582a812d432682972cd38398b3ea8a222cd3f5939d03385e6,1979.0,F,RJ
4b3ffc390f74ce0774b5519e0861ac8d32214d052cda389dc5aa89221c08bdf4,1948.0,F,SP
e017db20ddae1311f98d3b89454fa9a1a0b27152a4762b85a0186d42ef7b1d83,1964.0,F,SP
e4492e6cfd66c1cc1be861a9e0340214aa541238236e81a2adeb60062c719e30,1994.0,F,RJ
650cc82842325210e8ec593410bcefb1c42d039d9d7043b9041f879140a4b314,1989.0,F,MG
606033fa502f19c3320550317853b2509c2cb67892c7b83df0a58df70f8613ea,1963.0,F,RS
1e129049a466f6b05c4c38cf5221c46b86ac45acbdabd3807aff137749136a64,1972.0,F,RS
5ac3798259f3e0487dd1c04d01d1883d603818c0489dba3e90872c1d0bd905e5,1988.0,F,SP
c11f5994098aa555dc83625de30ee5132b105dddf1010f00f94ccd2dc3b2b0b4,1969.0,M,RJ
2d8397f375bf5e216c9a5be2ad7da8459c2fa1def571bca51651aa8c93c371b2,1973.0,F,SP
e1cc6724988671feac874f46199d555079c182cc1678bd9120f41228a3c2a663,1999.0,F,PE
6f9277f6f29ebc34c1e51f5d24f4a1b9be6ff78c12cec2d8322fbb492ea4ce8f,1981.0,F,SP
96774adab80055ce3d5d437f79e1d90e9c35b3186cbf635e31c56d24861adcc8,1992.0,F,RJ
4065c9a3cf0bb4dbf7c966120ee8544d8b56bb6ae100705ca900dd550fc237fb,1980.0,F,SP
abe75d14dc3593b2e870293293c84bc5dad623a77a7f97e5726a2227d309e8d3,1983.0,F,SP
bfe2d151b587c8e9905839f5eb6ea413e3b25b14c27524968aa3124cb5be7ff6,1975.0,F,SP
5b7fa38f9798cd36ba47b5c056ee27938a674258e83451ec52084f02b6083668,1996.0,F,MG
3ed6e027717d5471c453f9da7fb35ebbe53468664915d2f68c3979952b7675e0,1966.0,F,SP
afaf2c65a24c1e6e95dc30fab202327d1ae2739bed319f81db7c791ff84dc210,1962.0,M,SP
05a237881feece468f92e1cb20f47f0b4af3cd90b684027f54063b75eca0646b,1969.0,F,MG
5dfba673af82e1738af2b3c619d475fb200d47bbc38ef4710b759980d053a892,1997.0,F,BA
c4a66ecb8ff1e852ee7da23f3f93b1709fabe34979c8ce40f3440ec8a884ec30,1964.0,F,MG
7954f9d120a89530bb36cb994db80f0bbb1fac63ecc85335d9e3f1b9dff295c8,1952.0,F,SP
497edb3b5a2c674c572e4f860ea80d5e9a54f748b2ac72f077025e791faf1f2f,1962.0,M,DF
23e3142a5e99d1691d5b284b2385ae44f4abde3360b4df721f1baf7329d2ebcf,1985.0,F,DF
6c66e9e01a2bb02fb6200d83772b5ce1e1fd3a5df8aea1ba53a92b5fd45c3503,1978.0,M,RJ
8543aa9bf245154f82b17e15a69744756f70e5703a81cb6842b2449e187b840c,1968.0,F,SP
cab664760a35f9e054fd0a2d22c45248a2511b826fbaceb16f660c2e8971045a,1967.0,M,AL
7bce13feea829253b9c45fd0961b154d40fcd6b87024c65b6dc0992a926d2e48,1993.0,F,RJ
9cf43548e73804b9c4206a1573372f86ec7395ac133d208826b86afba04edd0a,1985.0,M,MG
a8e8ac76bd72d4ba35a0c5127aac408cf4dff1d464bf7d04b17881914837b5e4,1962.0,M,PR
5aa0c859ce265345e18789f0a4bddf67d01129ae4a9b8d15eca0165bda1d63a0,1986.0,F,PR
596b163370cd418d2cf2f5f37935bf14a9a1ecee577d6a6e32fae8b3e3af44ca,1981.0,F,SP
6422014345c817cdff7b79ac39232c246f66bb8c8647d5a5699d5866529329b9,1977.0,M,RS
0cfb094b9508b0923da03a15692123a54a4658f8b0ff3e9bc9e0d7ab723bdacd,1994.0,F,MG
2b38d45640969c3b44dc0600e7e0e39787c25d410662a132f48f481a78055708,1956.0,F,RJ
8868a2f7962eaa1a752fbc09fb55352fd73bc190e770f2563d403661978885eb,1997.0,F,SP
45d0594e9fd0193088a75708e9c91f2797823f3eaf00f0846586274b79e435a1,,NOT INFORMED,NOT INFORMED
594cc82c954c0387140e6ac9270f55cda7f15d78a35d2ac39d3033adb5cbd8d3,1991.0,F,BA
9338e26419c4df6c2e8b54882a2d2103c5ea0b35d1d114f790d3d38a8d118841,1979.0,F,SP
0d98213ebe8be0f8e9213c4da159009ad9eae9e4ccce42dd5bca20e9ea044268,1969.0,F,MG
bdd8e7fab84213b38910b7fb36c8ace5a40ff627b3d5fb6d5fc43e8185529364,1984.0,M,RJ
1766ce93c41e8e918029b8d57395f6dd8cd4521b8aae57a7027a62a138a9048a,1982.0,M,SP
524d66dd4fc1bbba2e59f7f61f80b09a9de2dd0afb97dafce2f7b8e805435eab,1943.0,M,SP
d7245b5b11a01ef4dc31744a64be2a924a19e61ea612bcbebb6a78fbeaf3b883,1984.0,M,SP
8130738c34cbf471cacc41f5722b3a4dc6960a6fc80e622d4ea1354ed0e5a389,1993.0,F,SP
97dfec5d8aa6dfdde330e6fa5172c413c93dcd6ff76436fc9ad3ef8fb6fd9227,1990.0,F,MG
30d3c77c0545084bacf908d56da10010ebebc6a25859fecea3488a6745503cb9,1976.0,F,SP
7766597cec5504c389d85109aef859652a72d2357c547cb71fc15a64269cffa1,1991.0,F,RJ
d7f93a9b8f04b0aa1b40e6be598296253288e041ef67e090c8ffbb6b3be927e9,1989.0,M,RS
b56541f25ed67fa7c5563846dbd6cb26fa783c1352de0cc95d7d1ea85b0ba63b,1995.0,F,GO
5d0bf6220452860e66752aaaec7a59d25d10d9d89b8124e1b0762534c0c248eb,1986.0,F,CE
487e41c7b1a035aee7d0057e076a0b6e088d4d598039dba9006b79c2b3860072,1978.0,F,BA
c2b2cdb75642db0bfff9eba0e5b2c86a8f86e43a4136efecc84d1bf40e63448e,1995.0,F,MG
239867266b81a9941465498729228097c5e29493ea5231bcf26b3f7de4869bbf,1989.0,M,PR
a109deb349ba4bff26396ba7136aad43d944f760a75230511f0950e7a5240879,1977.0,F,RS
39898cc3646c165f3c36ae166b97b88545b24e44eb7da842573ae3586f94f9fe,1990.0,F,RJ
1aaf3b7cbd9c43cce695a6f807e6d586be66016435a7891839a7ff8c5673b195,1977.0,F,CE
d255bac60a63501452379c6c1cd3c03b21caf9389a36145361f3d1819cac1f8b,1976.0,F,SP
7d0f5bec6968a9219011a3d94d4748fa4f535e661cc7d0f06b392550c31d27c9,1955.0,M,SP
99c33afec882d0bef4af83153779e0406fb35596e2c2e2b0606e4945a4c993cd,1982.0,F,GO
0dda9f7329748bfb2d19ecccdc6b37d8985e6c1524807902392a7eb4c20cfa21,1993.0,F,SP
c3681077fd4df7bda9536e437c225abea32f9b47e6e2999a49da62c707b565e3,1977.0,F,SP
4e82d75eaad0e595df2d420b00cf3bf423fbac5e8bc00422f56a4e33b1c638a8,1987.0,M,RJ
90cde34e30931cd8cdcd4bc374223486b3232da6257abf1b9d7b928ff408880f,1993.0,F,RJ
71f2eddb19d072146e5a744d139b23ac3ccf3b6aa1b59d4734e0e0e5c9c74e0a,1976.0,M,PR
0ebc9a115726b4f70b08be0d148317f42ea904758a0497b8f1f4c2eca0507610,1959.0,F,MG
eb90cb7fde6617f63cf5aaaf4f81189938e2adb117b49aec3d47caed9de16b50,1983.0,F,RS
89ac6d06092159f143b03a38d61be47d4e4d22827a3d1bda40d67f2e215e5727,1993.0,F,MG
dca018225212c3a61f6a6ee016f8cfbe3a7bee31fd1b233ac88e23c2ad962312,1993.0,F,RO
10582c17da35d50067876b2ae477132de940024bfc3fcaa279e7f4d22fdcf053,1964.0,M,SP
8c6bbc63a636ee00d6e073a11fa914a4fe9ef5ca6c89f973ebbe83853b2f20ce,1989.0,M,MG
e5e0a3ff4edba59ec6e9b69fc29e07139121e7b0fb62cf45dbc183772698e9b7,1993.0,F,MG
3cd4675d06c2503cd9bff578d8d0bab9166c95b60f3b1a9bbde12bc4b0603fb7,1980.0,F,ES
723463c0046a9515d5e3422923f18007f92b07534f46ee6936519071133cd9e1,1965.0,F,RJ
80bc552cc624d823d65de4f68850325239e3ee9010a8ea03181a1777215303e1,1981.0,F,SP
f643d18c7d51b9b5ebb166999ded1bdfae6bd604d2245d6d20a1ae6695c26987,1980.0,F,MG
92345aef3ee52cc8d561b4c634e4c9581d4e3cfba20d794da78f9f0fe98caa3e,1987.0,F,PB
61d97147fc618361819543bdc739afa79ddeff3553981e4ccf08c28524891694,1966.0,F,RS
e5b7fc0f36eb90cf4597d5e7995c247822d77a6340326c5db4966dcd1bfce6eb,1977.0,M,MG
5e091c7ec65c0bde651b4f191f23dd4138beca53d029fc1d9cdd47eaa9421a36,1988.0,F,RJ
0e7dbba5c540b4b797b1b12fe9665c954b710f014bef70575c12a6e6a2170302,1973.0,F,RJ
c4fb704c5fa56d087d33d1989cf7bc1cb783a77784cf323f6dc5d2b783e634b6,1982.0,F,SP
71cfc5241a4e4e80c3dac332a5fa85fe7db293eab136548e3f62ce4cda3c08bf,1969.0,F,SC
a5475d7dc9abf9a670b8fbc8778595d29fdd90689927db210cecb6627c05130e,1998.0,F,SP
af743abbda4b88c753316dc49c42e383f6bf36329363754e87a7b8c0ad1b4739,1982.0,F,SP
e5cee606f3bcafcb6be4565fb2b22de50bcce66bce1eb1e92f7db42a75d78c1d,1975.0,F,SP
9462cdd09eb56085afdb6d3aade9f9dbcc28a46fee5f0b266ad57861a85ddad4,1966.0,M,DF
2c801cde9f8a9ea8f4ff05e075a27de120b885a5c9a6bb3c16ac3650b031aab1,1964.0,F,SP
5afdf42e8ba7e63f858438d87e279e6588888e97a39e7efd9f7edd87fe2c6797,1991.0,F,SP
6799d3141942068db2bcd3f47f5b226a419647ff6cc6443e68a43864e80f5ac9,1990.0,F,SP
81d0ce3bca97339a67a02dc00e531c0ee7574dab0e5334d6c78ddc8c580eea0a,1965.0,F,PE
e7c2f123e936b1ad6c8b05e5ed367068d96a083e6d4b45036787ebd4b14d201a,1968.0,M,RJ
d33876a33c9193176ea9dda72f1f1de8b991a33e5b88d7cb68b62001f8ed1554,1995.0,F,BA
99e38bf2156c715bdc9784f25330fb153eb099df882676b374624d016811a13e,1988.0,F,PR
2a572da60a24a9d618994c18ddd7d309fa1c66f928404c6f016810d5f345a94e,1978.0,M,SP
c3ad76739f8112a93813009f0a52aa697513afb3236bf748ac7a96da3bef5d63,1992.0,F,MG
959d90c182a04a8a1d6931fa8b979935c6d5afbaa0f19dc4235d5f31f43aac47,1962.0,F,MA
c7fc86c712368c6edeb14cf80aff1cb92bbf2a91d8b6ce495081b18d408e250f,,M,BA
5e14dc38700c899ab4082819ce2767821c70849d0cc1676d7545c377321a80a9,1978.0,M,MG
95d456b10e28476653204d97c2642f5cc4f3c8ab0657c0e767e1e9d4aa623679,1979.0,M,SP
62fb4dca1e02aa252cd6870db92257136236eacd6f9b688cfbbd18a72c053ff4,1995.0,F,PR
8a2cb7a75982d5731f01cd3c50496f55c900d17c688cbaace13979eabb2f6b03,1999.0,M,CE
4a7d96f4e2d4c32355cad44012cdc917be7e498c3f09dfe50021088247a9f8c8,1949.0,F,SP
21828fcf93493bf9ab9633dd0f51546776a69a1cb06bf7961f597b2bdab24f35,1974.0,F,SP
5107045de5fd27825cc3f151375bafea0eac7939d2514ef7423659ca404152eb,1977.0,M,SP
a4f1fbb5be184326e5a2ce0e5a22468fb3f8134905bb56343c82d0957cef91be,1979.0,M,SP
b2b6c889b6bb6d80d08dd10c4f612130a15183932673f8e896ee8c84501db6ae,1994.0,F,SP
7d02086558d142a7ce9d19f951fb8710488bff067497e6c281833ac3af5cc593,1984.0,M,SP
48fee679764275d2f48736330e30ac29d23f03b202d5c782951bfa47be74d805,1967.0,F,SP
e29f4c81d6a5bec63ea7a0f2039c7ba5c29939053544cf0781dfea76b42bc2b3,1972.0,M,RJ
19ffba7564cc3b5eecbc226938b876a051cd8604c5501a997a6e5b56083c1f8a,1997.0,M,SP
d19e211a59b424b7a9f42ab3f1af83d58485879ff2fbb1538b56449ac1d10cd3,1980.0,M,SP
16e19b3a771a4c5f4385770b4c2ad4c3171fb645053babe73bad3623e7c81e19,1990.0,F,SP
416291cd8637ae1d36201b22386ac2a760e8dbf7b0ce173667007835ceffcf84,1965.0,F,SP
2e6f990a9e622c874a5a3ca90dfae7ae326cdfe4645719ced064e7ea98ba3bd5,1978.0,F,SP
759160165fef216e3c214226b91e163ba572168e45d563f3db2812f9ef0fcc82,1989.0,M,RJ
9950b209738126171496889c82229dc7c3aa6b197a0e80b17c1ecb37e7e6c1fe,1989.0,F,SP
58e44fa99b89e6f0588b123d48c814f351e63f1b92698bcb172e21c83d3c6604,1980.0,F,GO
48cbc694ad254ccf5486a70a7a8541ba356000d08117bdb4e0d9794d1cb6e220,,NOT INFORMED,NOT INFORMED
33830bfd156f9460cb86beff4e4cc8bcc7f01cfd8a7f16f6268dbc34fca4aa1e,1989.0,F,SP
37b934a27465163757bfdce1751e6bbe5ab456f7fba2c39f214a98d9b3b62e5f,1980.0,F,SP
4a9eccff9b27dd7fa85c1a3d6ae81b03f2738adab05d6f1d0607377e3b323a3c,1948.0,M,RJ
bbdd3545cbd9ee8472190d00cc1c5ed7562c8ab51d2da809a00195df1cfa5e4e,1976.0,F,MG
e372182034fa8f504960e31962887d6f6ea9bc4c2cbf80cb9c7287b36f620685,1993.0,M,SP
8e59c7d52e69c7db319b74c92da8fe7666772eb1fcb96d54f45e7a1c7c3cb671,1967.0,F,SP
b04a35a592534d16fadb44f23ac09a66f98f1f8fdaa3b526336bb1a13eb06e9a,1965.0,F,SP
2bc219844ee3e1e398df881f053f6cf5a0c4bce3a12216dbb7de4d2cf3a57b43,1982.0,F,BA
327ceb184d662ce0d72b43deb82d8fabeba3c83deec6dc51507411757f676fd6,1964.0,F,PR
575a53a6682a54524b092ebf8fdc14fc4526b0abe9c2d43dade13c95f93dad9d,1962.0,F,MG
709ac69dfe9301cbc2a91ca8e475c6fbb6ad0d2a5d4674293fa0f3cb326c7c01,1956.0,M,SP
4f306ad2869cb72b4da51b15cea8437d1275d646c64444cce4e771358f7b18e9,1984.0,F,SP
666d299a9613638e4c12fa32dbbdb1ae18e5cb676ade1b4fc99841f8712528f3,,NOT INFORMED,NOT INFORMED
b25d332cdc474f79ff95961bda3933cde53e60fca41e000140aeef7080d262b3,1963.0,M,SP
673b5521f50457e6abf196e777896a5939d3a6706db9394e90d1249de7539490,1986.0,F,MG
98bbcbcc7a10d0c916f598a2031061ec284783e0af7bf3efb829e5daa8e08898,1978.0,F,MG
9107ddb6ca9e8c54d7cacb2b47c75df226ebc4b588f15a0b3e945759913c958a,1954.0,F,SP
c6bb5ed199312134e88391e273ec91626d88de670da5a2e64b73863f24148630,1985.0,F,SP
821804690a50f5aee0bde8cb0d9fd8b6ac5aa58ce9da8f1111af925039b04a7a,1989.0,F,RN
8baa1232751a0af7d6bff2fd28b01421c3844a16fa4aeb352f0f134e7921cea1,1965.0,M,SP
c71518fd22697936a243ab77024b1d33f90fa4fb81667096fd25b6c734d1af56,1985.0,F,SP
caaad584a168fc0dee8a8f0bae6735568a59219fd4acce06b3701ef6f95e91c2,1977.0,F,SP
837e8cb2cf9f982a2ce34729788da8c9e8f77c059b748908aa7b60c1b0e93bdc,1981.0,F,SP
ccd4c204aa496ac78624f8ed8085658a205f09071bf044fa82c4c17301a4656f,1994.0,F,SC
8fb2a85cc60379dda47f49d67c8e50d28bb47c198858f2d93a628f657a853c56,1995.0,F,RJ
8b979df3c93869bf145cb32a313303e7fa6d0f8f0c8dfe207ccb33f06aad864b,1981.0,F,SP
ae083aee2200a9252018860fdeec91d46dd99d1eaacc13b281676234490caa89,,F,GO
f50036aa39f10c24064d2b7b72db1cbfc8eea4a675c87abbd58338ac86ae337b,1979.0,F,SP
7db24c4cf9d7c2c2d9e84df23c781ddff77d34232eeff06ba368e17694f430d2,1997.0,F,MG
f013cdec583b9b1bf3a215c879c1d51c867b763007d35718fa75e7377f4c30c8,,F,SP
f4d6b8503c6bbe5b467d5e059f8f9f97018b53ce4965990dd28c98642202ee9a,1987.0,F,SP
4a44dd3e743950b183decb82540a4d0e67b0c7ec08ad7cb16b9b217183e40abe,1966.0,M,SP
c9b71d688fcec83e76e6282aec436a21392248418f24707ff393e3bf7b58fd5d,1967.0,F,ES
3d5291f761d6f0c0c6f74f5f9c6575dbdb5bf34438884ada72ef26d20375bca5,1968.0,F,BA
d0484fc93d5f78663c6c1ad54bdcb8f640d5e5be51cb33c8505eeba7f53cb66e,1964.0,F,RS
0c932f39fff8bb9bc3e575df4f69c29458841afe1dd5c06e69efbe376df1fa14,1996.0,F,BA
7c9eed1ff8b23010ba275ece019656c1c637ad5af8330cd9836a76b2592a899e,1965.0,M,SP
715897d8906a2737bd3c937c949b9a8f02901c68cf5c9220effd484c988e3cff,1983.0,F,MG
21347474542a0f9b964a159d959ebd6d8089e8f249cdbd10c106c2329d4c5438,1984.0,F,PA
475c42394dd5b549cef6881bc4f45048058e9c86c1efa32eaeeac59d6df2045e,1986.0,M,BA
da3de0cc3f70dfe666ce654b452fa13424fa1f97181efa9f63da2074b191f6c6,1994.0,F,RJ
a9f5a2eb3d8eb285560f8c01e0b57177ad5bc7d7ce9b73cd9d045dfa79d7610e,1976.0,M,SP
3c04b272a6516413dda8dc2623ed4059f2d1eba927750efaa6cac4025e9b4e75,1962.0,F,PR
c8a7fb6ff74afa23529ae2fc8e7fb4b3e5cad57e02fb147e9b4b72e89efbaf2b,1984.0,M,RJ
b58081ec937705ec083b75e07e63d77b9208c42e35a1757ae2fd31efa9ef8ae5,1986.0,F,MG
7951787b522ea8850b7b86455ef6dc21e3918781ba01979f0f042efd611d6296,1990.0,F,RO
fff205054fa731d07be6a42606a21a2eba5ee4d76c60fd476e92aa13691da407,1968.0,F,SP
a7738c0ff325b90d6cdc68551a9e5dbae614254d1538a57fa5bea6152642ec13,1993.0,F,RJ
6a8511fbd7a3570fdf0dbec2f0404137ad10d4fa8b625740a54b582ccad4d731,1962.0,M,SP
3d861e902963a646e77fe278e387c91e9eeb02bb47cef0ee152b1b291f3eadac,1987.0,M,SP
355e8195615263237fe2588b94d74dd260d9a8663ca17a617cbb92b4379848fa,1986.0,M,SP
2e946cd7234b7b5b45e10dc77f26838ec329c61267c3bbc323e968c1bce1cc37,1967.0,F,MG
85b188d2cfaa7e8cb17fd30b86c4b066e46a60fcbeaa238fc51c28105be38999,1974.0,F,MG
29358ce84c7e6960e994d752ca424c530ff93d63637f30cbb9b1ea89400f525b,1979.0,F,SP
00d7d6bc37b632f13c68d8c35acc670a0a2632f735c67b6ffca20d20f63041f4,1993.0,F,RN
31d646a547ade753393ca0ecf420e68a07f1193df06007788f5e04e22d158bd3,1993.0,F,DF
d5bc0805a9f0754a5720c1dc475d8bcc9dfc3027b5085fee1698fcbd4ad2ba9a,1987.0,F,MG
d234ace2650cbd69b5819692188c97d670ed95265eef859d72afa344b13a6700,1976.0,M,SP
faab41f76a2727bda0036276eb4553751e7360d9f6ea3c82ae2c164c664582ba,1985.0,M,SP
84273c8f6adc357d2aff5c88bd59c424e599bf85dce65f55eed1fe47a11c2fb0,1965.0,M,SP
602c0872c50a558379ea2a127645eef053e1a143db52f3b7cc064d78d1beb46b,1971.0,F,SP
45c4751f5ac27e7ce956ab87599fb3414ebb6b57dc4362f89a61b75233090dc2,1987.0,M,SP
2fb1066d350fcb90c472c206cd602982f94439df0a4aa2b9080cf825a848405c,1972.0,M,SP
ca79ab6c889ee4803aae189c8b7efaa2177e25b0529a8c34b1d9f2bee0269d4e,1977.0,M,SP
6dab305733435bf6a0f0e49af64c1b9e0fb65655f86d5c648ece50ba4f157fa7,1976.0,M,SP
11d7c2cb473393ba82d43220cc1d486bb470afb11eb5f2be2eab957142452032,1978.0,M,MG
80f664690189760a63f837f09500b623fc164085a895a43f540ed333278c5c9c,1976.0,F,TO
2125d9ac1b165cb6b0e03112e49c4af399d4efb0842642bb02d92013be908737,1966.0,M,SP
0c11141cba550a57041b67159ccbc3e37d6a767a6f8a853e297db2f5b6b13c19,1983.0,F,RJ
4302cdb94374173be759093e494ad15896b44ce92fac5c54b94b6ef5a56c6c64,1987.0,F,MG
1ec1ab4161af67547632efedf3ddea4018812df798258810dcba4bbbbb313091,1971.0,F,MG
c299709d412174cd0453e87bc1ed219ee44aae57532fc049f99720a0622419b6,1977.0,M,SP
b133ba65fd2e73d1f235cd70ce131aef504afcc232da85f0db35685a04af6ef9,1968.0,F,SP
912ea756d7bf3a98467e9fb69dc4bb5018e5a235f519641d89aaa2ebedeafd04,1978.0,F,SP
7f0193689a0a3f8eec6522956921aab910421c9278497a024fa3a8acb9c2b2c9,1951.0,M,RS
540168bc033d6d94d8418d7143ec43336ce2051e47970b48e189b0bfb977efad,1992.0,F,SP
f27016d512032364086a57d4a227e28ce339d00f027fdb0afeb8e4b480c88044,1993.0,M,RS
2492a309b818da7bc17fa6d81742474bd127276b696d36af1627c87fcfe8b3af,1984.0,F,GO
aa46363a333b5d5c1d8c228776ed58d635e8d86cfa263aaee6a769bb093b8648,1987.0,F,SP
ee6c703c56fc2ae9f1ac4760ddb7a358ab92012704a23496827467879838281d,1992.0,F,SC
3236a83e8d6d054bd365ecde1b938ab290c7fe4a000b7591dbf6af281b58e6a1,1995.0,F,PR
acb2b4e3a7f01915e3ed0173b9092e0b51f534c5f5b0b5a57302d0f6d6853726,1992.0,F,MG
08de0ff2abd6f935e417d1d58972f4214bcb50677d5c3fd9d8d5296419e74e9d,1982.0,F,SP
8fc7b675413a0bc83ec107275d50e984b7417e0a51f182ff539ac1518ce3860f,1977.0,M,SP
c223c4a0fdcb93ab2d37f21743fdac400a933a32868068d87ca0ab1fd35d3f45,1977.0,F,RJ
809a5ca47afcd4b5fa6b4efd1a1abd12d77ce66dcc670ece5b2058e5ac5e5e96,1983.0,F,RJ
349e437d29db13d594a86fa310ed0a9d95a5fd1a856e01f40b3e50df091c62cc,1971.0,F,SP
29beebe425c4857e6cff6ec632eb0fd6c9620fc46440881cbe4c0d8e4e59c7f0,1975.0,M,SP
6494a109ee2dd3f2453a7364de7c25ae79d1cf3335f8f72fa42764540a20c9c9,1984.0,F,SC
6f166c4464057afa346c0d301062c8652d9325043fe81ebee0748daa208b8b80,1991.0,F,MG
0c91ed7a6939094f5a7524f5f07ee25f1f60df3fcdb4857a666b40129b3ba2c2,1962.0,M,SP
193270c466dc6a091b7a57101419dcf82825661a3623a437d2ae829a8d0759f0,1987.0,M,SP
3a6aa820defd3fcf1221bc9284270656405d09f310e72c3959b45558d39fa633,1958.0,F,SP
5b715bc35f61258c68c56bee43e0b3c9d17995564f8230e9359698884c0f65a8,1975.0,F,SP
af7bdd237c4cc10efce404aaf1a4495505c9c9c0b02dc41f7e3b719745275f00,1990.0,F,SP
830e766c19ebf957502b89a490d90d841b14ffe0f498a8c2a6aa0ad868ad1eb3,1978.0,M,RJ
7cc5b2375bfba938e72140f5c13363683121271d71caffa8a64644bff4ba33f0,1980.0,M,RJ
4cb91f3decdee169c672a336faf300883dd78b0887ec446533c443f4cf8589da,1966.0,F,RJ
d12f19b01cfddb6cb7ccea2317744b9b078ed4778e576f642893e55b5ea57c07,1981.0,F,SP
30754c3e47e32858282dc06d44988ab9401320229ef62e1683d1b1d4a97ba568,1971.0,F,MG
c61ba7968453c347e17b7da4c4594da310c98261dd9d5e9e6b24b134f6894427,1979.0,F,SP
d0c21ee364edbbfc079810bf671dd37c592a7791d485d9dbb0654393597b7562,1979.0,M,MG
b2cbfc7ac13cd53a3b796a0b048d82548c1191cd2d9fbd1716a21c61ff5c1c3f,1983.0,F,DF
c1e3e415ea1db07db92ba29561745abd5b67181d2f505b540cb9bd0ab6373614,1966.0,F,SP
5f133229e1b35949c8fd868503c901be1849de3736b04a097efc7387696ffefe,1994.0,M,CE
02d8be2b35e6f74697554540f152845b7310f00108e12cd9f97f10dd0d8f423d,1999.0,M,SP
25dd9e94ea6ce64ccac4ab8cb0d7b22edd97fcef7a542a290d725e0d00c46f6b,1981.0,M,ES
9bebe1e17aafe091d0abe76263012ce251f75c7a3f3d2a608da3a636908bffe1,1967.0,F,SP
35f5a0b1026095fe872deb5c11eb2743d704700bff7a1b4ef40f9a35a6844170,1991.0,F,PR
0f55c5f857b834d1e6c14a214428388c1a608ea9e38ebec84e6fcc7fdbaed084,1979.0,F,BA
0ca5cee0479bfd395deff1fa3fa5b897c695e304d499e79e3206de56ef4baf96,1987.0,F,RJ
25d533f32095c57776e17b120d7f442caac69a9d27acc9e66920bdaf4a227038,1995.0,F,MG
0363e12a7856171931759565b6bfb05d30412c0a40b87009acfd1f782b3b1c05,1951.0,F,SP
6775fe4f7ddc2e7e31aeef03c10057a570b713f40011e89d925c05025f6b59de,1970.0,F,MG
7ed8552ea8d6ca8c08a24d3337decaea18fd021acd2758b036020aa65bfa2d1f,1987.0,F,MG
ac2e5de33ab35a852ca5c577ea04db22afe6f7d1023b7d5d8fd8eaf441c109be,1992.0,F,RJ
ba767e935b62e7d27f8c4ea81f92f6ec1b6b3b0a9bb010972b857d5784f01b48,1959.0,M,SP
1e98df4a9735660fae118daadb377c410c95c0ac9fc684769e221e3e9eee4c75,1990.0,M,MG
d908cd0497c3edad5b34b29630b165027bad1d7b8b5448bc7a8f8461280923ea,1992.0,F,GO
d27687a38873e5de8d81c355ec37ce2006d1f96bf329ad8cd6db0b253f9e2106,1985.0,F,DF
f79a2a7ca128af862a3d34db1c73cc9e80bb2095e95af9859e006e8af2e00c3c,1980.0,M,MG
10bbaa2eb5ffc152e82108dcfb946bf186fb22fe4f6c95a19d8693a2c35d3ff3,1968.0,F,PR
b36193d568c66eb4c7df8c980ec0ac408cbce5fece8488ccf6de69f4ee567f64,1984.0,M,DF
54b0ca386a4e3883ce109f539db7cce79dc44af1d5c2f581232d2f81fba38926,1993.0,M,PR
2801d2f7de86d9e6d684ec135d6d32eec8f9149c87fecc61b49ecd36315a1594,,F,BA
316e3aa5e3f51b5b4bb48bcd80195c091718ed1407e04a80482b73879855d3f0,1981.0,M,RS
0178ed94e8a35d5ee25704da4af06f1c3636d9896c9080bcc3533c5a377fc523,1967.0,M,SP
14682b43dfbaff3d7679980d976df653e5eec1966e2da8f1df18f2d5e811f328,1956.0,F,SP
71c15c7259402b47a799131991b38da0ff434d7cde5725796e94ff4c1f49d304,1978.0,F,DF
21d6c55c939c8975a58e1ae3367b1f52a3197db66a20fbd9e28bc5d8dfca4e85,1986.0,F,SP
b08fc011e658aaab5413a7be5c04c5d2849bee79768bca7566309635114d2ba7,1999.0,F,SP
8ea1459b4801d6ff1a9c7f36f1d51fc9c3cb01cd884e0ab450b31de64c3cb684,1994.0,F,SP
26ad20b026afe973d173bb9a74f644b36d4e1d3d0048245a68b1d8021d7c1d1f,1969.0,M,SP
2daeb4a1e0a10becffd8b6fd38f1e90c2ebbbce146d65293273a60668d14c833,1976.0,F,ES
65231c0e553e2ec342e532eb04a329a13691366eb30c53ab31582f60e41198fa,1973.0,M,MG
8a525c0a31dc4d6ca597aabcd1a62775073ac212dddd8dc39497a1a6a1585703,1985.0,M,SP
f5f7f1494b55da3909d5a1b5d5e4a93a6538e924b3403bc2ffa4cee88947c42c,1985.0,F,RJ
031bd5c8c578b18677e907ad4d63b0fad45a622a5106b792cbd4dec9a955ef7d,1989.0,F,RJ
22f234bf21ce51e446a6cd503423070ef0710ddd1fbba575fd927e693c8057e8,1992.0,M,RS
fbf1596f31a619b542b76dde3583a7efcc939f2414781e9b4e2d5ece9cc6ed33,1976.0,M,SP
b3684164e7a79642420854c90d38edd97e76012b8044ee44e81cb9e359c9fe7f,1950.0,F,SP
82a752c8a40ddd34c02e1b52b936a31648c7840107a4834a4d7704f4378610f9,1982.0,F,RJ
39c3cfaa103d8dff57d89d163972525fda628721c972384ddfc48fda28c3fb4a,1963.0,F,RN
559579d160eed27fb284e9d1de975a020af2a9ab6f44eeae6c1b06968800ff15,1957.0,F,RJ
9c36b88898a31fa81556260fb1ca224d42c4399993ea75eedb99677d17076fcb,1940.0,M,RS
a0fa6cbdf5d3649619b111ae95f88c790e62dda52ef49df87bd3e4e23fef755e,1966.0,F,SP
06fbca1afc8e522db3abfc278cadb4218fa716c7d079f8e521cc28a4c567b7ad,1983.0,F,GO
bfd7f9a78b2b47e189f81a8c5962b3c30a438bc146e14e16c3cbc2e7efbdc159,1979.0,F,PE
ff0751f8efe81311b982ec03932ba657a622b488eb5bff9f701a1b11309c7202,1986.0,F,SP
81de1a0072dae86cfa2fefc4cee3c7c6435c3d56aa5a6c76017804e1b007a76a,1986.0,M,SP
34682aeacd73a9588b186fcb7ee0579fe36276b0089211fa6b6be1fcf7a4f399,1977.0,F,MG
4531901c80281772a12026074fc0f9febe862feee654388a8a50393d74cdc95d,1997.0,F,SP
1b452235f4ef2f86d87eb0a6ec8c600b10f4644f436b797690c87216513d11bc,1989.0,F,RS
50543e0202334ea4727fccafd1c6850199ab99cff575e2a413ea3af23423dc04,1950.0,M,SP
e47e3630527213604d43502c6b0aff2c6a12cd576b4c3c9e75a46b1ecebe54cd,1982.0,F,RJ
82a353d739f061b6d65a048b4508c41c73daac4192a1f81e3565974f12ae575b,1990.0,M,SP
f4a75a45122a141c1f7278d4dae343d7665e96da35b469f5f437344c51c491a3,1992.0,F,BA
c93c6ae368df5c0a90329ceb0ce76279529536f89ed1fc523d1080f98965f9b5,1962.0,M,SP
06e9c43cbd9c4bbb2976b290d59d8cc83b28b3081e176847d891b8f5362c9ab6,1971.0,M,SP
6b2a1943573e4ab8e1accc8e68c97fe6d7a074cb37af5e8daf6f6b0dceaa817b,1974.0,M,SP
44887a237469154ccffe0fbf46b52803f0bc75df8b5dd824ab74ed19e54636ef,1971.0,M,SP
bacc71d545279b17006aa228fa371e9e4cc694230354614a0ebf3bc1b65d014c,1984.0,M,RS
684f30931820619a190852133012d4260deacf6c6880e8e73acd45de137c8b30,1991.0,M,SP
98f1ad2a65699fea47f6931a516579883204fbd059ef80b416db52dbd7f3d442,1986.0,M,DF
11b44116e052dec5c7a49b6b4ce2000636808a740e131349f1c1fa3a0678616d,1966.0,M,SP
2f7d77545421299b783f074fa42cf67ba0d8db443b4764d4563054a9465fb6a8,1970.0,F,SP
a6a96c9da5edb764e7de48f6cac2864c9c4ef85b323a9d3c0edba989dc9ebfcd,1973.0,F,SP
26c330c08ad517b348cffdf99ad402f84aff0d6e59eceaa251092f04862e1cef,1986.0,M,RJ
b9d0102f9f295585bc36f0fb2b4054aca139553e0df4aa2e6db4da8f659e5243,1959.0,F,MG
f5f8a38a2cd964e76b955aae6d84c5a8fac0045f8c3447d91acb9c16cbf986b3,1991.0,F,SP
5a0a3a0991311b7d0372a86b092fc591e277ae26428b621a01072a297eb8776c,1977.0,F,SC
7c0e284ae1e2c981df164c1ce0d9f55c38930e832d13456881f4b27f8c39631e,1975.0,F,RJ
c70e682340ea372163e84d6b0ce413e03dedf0cd9bc92c3ec7770c64baee151b,1961.0,F,SP
2a7ed3685d02b3d2e20503374e96ab7867245ee25a85bce51fea4cf36f74a552,1995.0,M,SP
92b9172ea112d3d190deeede851d76085186c06eaf5e936bffe4c394f380de7c,,F,SP
8988599a3782774ae1213a46ec16614b0caef76bd99949ed94b5c6492a7ba2b4,1987.0,F,SP
5cc4d8e5fd1380ff128ca4053693ce7a7894c1e8a5dd755dac43b88757121e9f,1989.0,M,SC
de6570cd213d02c1075b41ae1ee782ab977426a867826cf396374da4a9027f18,1968.0,F,BA
aafd03c54508902999b1488070e1f203aa047aad5b54a3c395a8740be4ed3daa,1976.0,F,SP
8a27f5d9b84b42144b6b66123cb6765ab944c3a35030948c3c16a40ddff5740e,1977.0,M,MG
6868f2c1347904141445d0e8f87bfe173a027818a9d82d201bc5fed4f94f066f,1974.0,M,RJ
e3151d23823ccd7828dea0ee355a30555a085f868201ee763693aaf1656e867d,1986.0,F,MA
e73c690c279f2002fbeda90eda4d9a5df2af596f597c81f8c016977d431bbaff,1989.0,M,MG
ec50f893e1bd32d3417aa324ae24c1c5183156ae470bcae05a939468d4dca1e3,1973.0,F,GO
491bdcad6d9814648935950d07760b30e042227c975e85d8c9939dd6bb94a4a8,1989.0,F,MG
41e4d31a5232e5367131e1d548b48412948b4f0626bc50a249feefe5296aad52,1994.0,F,MG
485db0fa4ccee635630a938a1e09650ad1bd87de4294e93b222e81b61eba5130,1998.0,F,SP
ce988d041eabac9bf1e2b19ad37923aefb4877ffd439f9a5152079020f607445,1990.0,F,MG
0a65bf7e32bde622047a6b36c6859c5e30db8865bf9524bbf87c6cdbe0ad5609,1981.0,F,SP
5902403b7ef7863e0e10afe140079a438fa77e8c3d997527dd0ffbce811865f3,1974.0,F,MG
f147fdf0c8e29a00d0c583cd544beb2c2ff0935498621d78b3a02d2771293ee9,,F,SP
b81ddc43fcd65f9bf972d148616b7047a088f43432db1c861bb61d80d1f64956,1959.0,M,RS
2e8502cd0be3ab8e4c0bcc0fa36813eadcca9aa6d9df90c3847dd902cc4a0010,1988.0,F,SP
884c8a6560ae48560c6c7c2794d0827545f736c306d3299659e75b4e56af00b5,1976.0,F,SP
98463cd34d9d99ac2f026bf52f7e5e874ba66d6544d04f84cca2d04470df1d52,1974.0,F,SP
6619ec49deb130e0f1dd5fe314a8ce355f13193bb0b2f58b2afc1102cb1a3ebf,1961.0,F,GO
7fd2d6be60a1270f100348ceb3c99dd5242d4de6df39ca4c2025869aaed4af9c,1973.0,M,SP
0511ce5b41065e9db266d3927d061a0445b4ca9cbdd9e63b07a1b5e8caca1963,1976.0,F,DF
3783cf5025a99b7588ec090664be1264b73d5347ecec57db2677aa2dbc5a3094,1974.0,F,SP
37b03a79830deed2fe1b59907f16a7b7f5660625d4c991a5f4cbb48d65c285b7,1991.0,F,SP
1b4ecff6d82dfca6c71a0a68a92ac9365a27a1071c824b3de72293644cd5dc6a,1981.0,F,MG
d7b51daa5c903e044b14ab35efaaaefe9490380d1993bbaebd700dd10e879f67,1966.0,M,SP
63069d83e3dd826d70a5c54b3236da081f8cfc3ab1fcaad14a6e3e0f66e90288,1952.0,M,MG
24787fc151b444cd67d16bd3e917b2809f4f2a8d63bfdf9a7e5f88b3afe6423d,1971.0,M,SP
5fb1360ad760434e8887642cc484126c86c4d21a303cb763c83fd2a4d9a72b4f,1984.0,F,RJ
d4b414cf14650aaf7bcd72652af323e4e8089b51ff03e66458e6985178d56cee,1975.0,F,SP
f4c3cf63122bbd597542d52d1934a56c9828e175f62112e2b4f0c1325d16492b,1989.0,M,SP
85d78c19960912fc0b893e7520cd4aa7f168d0cb2be2e2793d76b4532b92abdf,1973.0,F,SP
4e8d99450a5f56ba9607fd5e63d7e4c7075db317caa2ef8a71a3c6472262ac57,1987.0,M,SP
1816f54c945d4c7a11ebb29cf70365653949eaf0f6e278a884f997c8151c2892,1968.0,M,SP
f92c99a0dc14f0f58279645cede44a99cf3be6cbc39273bc2e9be7c4d10c102e,1970.0,M,SP
829b10c3db6db905032140547ced150bd7dd140cc805d3d322b8382093d27bd5,1934.0,M,SP
ac3edb816b26f2443d48faf776d7ef6b87194f808f010f177af6e026a007c5f1,1987.0,F,SP
8c850d20d8d697262b81c11a66783f429c3fe601732fad994eb6fe86d7093d0e,1986.0,M,SP
c9be3f0e26781a5403f26d43a173a8633185b815d8670e784f778ff747085bb1,1963.0,M,SP
2b3bf2ced2e0e2fe31f4d1339218e07d6983fa4788cf25bd092a3a799004f55c,1961.0,M,SP
e9ec1014935199fb6a6a50de17c781cbd48008b3c6e43058276c9148cf5ac6d2,1982.0,F,PR
8c592c1e5634ac6822ef52b88cabff7f23f5278eb8fd86bbbd442b8d4a0898af,1999.0,M,GO
2dcc0bb15ff498b442fc3be85c15eda53f82bc7b79b61b3404a31b94f44bf4ce,1987.0,M,SP
0b95a263e3935692cd42757029ab0fa37c0a32baad0be7749e765f52c62d1aec,1951.0,F,RJ
91cb1a8a8a30a489d19d2eb5f9efc9397c4db46fa18b3ed5d17fc4044a07f90c,1987.0,F,SP
5a02dd722ba5657e08796554055a5a665494378c9884832567e8c0ce852159fa,1950.0,F,SP
634fa8772e153a2a9b024c0c6d9493b52c335c0187c9dee6d71792fa435d949f,1975.0,F,RS
37140d2df39f1a1abccdb0f819e068a04f4c96a8707c74e9944c1057115ad93b,1991.0,F,BA
88ed77dacbac07b80c9593a0ef745b9aac32278b2ca012dbd0c77971829bf293,1984.0,F,SP
2b582364d4a9d9caa4728af51f8e87b50d4b3639baba440a742c76640bb67084,1983.0,F,MG
9a75fd2bdc70017929cab38a1a4d2626133cd9d6828a222423e8e3a8b1656575,1965.0,F,PR
f542b423c5a6252743d161ef1c00da37eb0da3c0d8ef6fe9a1eff299d9de78b8,1966.0,F,PI
0a27b6d2dae6e5b1a1812e30935ed4c37c2b5de5b1b6d95832a9d178fd43e898,,M,PE
10fc0a60007215f316745fe3e43ff9506b26c87a05b1db941645a8f492e1f1fd,1991.0,F,MG
1433d0c93759c900ea0753f542196037f66792cf0b48082f159151759f066a65,1969.0,M,SP
8d3719425b57b7700cebf11642b5922a51121660b82a3a3882a0be27942926f1,1998.0,F,RJ
81aa0128282f4488fba9d8740de83f9e2f4ddb38e7691e5899466b904eabb1e8,1996.0,F,ES
68edc3429261d1e92ae41ddb5836577d35626102b6ff4db3646a4c999b849067,1990.0,F,SP
db224eaafd97c95185716ca33f86304ae95627e1976e4323d856b0cd3dad0b6f,1985.0,F,SP
6483d10109ad8515f1c3bace43fddb6a8322fe0f65521c72112a174a819a9f86,1985.0,M,RJ
b80db089b1db13d6b873dba991a109af9ba2cab9b6a113ef268cca293f7654b4,1986.0,M,SP
daccb252652b59686e98be318c66ff6dc6cf200fa550b99dee1e41eca509b095,1977.0,F,SP
b5ebfac288a1c895ed8eac3210273d814be651273418d14356cae5cc0ad1ca75,1988.0,M,SP
dc01e0739ab70e05568721ca8b7488e9262cca3975818634483d2323a4976670,1999.0,F,SP
99bb0bf260c7ad540d9bca8351791a23f8a3486fe295c0c373046b0bab840f5a,1993.0,F,SP
b5f83f27e5f6582e809045ba34be7bc35c0aba2477e9ae1f674c44da19b10e2d,1984.0,M,SP
1eb98b4c56521ddb7746f92c6816f446f588c470f2fcd713fd132b7d26a0fb5f,1983.0,F,RJ
6c95cf78653725621f9c87a4417929f0607778f2994891a7e4270a419489b74c,1986.0,F,SP
072d7c1cd157750707a45ca7c781cb20c1b4a1ad89ca3acf12cc344b89340436,1983.0,M,SP
3279bb4f507103570d27cd67d95e7766cc321fe12025d1d0888b05eac25c9209,1989.0,F,PR
31308a538294abf44e4d4227f479ad678d3dc718932d3e41fdeed8cacd790a6f,1979.0,M,SP
870b4703d80aaf74910e31aa222f8ab7c09b823ca03f9681aa03add3ab4620cc,1980.0,M,SP
4241743b48be6b3b0bcbde493827015f7b8afcee6d4151fe558ca0c0ea5d647b,1988.0,F,RJ
e8491ba8c1ec2fbffd57235a2ba5f56d6565ff5c12957e26645d9421b0cdfca4,1961.0,F,RO
c943dad3c28c87948ef1021057142bf53e5c6280fc6d93fd9226a2306b873d3d,1973.0,F,MG
2cc5f8530032691f0bffb7093a4d3023fa698997991c4474126f8c08d50ee118,1977.0,M,TO
e49de7f2a06bd65bc2cd260a69d95b07f87b0b1e714fc3772229905b94626288,1966.0,M,SP
c0c7c743b1e6b56417e8d458467e875a4288ef840d193c4f49192d39dc927c93,1973.0,F,SP
50529aa6b592e15313406f66875d37300a0f60e870403f0c40ddb814a763722a,1977.0,M,SP
3aaffab6111af323458c4e5c113708be9985ab3eb10bcc7f249a9b131e83d785,1994.0,F,BA
731473f4f864680210d37858658ac07ad555d89db291dbe12c15f5e4dc1f97e4,1990.0,F,RS
de7c434ca4e404104949c76a071383db2b924f4e2125d00e1ce22acad220e506,1991.0,F,AM
4bdc24fb1fa0549573bc76ee17b79a8550f5b4421b3965ca46371a694ff4cbdb,1955.0,F,GO
81473b692282ce57277c434a10967f86fb5facdc96c1c69f7c6d4834ad65dce7,1971.0,M,CE
b217f6c031aaafc127c940854d84015d5e1216043c30c7bb83cc03356ac4c104,1974.0,F,SP
2ea3b7b5b4d1719b51d4d1513bcf4c6e54e5069fe7889e51e4f933c5a0b857f0,1994.0,F,ES
79420fee55331b2ac7cf9a16f9ef76b4110435f063c393b73fbf1b1b80ce89f8,1970.0,F,SP
40a38b632241832a975f342e3754a8af56798f0539a6ffa55eb9b35fa3afefb3,1995.0,F,SP
9c5606ae6f74d07c7a51bd7486beaa00d7af1e25bb3dc31fdec2549b04f88962,1984.0,M,SP
12f249da9b1e879888a030780c7f3b013518a6754eb72d6c9fc89963ff755ac2,1982.0,F,ES
8573ba5e657cde9b61d9e028b609ea37876221dd292aab56efcc545061be67af,1994.0,F,RS
3dcc77f6d27616a05aea5534d11b65d49420c647623b2da69889c558c51cb460,1986.0,F,SC
1c0b72ef91fc8f8910061558e0399c0b580061d7758b1055db0204246f5558dc,1994.0,F,SP
fb374103d0aada9970ef2bc8ad1affe6c3f2a81cd8a3516d2763793ee27d7f35,1983.0,F,SP
bdb1b917ed54c179f5437a5b057aa7221412af5401bb62a576bcb8b603b410cf,1964.0,M,SP
7bb76f0cd6bfbb8c1228f54b71db1736388441d0885b9237550562e1ba20e63c,1976.0,F,SP
463e81e38e7eebeafcd7504a7d55a0445d05089a020e85147f3f6a1146ae3c64,1944.0,M,SP
759e610494a8de60882c9d19b21d141fa3013183733efd804963fee5cbbe2a78,1954.0,M,RS
0aff939aa5b705c57bee24b0eeecfdd64616884def16cf01887e7e22fbd68c78,1971.0,F,RJ
44732b8232b93247b7cc1b89de5de92375b5bb4b1cb4b2eb2722c5d18120cb4d,1987.0,F,SP
d7f9c5856029569c3e8e5ed17bff0f8aa63e52fc558b64f3af5400bf83bdc766,1956.0,M,SP
44ca429598c86483acc3b75a69b25e2f5d05dc47f98b3ec524cb6300d568f367,1999.0,F,SC
5308c3885076b71adaf599b1018c96be2ba10b5b75df0c9bc196af55fa90062e,1962.0,M,RJ
7ce7fccdd0a96bedd0fb1c4f6e3ca7ac64bf204ea697a4e6f35b2212ca6630ab,1970.0,F,SP
8915da6d76c214547aa02aa9037761b0dd116fd166226e46c9d2399b9bc6609b,1985.0,F,AL
631c9a42b0970037c933c84b058a6cf131bd25c26165c15f2333df50aaab44f9,1987.0,M,MG
244fdab65bd8a92748e130f5e7f450e7c2017f5692cbf15d44eb62364ae5caba,1982.0,F,SC
6aad9db9ca7cb9144438ae80279605f8f8f5426193d7b50aa0bc5671998bb033,1956.0,M,RS
475bbe2e5019d7379a5b3ddac5037b0ccd06c4b04b2f75f0d735ded42ea4e6a1,1983.0,F,ES
e2aed4a960e1d472285caa135176b5238280c902423305e6309140ef4c5ad68c,1987.0,M,SP
79c5e57a2731fab9ec3b35b271463904e5886bffc98f195c60cdb73a6e933031,1984.0,F,SP
5e2e1c569f728e2de5f676bf598b55546d1fa34ea50c2e6db7f0781c74d77608,1983.0,F,MG
894853e0f0dae4d732023c5bbffbd40f36b03da5fef1d95370a869b4c0d749a9,1972.0,F,SP
b0a275c76b9a85013cf76c75ad5be77d61b135d65cf1fe808a4cec970fa17132,1991.0,F,SP
7fe75fb47d52d1ab3ef1c83370fc4835e4c0989d49008031e5052d50cf457d18,1979.0,M,MG
72323f2c262c4ab53ba30262cfd4c1143b21f1d673749901ea182ef194154780,1984.0,M,MG
121916aed82ff9f34ef2bfe2df33a4a00ed882eb052537ebe9d30f24160f1a06,1992.0,F,SC
a7432996ca7f5833b441bc161a3cfb308cb362324cc9f95c15b7fe73839d74a3,1971.0,M,ES
3f5e573a6bd045b19e91f8e5ed2aa19411475b91d7e464084c49bcd5f8a4c389,1971.0,F,SP
920f16bf172e1fce490b0f969787f03f7a7f9da051223292b867c463f2c69b73,1978.0,F,RS
e8e6b592021c416cdbcb37f61d5d4e85610bca0bf23526b5096b43a64e110e50,1979.0,M,RJ
824bfb31772f95edb1fcc7b7f035b306ab2b927c07a78de23a2a59e127f4e614,1975.0,F,SP
0e0040e66e4c2401dc82ee47f9984f6065e2fcee26728be7c2d73c34e936ee65,1982.0,F,SP
9bb377027dc154592c4dc8f7e1d19da586302fad3a53d59dbf0e9c12264182f6,1977.0,F,MG
f568776c6c5092a512cc546557d447d0dffa8e29ac9aa29b699bc2e5f0643509,1981.0,M,SP
696c42d57208477788434b7cd32072be5a2411e8575125d247bd3aca5a2050e7,1992.0,F,ES
fa55d9c67ee67377edcdfbfa6c34e20090defa84cf782a7b3c0ed57465a48a07,1976.0,M,MT
dbffbdb600e633d76770dba7cec3ad72fc57dce2e10cf78a55c5462b72789757,1976.0,M,SP
65cb0881e9013098f710c7d808c42e06fc580f6751ed50defdcb5fe199762694,1997.0,F,SP
59304675aca88334eb1351c5c2937f553300899268af3ddae4b50177bd253422,1987.0,M,SP
5790bd1ca235ac77be5018d70c3865ff40ea6a7856c741cde96b975ee33eb1b4,1990.0,M,SP
f4619a049248e148a98239f6794cae71ab86518f2548b8b43828cf9a7d63953e,1992.0,F,GO
03a2b86668058fd8ed3b14cfc7c404f29babf0cb81ba4302bd87d9fcb1e821ee,1971.0,F,SP
d861ae217510939f7e6dfab1b2009944ef1b89dc5fa1598ea2c53d2e99f832d8,1977.0,F,RJ
12464d5011834e212becc873da38feac59c0caa617c2844fcf711ea579d3b109,1993.0,M,BA
6173e334e6489a6e95c8844d9a9f74d34ee1173fcb21ce4e08cf35df4043ad90,1949.0,F,SP
ca0dd0ac7ac60fe40c0ab1b2b7e1193a991acf0e35f789d218ffee35e4067c14,1972.0,M,MG
54244c14866a500c65785ac04acec7adc1fcada4a8d818690d67b9741592ddcf,1966.0,F,RJ
335454c8c7aad8739be74f5ef7169d842c28765de38aa254f1c5c3fa4476ef48,1988.0,F,SP
07dfca06c9a2464ec683dbe25dcce7b0dcd01d0941a75b967a9adfc2c51a0d37,1978.0,F,SP
b0c8b87dab6a6565659afca520290ffb6bc38e787a8c6571736ef1f33be13f1c,1993.0,F,MG
42a698481330def3b033c3f39ba4fcbd0388c23028618acfad884722aff4bdb3,1988.0,F,SP
9b94d19dcee3facb5f72957bc60181d016c1e432bc8d6237ea618d617d4a26f9,1950.0,M,MG
741b7310a02be6d30a9a422dc9f815a038e727f2b445c65a16855e8976bb8a35,1987.0,F,SP
117efb68a50affa94572ec6526702251d3eb443d71ecae580c6ed6ca2a35e994,1974.0,F,RJ
814d069578ffbcddeddc1e427df940b73865b3a8edcf07e691f5133dee49eea6,1983.0,M,SP
810de873732d81a5063d6b23b2ef8d670bc3c16c4a9ac95b4a26f8080f0d4ed7,1967.0,M,SC
12a81c21852d359274ad30e575fd42287b58df1a8f90c5d8b8c84f6c5f09c0ca,,NOT INFORMED,NOT INFORMED
b3be6f13c59c5b303d91100b638cf4c3501234d9b1692d0ea70d86e170c0859b,1984.0,M,CE
86d5eb0ca7f3bebb24ede4c0803543d2aa750832448029203ffd5ef9dc24a24d,1983.0,F,MG
f74416d7a9e4dbc0e834779ea8a4aab647cebb860113ac0e646b4331b7618eab,1963.0,F,DF
1149bc0495c791ea26488ce8a2ad1f40404176b6411767aaeca48bc54343809b,,M,PR
957c0ecbf97477a29cb37998457644460aadbf0cbba762126c4ccb19eab63976,1972.0,M,SP
57a90c6560b67963136c968468e886845d9c4307b126ca0104be9d2e973d706b,1989.0,F,MT
f649ae4355e6c903d6334a2e974fc3ec101edc999e30f6f006ab8548aad0cdf6,1986.0,F,SP
100843cea049286570506d1af381c281eb7b89265940bb281a2925a2fb0ba68e,1955.0,F,MG
3172897c4ee86ef7a86d508466a4e85926ee0576a4d8e1bfc03eecd76035ed32,,NOT INFORMED,NOT INFORMED
f5be33d6a9f0c3e07c74aaf880d7808e466b860a996294cafaa2b451b2a3e822,1987.0,F,ES
68bed88aadf6ce51fba923c9fb4a6d1a1976b90a29322a692adff5bbbf82ab89,1976.0,M,RS
58c9703007c8c47d1894563d6de6c5eef79d9aba454a31fc0aa2dd9639a6c183,1985.0,F,BA
196a920e775b14928021e5824eb97928f942e15364005f4b12a8da909b372b29,1997.0,F,SP
e4ecdd1f70df3153bd56613c76d01ea5f1eff3307a33c9e8f0feb04be66da9de,1973.0,F,RJ
547cc2f7a336c570b566d889b9e2433b57cf71fb6faef8d4ebbfb2cf67828ef4,1979.0,F,PE
b45615cc0b1e48c36b28ab828c5340057d6926d7d49910e428db577c23f8c064,1969.0,F,SC
ba54ada40ac4f0c57c4a745dba87c26a81e5ddc29df0bee15696558157a886b0,1989.0,F,AL
0854a311cf2a46910450baccc7d59d8186684b2cf863dc2099d2f576405db9ca,1963.0,F,SP
b0fd34b2f4a4de133fb7bdbfcfbed1f429c062df327be43c3fffdba1b259e9a0,,NOT INFORMED,NOT INFORMED
c741d5876882c14ea52cca9a96ee3d6ec331ff342dcdfe5c47c9162d9c5fb65a,1987.0,F,PA
3db32bd462c0b3ec3b483021a4e8decf43e03f783d950b0706b293f705e8bebd,1994.0,F,BA
78ee3580f41ec5530f216b5887487709bfba3671d2028d0efeb165cdf26db015,1956.0,M,MT
eb0d79b39fcf4e67ccb471987f9e1bb6738dff72ae2e642f43fd3ba63ba79ac4,1979.0,M,SP
2fc62772b6410e3a57c1cb59ad0f9f4922b3d1b0dc58b52c13f26177c6c9746d,,NOT INFORMED,NOT INFORMED
5f2d703c4bba8d575e31d8e9330613cb178f79d74fa62de6f519218c5f9a4cba,1985.0,F,SP
92739c209bb95de50bc7d94c5de66034264caf489abbb9ec2ed7dddbc48b399e,1970.0,F,SP
b2692b0b3a0181526f6b304e3f20e6a2cb8ee747e88f6e81274afbe316a66db3,1991.0,F,SE
98012c09eafb8bb58b94aee130d4b321d874d5865e6cf7ee87c97ea6a2afcdeb,1963.0,M,SP
a47c2e8067fd4bc8086623864a5b83ebc1a2f8f6f2cb59b801d92ed5321f7c86,1989.0,F,SP
ba4c195aad4dc1155558b9f8bd8142b21a4fc584b839328f80e84bfa6a0d074d,1952.0,F,MG
213ba5460cc98e5fe8852f98934909c223ca86b59fee6db0e23edb96a9b94cab,1989.0,M,CE
c0ca069d3471c3620f75ceed38038c14ecd469e2d09cf584149a34467bef46e2,1964.0,M,SP
b8f6b0ce903366ad0128d60d4b4027317e308e7751ef1369d17c345ddcfa6e43,1977.0,F,SP
0eef8b8f90bfa5d929e6b4f254e6b61423b40a3184e71d955de7841da6e1415e,1993.0,M,MG
2c225b588d823b02a1178148ed0bcca714ce3bf700424829bc5f147482733429,1961.0,F,SC
4c07fce8e1cd2b6c4410464962ddb0e61338575f1fb59b879658df71066cb911,1982.0,F,SP
a326d2a12c59538bc2f1fdfbd394fc48095d56cd34a7d28c973d3c523edc52be,1970.0,M,MG
5f6497932fe1ba6c8db4a521f2ed0ce0061546d819c88e33285484c38467fb9a,1988.0,F,SP
0ace03c2a62ab6b23244407a8a35b38057a6bbf8460ea23e57661fef69c1d00b,1973.0,F,SP
18d2fb98492b53612ccb600850b99107a8854c6b2d4f65408ac20034cede6033,1985.0,F,MG
9e3c443483a651c2693fc870503b6217ef5d5863ee5a07618cad4b43326be212,1993.0,M,SP
438de40916ecc1ed5f5ab1800b50a9d04049f121917c6eb919faa6172fc8abef,1982.0,F,SP
7f0660786778c85079546d6a7b7d249e88c2ac8bab08493b950173b994d4bc3d,1986.0,F,SP
df04054a4637535ffa18c42c7e559e96509edca85a60f91676c33b4749c1b253,1961.0,F,ES
10922aaed100462a82fa5027bcebe009f35d2701ac05329aff9fa9c67190a372,1990.0,F,SP
32d075a96a7ccc01f4c742225cbdd60dc9d0266507df9db816aabba38d2717ce,1990.0,F,TO
86fca8b0afe18460176a46e3aec79f8dbf434945f91c88197c266140cae206c5,1968.0,F,MG
96aa68b2ef36c664d3a1a8375c6b250c4a6defbd4f9e213653d592a8a5c5a5ac,1965.0,M,RJ
638bd2ff685b167488dd78bee37cab217fb66282bff6120bf13245b40e9f694b,1980.0,M,SP
13ff559c55ea41360713902d9ed6a468d71add0439793f4376ae66b3724bfd25,1979.0,M,SP
9d417c9bd063b1c610c6125c267dfb8755045b5ef5c52df63216c7d9f017ee90,1964.0,F,RJ
617991808f5c4a4c094e7cac5e372271f1774acab02e14fb3ceb7d461607be92,1972.0,F,DF
87d4c0756b375824b7bc69cdbe0e86b41136e0238fe44d2e19dd8fc46efb8d54,1967.0,F,SP
f18d385cc83fbd74108db6577c62cf78ea8d34fd9dc2465de166ce7b08fecde7,1990.0,F,MG
17fa575f399186fbf6944ff5cb95ca20919e05b4e86b23363653838740938a94,1949.0,F,SP
eb3ab8d919d08b01e80cf63e1b44028527672b0dcec6d1d609443c4ffe20dbd1,1981.0,M,SP
ed61aa23cea07a619eb91c0919d096f1abe829a726713185861ee27263368240,1974.0,M,PA
c1be788d88a5c546b76ea763ab26e54fcc5012759b0728b9ef3e592596327332,1968.0,M,SP
39b2e7ca55241c7d6688930fbed4491e0069a1b6c65e0f75c8f84eff64ad9f63,1979.0,F,DF
f22b0787927e45dd75c66b1165245c4070c1cb36525e83c5cf77b40ebfd2cd4d,1980.0,M,SP
de31164e4861e2447b39a3fdc4746428dcd73dae48d749e4a55241228aea9a2b,1971.0,M,SP
38c5cf7ff3417d81d7f016dc7dc15ff65b21550183160d575566328e7617e906,1949.0,F,DF
4fe137e62e66c49a887b8215e154b5286b98d3a2ee18e11b8e9939ca92c051ad,1989.0,F,PR
db493ecc94873ab41aa2169b15de8e82a8a775bfda706b3782d0fb46d8647483,1975.0,F,SP
45cb9c62c9f2daaae96ff9204d27ff883b8cf2de3f617fb8a6208f2e3f4f75d3,1991.0,F,SC
42a006ee1e5dab442fe2f64859ba63445ef46f68bdc718f69fbae58b643e9273,1975.0,F,SP
6af55b81dbbb45bb3b799146c18ec555e446d3522ad00ad22ec6798996af1cf5,1982.0,F,SP
f52bf8cda6e0aa418ec8834f6e537217a03aaec5139813b86bae41fc30a27b14,1960.0,F,RJ
36168ec6256fcdbde7e2ad2221b29b58fb6046d8224fcf2e15ea54be2b19b7a2,1961.0,F,ES
4d9fbe956c7a8511fc635d0d926038394c89ed6227e2e8c0ab63100cb24cd0ac,1983.0,F,MS
5cf9743fd7816dd9e25d7ef8aa26880b8d5cada77f4438b9cd37d9e122120832,1989.0,M,GO
9b287aeea7f0850465a2fd9e9cad5f4024a6ec6853190203f2537074306b4320,1998.0,F,ES
35efaf0d8566abb2120f1e9ed6fc171c1eadc19c3a200507828ff31c2c3d5787,1986.0,F,MG
1a8023b3ddd00bf8cb1ec37cdc92c6b403622ccf54d1e51661189eddeb41e907,1975.0,F,SP
2cce4bc445e13ea8424f93b8004ebe0eaea7f688ca44f3f96ecc0cc2143c53c8,1986.0,F,SP
d5f2c387cac409ded3070db482b13c51f0983c885ff2f29918077e6bccc642e4,1997.0,F,PB
e1d1395d11458b6410c7a88582da02c6fe8371a82b7a924e320644477480fa2b,1965.0,M,SP
e5c5329d5282c5a49cdb347d12020e0f715a15e191a31ff9f6681b109fd12e0b,1997.0,F,GO
3cb8cd012c9b70208db471bf4f41ed0af348fb246158ef147d70ac29785cda16,1985.0,M,SP
f608376c567b8fec06342f6d07de9d16bfdb52e8f4694e7becad74a62e879467,1981.0,M,SP
725ad62a646654f3301afaf7a42d9b3f2f73efe6023c38d53e7aeb3020b942cf,1993.0,F,MS
cb7e985921cfca62ddf27071120ed52a5983bb0f94d72440859a9dee53f01d23,1957.0,M,SC
c98a1454b5684168636d0b602c71a149fecb91a4f77e8b2a7625fde5918bd05f,1983.0,F,SP
3080c001412c34c404782d332e1a72c70295c1f606bd89f3341962d96dcccd1d,1953.0,M,MG
226fb4b56a2fb578c7d5523d787b7b273b1041d0ef8c56f6478b9e1b5f2e429a,1987.0,M,MS
57da0d3e8f2fa279136fe0f6a0aed129f1c95003acde974d3d7f86e5047b80d9,1979.0,NOT INFORMED,SP
8756443efef6287e74e5616dcb13ee2e6fcf9bec6d4ad710c6c580053f4ae3b9,1965.0,F,MG
704fe9a67909f7260e6b1e48606bfaf6d6e7389033d3401f7bb7a9f718715f5f,1990.0,F,SP
b4df6ee86f6091cf06b92cb0669c4a3cb11e207f720d6eaec21750be8f2ce31f,1993.0,F,SP
70090416fd272f1230acdf7abec09ab7e10f974148c0f1ee0d514b050ddb8325,1980.0,M,PR
929f5319f84d83fe9d6d1572e6edd467b37c9cab671a6f0c8b917054b2033d63,1973.0,F,SP
4963a78d9524e03e4ecf9478a57594e8897b4679075010018cfaa3b2d2868c58,1984.0,F,SP
f0b23e3f0c1ebe4b1f40039f9220701454318992eff55c26bd8207d85ac0954b,1968.0,F,SC
79ab6666f3cc401b9c24b7467d95ed778a104cd609e6d669dc4443d8d685be91,1991.0,M,PA
ccc96bd543b4332aba2380f067a9b4db8bd52fc235bf02dcf549513682305ea8,1994.0,F,SP
60834b6f3875ee07b9742078b52678b657a5f90891a36aee3130694ef15b16d9,1990.0,F,SP
9a21001caba2724a87f948e982af2af9b130d6f08e06866c8d75b8beef3d750e,1993.0,F,BA
f66f3a535a71b6d0c066f0122eb6c01f21d9dcea548e6ac849b116ec0d475441,1981.0,F,SP
923935c0542e7c35a076512b75b3de33dbb12e52d42ba40d43d2ce7c6d7f1e30,1982.0,M,SP
f33ee5fe764145728a75f948393d29aac48d50ec8c0b09863394107fe4faaf9f,1974.0,F,SP
b2bc964f1d315d499a42e325490777c6a5e57f9dd6bf81a66dc8752da3afd599,1995.0,F,PR
760b857d4a1f65f6c29dd517cb863260cc9c57101e00005d1cefefd2f2aca57d,1963.0,F,SP
6592b675645ad86abcc6f0e6fa262d347a073f2641b3ff6601d0d6bce80b6722,1982.0,F,SP
a97c03a85aa01f550b45ccdbcbcacf76d599cd8d2acc2721bd0bc89fddca6b69,1983.0,F,SP
49d390601392c5c0462cf7bfa78205e057db79fc7f207229e4d0c5beaa020b6b,1957.0,F,BA
c4d409650ec3ab83081babf748dc9dc7f42fc94aa0b6580dff8889f32a18ff20,1986.0,F,MG
b93cd3bdda6b94c136fd20f11d15a90879d3114edb3ecb1d70bb64d50abb3bd6,1990.0,M,SP
53d17179775fedee62497dca9ba0e892a274eef74aea483f06d51355c0305878,1952.0,M,SP
94f110215a904efd64840f99a881f1646d60238577934fb4ba951878f8435543,1976.0,F,SP
1d87b859a65a7cf638963b7ee05496dd02ff225587f4f9e1f35cd288f5516da9,1979.0,F,SP
567bd0920ba4ebf685b528cde2f6fd16d1e496f26b76d8ff470f99e4c22e283a,1965.0,M,BA
dc51a8a8dc5fd821a70dc3ccd1bed3e000f31093f738decfbd2ccf973eb53273,1992.0,F,MG
e81da8befa500ab616120e1e5073a7a51c1ebfc4ec274788a6e120df7d24f0ff,1981.0,F,ES
117e3398aa996398c7e1bf8356f6d9c8bb3262f07a5122bb9d17233b5b5ed1c3,1991.0,M,PE
b0eedd131fe7df9bdc0e2e58f65ba339232c3c225215bcd9c414166379c04165,1982.0,M,SP
e130e0309b29c20b0925adcbbbb92bf046849c9b2c646c78db6f9b0cd1775b41,1985.0,F,DF
a1fb61adbcc8fb3cebef0013be75d2daafdb0a645a881a1ff48ebc0e78781729,1982.0,M,SP
7ee323b801331d447c659d83fcb2811912fa46dbe253b464188de6c47fdfd131,1979.0,M,MG
49fefd9dc40d2659aa708e04521a8362ab504bca082ef3b78375f5f2abce2e6d,1988.0,F,MG
b6d4eb62bf6f6d951e2681fd503e6229591aea34aa77d41a3846a2e9400b9f3b,1980.0,M,SP
9fda7b1a4404357fb975bb68ac9ab56f704190079fe1d65643d701b2508d382a,1980.0,F,PR
0d89ca15d43bc93418130742edbfdffc6ceaa5a089caecd642d02df6b84eaeb9,1985.0,F,ES
8840e26702cec2cfa50765fd0e79fd633dce4c297da0531ca2736e1f4aad72c5,1946.0,F,PA
91bde78e8b912fdbc2c5e29dc94069113d25e38fd2d1e1a26487c9f96984533e,1982.0,F,SC
5691d044ddfe4a532a315c7d3e20082fddaca2517e6af3f6625b8fa30bb8de46,1998.0,F,MT
1ee5d2e7188cf4b4d6db0a5b361b4f4d647eee50b54ea4aefb38a98a69bd258d,1988.0,F,SP
94320f98bc55869c8807a19d4ff7de0c167d891b6816ad1561ed3f4da3b20113,1990.0,M,SP
14e2881a634f53accc63fad02ab472a42e90d1970fbe79a37aea9b5d1942c35c,1952.0,F,RJ
5ec0755193205c3a1392810d63bf13f617b8a08ede81a0dda25101d9a831233b,1978.0,F,SP
f9719e153d711bcc4944347f6804c37d93788534efa474187676f2a63c31f2bc,1976.0,F,SP
b306a0574bb0fefab4e8df155bd5f9eab33158991857bb54fe81dffb35d31c58,1983.0,F,BA
05274d227a5453f29d1d33073d7d98aac53ffa4d494a9b9667bc6bc300f6c450,1989.0,M,PR
fccb594bda8e719dcb9beb709c3e15fe1fb782e9e6629b991ab57a452a40d56b,1984.0,F,MG
a0599b39dddd7cf5bd3c975ab4b522b9159289eee6f6a8e8623435bb96ff6f7b,1982.0,M,SP
d6bb0bdc1e07a0eb4f300716d3710cdeada7ad53de7e85bc0a147ba39f1e2c3b,1984.0,M,SP
0ee2084cfd1897bdb5a34604110fcbfab6ef53065af380093b859ed01e520f1e,1999.0,F,SP
110d800ee52cd391a51d34127522bd647062ff4b91dca2576ffeb0c0fec16a9a,1997.0,F,SC
b77b5568e9e2eb40be0d6923b4dbc7081de5575a8c4a4baa7bcf00ef39b21769,1964.0,F,SP
f6555b7df3e3a156df9ebb68853a6fa897b112f7f5702d4cc7d8109af5c3a09d,1985.0,F,MG
b475494af96f42f0091cba5fd689babda68be8ccf0172caf73158949cbd0cd70,1977.0,F,PB
b33c56ca4928a844252e333a62c800c3c21a58a098379db5c767dc12d83af1b2,1963.0,M,SP
209674c695ef1cf0c65c15bd6a4884bd5ffced5326e65fe565d77e9a1baab72d,1994.0,F,SP
fd99b680e4f0b8b1c80893b28cb9ff4b7e6357935c8b14d0e8b4dac37fd4a153,1970.0,M,DF
8b4d4d1db7e0509801689daf4f4d99b3d05d6ceb237359d0eba478c49d13a330,1993.0,F,SP
9da42351b51f56d618b354685554ea6f45cabb9f5a43e95c10aff1b1783c4a2b,1990.0,F,SC
ab9d727e20be5fbf6df35c3652c541fd73492ddda402406a76564ed6c552cb9f,1964.0,F,RJ
3cdbd30f7c51f20e0f730414bebc8b69280f015fb4b2d368288fc079abe9587e,1972.0,F,SP
bcac6d5892f46da8131cc310ec5763d5be69e18393ab1cc770338007fe2e535a,1985.0,M,SP
6d2b92a16d68d85a07b0fa7256c032469b02c25165020535e659dd7d6f286ef4,1966.0,M,RJ
68f4d663228e8059acadbd0364547be41d89b3d07938ef5eef0a5758af5efe65,1988.0,M,RJ
ed1d3a22ed1aa856f77a66f0fa0e280cff53e3221d664dab81203092773f1e0d,1959.0,F,SP
addc86106b7fd78733d9b87361f2e81e2a39fadf2a0809d7e987e17053e6ff0d,1953.0,F,SP
85b9c034a253d039e3768d7e6bdde9738fc6f82d48632ba5d134a5cdad567938,1973.0,M,SP
4930cb93eb5388a56caf08421b200348931af8e52272d820485546d90043e407,1962.0,F,MG
ff9749a91fba207adf96170e7ce83e47f7f7ad0ca6082c09d1e1e0e751d02054,1982.0,F,MG
082cfe942117e393f230e4b60cb0304a93b46151403555aba148da32ff8157eb,1987.0,F,SP
d216070a9ac74835092f55cb0b30d11c6c35ff5fc9b3369626f8efc8a25a0ca9,1989.0,F,SP
5e548c97dbed43841ee953989c0bf1b35adbe1faaf1a7188e4df9fdb49cb0810,1969.0,F,BA
7c955c6a9237c081059274a1b0092957e9f45b440971ae0ce87f84717fdb416e,1962.0,F,RJ
7aee0bcae01972f4029321700a44705bbc3083b890385f0a98cf66ac8d2b9a31,1982.0,M,PR
776863c571bf1cbed894252539729b361571fa0d0213486fe3186d22c9af8915,1977.0,M,MG
2f5c6ae1cba3cd9b444e9d05486ff8a4db871d1a778335aa6edd2e728c35ccc8,1992.0,F,SP
db4974bf10220fc982f2ee3eeb778c4ffaea3786dec8f3934d901fec1a642053,1987.0,F,SP
c1c691a6bdd3efa9049de3c3086e80dcda1d950ef4cf3ee2e923b1a21f1fc794,1975.0,F,SP
fa36e7196f98c8c33987b6cdecb89f0598976b2485296c34317e06b4dc300651,2000.0,M,PB
54e08e444958ef8fc8f52fd43a6d4eda7495b6b1618905d089d99c0ad51c417c,1990.0,F,MG
582791c21357e4a577a73a20361242bb5a6e9bb192c7ae7308ca3272f1a17e93,1994.0,F,SP
2cb0723abeb7dd6d77b8481182ceadc2bf6d0c6022991bcb6c1c70dd640ae8ce,1959.0,M,SP
f1e044874d79d4fc10a3ff64112c2aeca6eba8cfb8ab48fd0f5b7a77e1fcec06,1999.0,M,PR
9d9cc4d0469e893d7e64c23fff1589d2793ec135b401d13f70a9a204dba1a551,1980.0,M,SP
e3f4aeb84faf7b839f58658636fb42d70c697e649eb26e4bf30e6e3fa97a4873,1961.0,M,RJ
66b9b0d907f8a4dfc56931bb7b402c1368e469e9f38ed33f174ff1e8d72f9605,85.0,F,BA
06c0bc521dc735bfc248268e9ab8e0542c7198db21b7cba9f7562308a661375e,1996.0,F,MG
2bda33c2190a05c7dbca28e3c278871f4eab8646179f4ec98cebe997c4d6804a,1994.0,F,PE
327741987c61c9925b977fae2d0b9d3734477bc9465e522e065fd11c4c78d6ed,1976.0,F,SP
db85e41ae9e2f2a45733812a2b0f102fd6b3aaa28760b054e85dd2f4c37f3e38,1982.0,M,DF
33b938e2824b6251da78de88fb1772cdd5b9dc3de9ccac24d28eea5f92797c79,1959.0,M,RJ
b050be5a6f89f519429a87287cdd675e6d7a3c70e62fd37d9ec562d7e1eb37ee,1988.0,F,MG
e540bc22e0560bbc32fcd95318053e69f69505221d913a37ebb045a12c87df1b,1992.0,F,CE
287afd2378b5e3ff6bf05a8880fdebaa4bd2d4c742e54e912ab071d45c118d2e,1957.0,M,RS
b3890d3c5982947036c827eb3c5c5a332722625987bbae17031be10c29012856,1958.0,F,SP
10baa7dee9dd3e3494e7bd8483218f1b6b97ce69f74592f705f1de1f0903bed5,1975.0,F,BA
e83580fe95118e772a1d66ba8c88966fcd6d93ab21d1fb81aa78cb1b854d6810,1989.0,F,RS
14ca8be0a87937a9e55a3e4a8a722570d4bb26bdf973f53e5772f981601f87c9,1986.0,F,MG
87134c8a66c7a19847121cb518c4ce37e73840798328776517dcf47d1e24a8ad,1949.0,M,RJ
489b29b6b83e63dcd0a7a30652af0650fa8ee5bf6def5462a7cfdd324319f60f,1984.0,M,RJ
18e7bf8658173f254ffdabbd3dcf53706e3dd8b761ae9823d67713b2514bc659,1972.0,F,PR
f752b916530be98962c1eb96ac98e1021618ad96e2b751b1ede3582adda766b3,1971.0,F,SP
6287caf5a9ac7fe7637e44a0ad3fbd90e176f9f47b9e0296da326872b4028521,1979.0,M,SP
f3945a8d97794dcaf84514ce18a8c4e3fe7b0b248bc907378dc8d26cb8315068,1977.0,M,PR
946d7b94a041eff4b5b6b32da765fc55e749651db2177a5b6b7dc0a3dde2a2b6,1986.0,F,SP
9e30cdd1e4d2ecc0e3810d84afac85a6fe3868335fdb52885478a9271372af88,1954.0,M,SP
e1bf46aa0b45656b0a2d7cff7b1b4b6d6d9c45f3bf6c150ac5598bc47bcfb543,,NOT INFORMED,NOT INFORMED
f8c73d3655814b313be4910eb23e9af027d2cf143e63c0c30023e1c2b772fdce,1959.0,F,DF
d0afd09ab855e98cf769826081f6fca54d63143aa98320c5184269b4be9fa557,,NOT INFORMED,NOT INFORMED
565733158f0d9bf30ae16890cfa27b3cfdc400974ca49bb2ed8abef670dce2bc,1982.0,F,DF
139c1497635f91b03e2b1709d897ccb909c0e869af4f2792c29ae3930aecc1eb,1992.0,F,SE
cf20367d20f94bd4850472525391665debb0563e24a8883c72186683fff9f210,1990.0,F,AM
72c2a4eb081dbc458e4e5b8472aebcd6b09f752d6b2cbbd8e2612402a6c90ace,1988.0,F,SP
f3692deef4b4f34228e877cd5f374dbbb05e8167910c125de34d9d44c48cc35c,1978.0,M,SP
73115aea4a87d9b7b73ebffcefbfbafeb4e5b11f292b288671768ac234663c77,1972.0,M,BA
c447dd87a6c71ca6a944ae9dbf9ef78d6e0acfee582f7696aebfd20bd3bd5071,1984.0,M,SP
e954e08fcd31c66462b9817e417fa8d621ddc46b39951994dd3b1122c3fa079a,1986.0,F,MG
45962dcbb4d31d18a8a70a05ec795ffdb5191ffb4bc63d541f83c4d81e362bd8,1988.0,M,MG
05669576ac941cdade08d6e1b56ff6c9dece9046f3d5c0836f3861e9a45816e5,1981.0,M,SP
07ce87ba5e33b13015d8eb082ecb134fa84215608e191f3785f835aafb35c3fe,1989.0,F,SP
9828175365153e7242ecd2574a34b27df5f29f4a37acf80464afa95882466f00,1994.0,M,MG
e2bb83f148aa8040e6a2d650a794f93343fc5211768e26553d4a5e2009d0c323,1993.0,M,SP
1df101fa1339b0d5f97ea0a84084d1e4a11afc679b1009c9797199229cd7ed3e,,F,RJ
9cda3b5b7714d89327e0d9559990a0500f73ff6a6bebdea8f8cb83a9358d22f4,1987.0,F,SP
cef28f0a96e1df12d36ee6bc537a7b4cefe3de2a519279cecf2e98e756f340b3,1992.0,M,SP
c0e9a61309e77b533d9e4bb3e48b01736b3f6544ed467a20c108b25e1a3308fd,1957.0,M,SP
b93dc7a8ac9a02cdeebfdad8141694a7c6a41183bbf868245af331263a9647b5,1969.0,F,SP
6081e74a1a3ca09df6c783ab6b46b048d8549f892d113d53e75484a295b81b04,1981.0,F,SC
54aaa4143c8da8a5c74b6a6ca7146c86950f83f33a9beb3005f5e864e5a398c2,1961.0,F,SP
bc95dd20220616dad5c740a619fe37f1aa626c35780c91d28f2534299e319a7e,1985.0,F,RJ
ce955930dff0ba92b6a7a1973c1f67babcdcefbb7a4722c58e25ac258f8d7020,1992.0,F,SP
66541ad121f86441da3c69303255ee4876429181f323a2d36b9916b14daa9281,1997.0,M,BA
43617c14fab85642dfeb87cefcd5297e808ee74da3b4e471554552599f8c3282,1969.0,M,ES
93a37728645ffa17d87d3d2fca34168af745016380b1159a12426191eedb4b97,1946.0,M,MG
981abbb666b0f34b9a940cba4c2098b502539e16a887176a55130583a465bd8c,1970.0,F,SP
6dd24ddec81d2f1e533f9015cc93091ad101392a5378df81f1973c7532fd486e,1946.0,F,SP
340a2cdb8060923d83a13316964244f5e986a54785e6789ca43b10d90fd5c740,1984.0,F,RJ
fc1cedf177a099e5eb0b244817a1a6f7626640a20df2bfd1d1c6c2b8c38251da,1964.0,F,MG
c7ec66d86033e9a31dcfc068c1d27db5ee51622ebf4b561e9183f1afbdce4d1d,1984.0,F,MG
4d13ddaae58f6d72034380c635712d4c169784d404236549da1242a2aeca14a4,1975.0,F,RS
d8cbbd175f0b690c2a319e75ab1d970f715bfb17b1cfe45bbf385588ac0a3848,1976.0,F,ES
c184859680fe090c5f632fdd3e25358681af99a7b2ad77d9481ef6f3bd101db1,,F,RJ
6e039742f6297bd7c48243a75f77a1e18c8b7b38e760b99aae5e2b9ea047118a,1949.0,M,SP
a8570a18023575a3afbee00057ff3c8d8478c78966a495c1e746534979a18174,1998.0,F,SP
de57f38142d15a2e623433fc932952a37f1dba84d3d621fe46652e850875625c,1979.0,F,SP
12913f8802978fd3f19f1381ab63dc6afbfd62d347203560c72f63691c8be6e8,1985.0,M,RJ
fe9ec686364dfaee2d9e7dba88d422e0d354c5932d74e7f2776d69a8edcb8281,1967.0,F,RJ
93c076614901345ec3ee1984a1247a3f79ffe46b7ba1f42b35cdada72d51fd45,1960.0,M,SP
18f13884aca23135853f798b0d41bc43fc1a0277ddda898acec69f9aeeabd0c5,1983.0,F,PR
de0623b7b29f0a149b669f7f55de3e385008908e6572e7c2d74c59365f903ff1,1974.0,M,SP
c93873ed00755bfa65a767dfeeb679ae90d83b3cc322372c605c3d6f236adc79,1968.0,F,SP
a5b610dcf0b867b1879ab625560b755821e3150b9abc1297b08b4ebb66c31d6c,1991.0,F,RS
218636374d0f8a5681b2969a39ff6495a2b0bb07b451a3663a2ca09a847c5c46,1994.0,F,SP
53bde7caa6393eacbd6d20ccd7bde72c56d7e343f10d951e6898e6bd3550c540,1986.0,F,SP
1fcc2937a336c608d88a7c98b82d3488f00c1d3a3e77af35fbfbf364289c5dd4,1986.0,F,ES
ff483d26a9fce3d1db59d2569ed3bd979db851cad4230792d321cbbb34297b31,1990.0,F,GO
2c2eba684da758aaf9ead3d8d276198885b7b5e7d99fc2b97d8438fb94471022,1988.0,F,MT
a9a7589d24bce91a214318494a3d5b3b2b352725673e4f3c2f7da3bbadb3c707,1992.0,M,SP
28e1bc4026c6c808591b1a20e6df702055c79a026e1db7a319b09bef8dfc38e6,1992.0,F,GO
fbc7174dab851f82793935c9471fa26ec24f413c791432be9d65933f60918291,1974.0,F,SP
dc05b74450aa5b5389bb0eab706365684297a79ed24c2a42419c9a8267491229,1997.0,F,MT
7ba64f6e1b09858d04cf576886e2dd2fa986b2bf77f176c9595bb0d305275da4,1984.0,F,SP
a548fb102588aa3d2eb8a92a294d340f7fe98b2e3a6a6ec03df068d381303a88,1995.0,F,ES
1bac5f86823b575b179a3d1492b3a2225df1fe472a2814ca582edd04fa59ac5f,,F,SP
1cbb7dd9ba90b9aad040c0a47f94a65bf20fb08cf34cd0c85bf41c7ed889d101,1987.0,M,SP
5de7a8a917aafcecce42617caeb08e2a5f8add88c67afc87deedc50969d790f1,1969.0,F,MG
79cad6a8f961d818b4134035da46dedc81d6871c7e98d1d19d3d0915f26d33af,1975.0,M,SP
f0998ea3b489cb9c3db8073a9cbf5386992e3e7151ac9b6155e0436f202cc58b,1965.0,M,SP
ce43279247d09edc701ba2eece8d3784bc0ac7a364351a53ce22694bc4494d15,,NOT INFORMED,NOT INFORMED
188c955eed8c8724406aa603b5cafa95f904460c4d84a64bb23441281fd4c5a7,1969.0,M,RS
56e668e9d5d78d01609243c019ed2359e08ff981dee04550f57488f8fa9359a6,1977.0,F,SP
6e7c64cb55cc39824dc83a0852b92cb69a28b6545385cc091425a7e0b51763d3,1992.0,F,SP
1cc62e1f25a0ead8f66a102a1af2daae796dbe5f000dd5f44742bc89dac9627b,1980.0,M,MG
6f16d91024beba244fdaac23831d1ba5cf3381c769fb89827674041c6e773eae,1984.0,M,SP
97daadc963ac6a82602efa183c660d3bf86a0d90fa77469680118bfc03fb7ecb,1973.0,M,PB
3f77f29e1e9219017eddfec1be594d1e6e452da5c1c250059a0dd9561a6fed0a,1954.0,M,MG
dcc893224467431a5087c94261a798830234095f0f215acbd8a5330590533d8d,1989.0,M,MG
872cee64ac1b1a27b05b06db70462fe97884ec78df4b57a9d305e4161a23332f,1973.0,M,RJ
6f84508861bad4bc38d9f0dd20c6125ff275169c15fe7897b193ad6f821a4e18,1947.0,F,SP
5b466ed000be768feef06bb911176559ecdd2d8a50448670d1f708c775963a6b,1984.0,F,SP
7fc7c2d4ea7956780f1ffef7d239f70838a228af6ed5bc99f463101217bba242,1986.0,F,SP
3c2a7c7a6418f480279d0e9ef39f878f8bc79c9d9a06556ec5e96b10a3781584,1990.0,M,SP
51bea8a158fcf9c9e334777d9d0ae69e60fe6ae3c9fab7ebb304961608812224,1978.0,M,DF
beffea9df837168b0b468867040bd1785524d491e2721f1fa444c64300c9eb12,1975.0,M,BA
69568e6b498f4d91d24a67bca58d7ba5ee9b1cddead602ecc79d24039a3c9239,1956.0,F,SP
1d207e3f1df838ed8fec5fdce66cc70cd16201a39d959ca3b6908dd7c3c798e3,1953.0,M,SP
8a0fb1a0d327adc4d86f1021449c0971440a70827324c8253b15aed0b6cc3b27,1993.0,F,RS
888cb40458ddf0f2b6fd021b7fa2311a5e7332c93754abbe30df80ca7aa069b5,1990.0,M,SP
b5b3db9f2bed90482c8c719f9b08f2bd414d431b8f751966ec80867911f8c08b,1957.0,F,RJ
ca8c9a7b8d32c1d9b18c28ea35fb195e9000e6b317755581fd0c4d919067b996,1974.0,M,RS
79174c5f1000ae344e0363a0e40a97d6d9f984d51bd8d6e8df042c866054d610,1985.0,F,MG
58a9e456e61315e2022fe3fdd58e7ad762f778d9ff0f082f6ddf2757bae0b3ea,1990.0,F,SP
a967da6e8d33614845ade4051216c998b853952cc8ebfcef6aeab0555108de9a,1996.0,M,RN
913a4b1b162b946bf1df98e90993ec84540ac140a07343454648448059b7c1ed,1990.0,F,SP
cf8af04192ea5d361331b2b744e1285b1360b784f3197b51e6d2f69577b61457,1959.0,M,MS
da8ae7cc0f8b5fe991f589c8447231b89b68b8b4e4bab1ef8feb1d92d0ec617e,1951.0,M,ES
4caa9ef60fa580a825397036f1bd2610d71aca893dd80f4407d137e07267dd83,1992.0,M,SP
bcf242cb7e32dce8d202688777b0f15a701be8ce9a75bc5309e14de83dfe2f5e,,NOT INFORMED,NOT INFORMED
133a0cfb8cd894ed34415afdee1d1325341bb35f7822e1fce56bcd3883dc8e38,1987.0,M,SP
815237a16db88599fe58d8709d33e28fe32f2ca5bdb44a97d1a9e2bb238f78d0,1999.0,F,RJ
8f373357b99134c4f46fe16da7906a66e8e4d9fe9b30a1d540ec41d581021a86,1982.0,F,SP
bd5a040585144995c25e19bc6b3b73f8256f8bef74b7b7f34e025a7ade268fa3,,NOT INFORMED,NOT INFORMED
0597ba618e6cb1bb0dc724497050177e75ab114df64d1bd4eb13c8cf25e13205,1984.0,F,SP
88ff4096ae1839de7541c7366a0d3837e645f7613950c6550dd1e796e484b9b3,,NOT INFORMED,NOT INFORMED
a3e4ad2c44c5943b2da42c045ad1f67578638cf909e087a09b6868c9f82d4b40,1991.0,M,RS
134378e7cc6503531b7b86dd11271dc255d7891937034cda8fd85dcc76d5c32f,1992.0,F,PR
14c80a8d6b75cd068134079a09aa0cafad06b702693471ac8aaaa2ae686f3274,1981.0,F,RS
ffe70bc398d79a8a1539315fdc34db8ec63d4140e38b2fb46175c92abb13e5b6,1991.0,F,SP
e04892c69c69b42d0c482ac1b39cc7335f826ac60eda7c746a183fec732738b6,,NOT INFORMED,NOT INFORMED
d81395a9e3bd761abea7b24cf109ebc917e3490a3c783ae1e4e0202eec809842,1998.0,M,SP
595a6fc3835cb14eb8be69600ef15e4cdbdb95710bf1c00c1754090f237b2677,1995.0,M,SP
99000263aca6574b2b975d4c513ed00df60aa41b1acdf33ad6cca3d8d9263b9c,1979.0,F,SP
91dc0141571222e0d6627990dddad1b410bbf1c29216e7c73e1bf2d17c80274f,1972.0,F,PE
d86944d1b993ce1764df6ebb051d35667a467bd703eecf69233c6d556d3f96c9,1965.0,F,SP
552cd9594a48ee0a9872eb21f0c2fb699b85730db770a68e0fc36c24378e8f22,1972.0,F,GO
b67445f8bd71886538056cf23f284706606dcc7874d657efc6d9d1e6c6098861,1971.0,F,SP
ec0c5347e3a9a983b51f88a6a7d0a9d48320554eaec34f59d70b79c52ef065dc,1973.0,F,MG
5bbb698419c982f6e0f74613deefc91bf0b7c1bcb75314c4de928ae64e856091,1989.0,M,PR
636f08ef611894c0fc3e085de6ae6be66e6284a4edae8e8b804468b5d1e7f803,1983.0,M,PR
2c1062f960da623259d6fc3d781bcfbb55d2cf7bc187ee0e1fe3b5f1eeaa038d,1987.0,F,MG
225a62b886a659baafafb52b977c7a9cc1170b4eaddd6b48c1a2ff470c7fc69b,1985.0,F,RJ
0d59df327e198772d20009c17aa11a5c0ac24af3e8086832e4087b7b2569daab,1979.0,F,RS
4046f74108b54a019b2262018a7bb61969ac4c532a7ffdeb6aa0b6a9d24226b0,1981.0,F,SP
fe7960f15caaffe7a1adcc32ba94f21b156205d11ec614079a17cf0459ecf0b8,1969.0,F,DF
0ed5fde17d4fb1176a4fd838c89c88fd8ae8c6405504796a3c97d6782b932bf4,1988.0,F,MG
81614277de433279dfe94ac52d7336f013e108e53e64b87f3bff9bce7275c095,1966.0,M,SP
005a44f3b4924d4964089ec7a2cdf169b68ce37885f296ffb1a2d67a75160e08,1977.0,M,SP
25a2d8c2cef15eb13b1ac3de8ae7a078d0dcbd74c2f80fd321741525b68bceb2,1996.0,F,MG
bc749318337450c1c8122d3c0335fed7ac54a35ec3c99f683e815b87ae1dc76b,1985.0,F,BA
d6401023ab0269fba0588a078e2423f1ca12096d1b20ad0b4870757f37f04b67,1965.0,F,RJ
cb0beb727700bc693054db1b0c1b78210a59819a5b61275c75ace3e308521b5e,1959.0,F,RS
6d3f748482c2937a18aa57da70357c1658b5ae747665074de73bb8a28627d8be,1986.0,F,BA
415288b22cd94da36a4e167cdeb6a3069ef024aaa1e76bebebfb13bcc597125d,1995.0,F,SP
6adde201e826e4533abd281fbb34d46b4d3c9eb81ebe7abc28f8d6cc4ae575bd,1978.0,M,MG
c59b7b5d85ccb9d309685423f7d4a06a143850ba08cd80b1c008f6269680f06f,1972.0,F,SP
653901a5f29fcb667b999c8e03d2a43d53b5fd4ad4522af4b39f3124300ff2c5,1992.0,F,SP
f74abb101744f8440ed612536db8f082f727792dd2ebec9c5206054a62eeb52b,1977.0,M,PI
700e402a5378d05107e5fc9288d068e1b474485b5b2e7cbead521872342173f2,1997.0,M,MT
66656e4facdc687c96ea757093251e3bc8f5e91ef8a56e14f609dbb6d43ccb9d,1974.0,M,SP
43ecd1faa08463fbaaeb57037c2535f16e36a93bd624b18deae8b1444ffdcac1,1989.0,M,CE
801161896d914d9d23903e2ba69015fd71eda9bbc68dbf780c13f6da914fc2b0,1965.0,F,SP
3b913fec0edcd7df3a1be46f5287f9d6822ef806b1bc6c62895f43f82282d326,1991.0,F,DF
e9a15c2e252150666a253ca2d2a00f00d446fbf477be6a81fd40100b283c0061,1989.0,M,MT
8befea67dc768b1e1212c03a81688e533af57ce8a3cdcfd74e005ed664f8f268,1977.0,M,ES
3e45d9faa7a72d63ab32eb7c4620a12f414547a91a539c1e6906c19b6b817b8f,1995.0,F,RJ
8e14d50cd1fce1ea458987c6194f70eff6cc751d6d1c680fc8967a8c08b352c5,1967.0,M,SP
b7719cb54bf42666f297a9938b91499578f7f752aed3435a34a05c450b850765,1956.0,F,SP
ac5c804b49400e5589aea9072738a2cd5c25268688961fb662f3d6b6a5a9ed2d,1992.0,F,SP
75b49aefbba75fa095015d5b8365ff4d97c7281c8393537d4f444c57b96de4e8,1980.0,F,RS
6733d46a9b57ea3c4c62a982b7726a631af0c0bdb60744ff517beaf568443f51,1982.0,M,AL
8cdb6c29d89f2a2ff7270ef54b680775addc76cbd8a73ff906c77151b910b5e6,1982.0,F,SP
b4bc4428a8c1dcbeef3d95f76b175d7b2b97ce3ab8cee85b131afd4d610e6f07,1983.0,F,MG
723a56fedb2900c6f8b99121e61705efdedb4015f765356cd9ed8762f01fbbbd,1988.0,M,RJ
1ad04cbf6d7acf9f88cc1ff32c9804067f454f0651653f84c1874a87a41caae4,1991.0,F,RJ
c4ef5543dc596f5692da549715c9d1bf011456223331a7ba5be71b9f65ca0d32,1987.0,M,PR
850f1b863af9351c71b7eead73f291f722499a5e118e3102beff993717b43737,1992.0,M,RJ
6ccacae9b2e09964c7987b079737e3942b22d6dc462ad137784ab9023388c45b,1983.0,M,SP
51ba5effefa541fdf92cebb9f8eaaa9c27d76509e8ea1e5cf81972a82ef1c493,1990.0,F,RJ
2a676135c90e4a0565b58a61d0e3d2bd2817f730a10b579578d924a0a2a39266,1982.0,M,SP
1f253c9c9308022358cb3603841725e3b26450d0f789ad898be165ced57478c1,1987.0,F,SP
3febc4e79fdc31568ad5a1c595136a08ed6ca115049340376dbed8d982bcc2f4,1995.0,F,SC
8cf7f3faa6b2cce7c04e529757b141a7488b8348e8ccaac3059e3b8ecff26550,1963.0,F,RJ
1781c1619712750c5af1a432066366c941c8ad1aa0ae1128ba13af59a12d3c2e,1991.0,F,MG
5fa84cc8d9141a88254239d2b1589e1570e1c9a6c385e6cf339c6c1dd4f92967,1983.0,F,RS
0fe0c9a303559d1119121cd13692394a443becfd73d7d61d5ee02b32103420d9,1988.0,F,SC
0d2b8283a3da69506ab0e3b68bd921834affdc10aac9caccf3f2f152e14cbea8,1997.0,M,MG
e69770dc2dcf3aea12c4b853b293a0d87e92fa04e93be0ea2b293a95729d1219,1984.0,F,RJ
bef745b3e757b69d9b2375518f2da44225d19322cba2c988d343ccd26c55fe18,,F,RJ
f21287ae9ebb197e27cbaf4fa09b0e54f60572c4715a4cf4324585246be4e59b,1953.0,F,RS
ce96040eab87b0b0cbe87453b6ece9ffd02861d4323b09b301ff48bd2cdc2447,1989.0,F,DF
fb63e3d866d7bc41951558212f04aac01dee92ca1e668ed83bd8003125a41b85,1978.0,F,SP
9f6690261352f5fe6a1b3b8fe60dfc9ade4f0d7562e6b57971e4287872cfaa14,1984.0,M,SP
b17bc20a2e73ce8b4a392fddbf46cda0b387eb016300b682202571f65f71d949,1995.0,M,RJ
a8bffe6517209e280f04871469c3ab0e2c01a2f859728bbd353ff5f90ac33d57,1967.0,F,RJ
dbd777b52225c643e257a812ba7e781628097ada8f5f41b07e37c8b944ef5e3a,1974.0,M,MG
4cdada177c06041bf9e3092cb9a4d3c92c3df7b551da5e3e457d95aaf33b8dc1,1989.0,M,SP
9004e3fd66ece3c590b848379926f4d71e5facadc4af832a4abdfb25fe4aca90,1955.0,F,SP
2f13b89ecfd083ff165973e8e8eba2ff11b2ed66849c8b3089df759d56d53a90,1983.0,F,SP
5fe2c1f2bfeec85050e6c46d6b4009559a2813c3254fc411c215490cf938d53b,,NOT INFORMED,NOT INFORMED
3eb68d8ae4596fcac14d10dcef1a3f481a7257736845570d10375bec46d8a6e1,1997.0,F,PR
f8a9f5142b103bf143050f33c2605306b3673f511052d0ad8cc779e7f653edb4,1973.0,F,RS
b363cbba9bc9531401a7f8565c0ae948084aa7498ef2259e7c02a9bedeaf8bee,1979.0,F,SP
1ea65c5e94da0d043f3632789958d7ee3242c1b039f2215aedfbeccd3483fc29,1965.0,M,SP
86a5c33485bda8efff53d1270186bcbb756f43e8232ce1f56db81d075db8e55e,1990.0,F,SP
e252deec0b05e124511bdce1ad7e7dacb906691242ca1acfd02d932d008282fd,1988.0,F,SP
e0f7d1d9aba3b4bc142ecb832527d12880453eb84cfdc07b20639664b667e722,1986.0,M,DF
623a437b0295124515b2e5cd35585c2b69537fb99bce7519a73b0add6669085b,1952.0,M,MG
a58290ec41607297a322133f969a1e66c0c946b56424a652d78b772afe78f713,1980.0,F,SP
8f936d84fb2fbc9fea51470bc448c788f6d5529ee366c177191cbc744c8e7b8d,1993.0,M,MG
ddea7ce6024bf44725db91dca2ed6de7400a0c174a7d2e8ed1129772f49bf68c,1994.0,F,SP
4216896a03c45992800a26cdb4e29544fb79064a5ac03bbc6201f788f1d318e1,1982.0,F,SP
68175bd466849193bd0713ee4904bd4323c0155586f4ee000a56f170dfb17da0,1998.0,F,SP
c44517772d02be0acad17c9243da1583995d7cb9341e8580923a6c3bfd45a4fe,1973.0,M,SP
1f340403c876647251ecb8e0c66579429782da96c117e19c2ed4ef844d627807,1995.0,F,SP
8ed072fb7e1c85eb640b5ceb8eac36a15439180b01b0ec6399edd4ebf4fea04f,1980.0,F,DF
71f666051ce873896c6582dabda012e6fda86becbadf6225c37d70a08ed117b3,1987.0,F,RJ
a1654b00fa5066618f9fcdfeb4ab6248adbd032d0e7ff78295825e0d72f6bed9,1981.0,M,MG
420884173d8b62885f4023dca6d77acadb13c12a146270545f1a627c08bc41a0,,NOT INFORMED,NOT INFORMED
9c5abebe5b86b30b4d0ea6a763f3a35bd57ff900ec3ad9827f2021fc2652d65d,1973.0,M,RJ
b18c51c38a91d3212cf4389e15f8c34b497e8f71f89a539faf773b92bb5dc406,1984.0,F,SP
43a825e9efa54e2cbac162562f5937c131e4d7b76c7fe9fa1583c366e2d82011,1992.0,F,RJ
9665e42fd11ac634c778a4d4f43b422fdd5c0deab2a1b505ba3f522e4b4e6163,,NOT INFORMED,NOT INFORMED
52414e5a53f9fdb781fc3d158bc9d5513ff5f912580a880e7fb2ecefced55fb5,1973.0,F,SP
b8509cdbff27ac09a3a327abfdb469c611e34d74d930a85ea6c41ecf808581b3,1994.0,M,MG
3311f7e695f54882ecd73815c6d20cd3be8aa2a3caa1a62b1215a6dadc97c7bb,1983.0,F,PR
925f3084c5c37386dd67bbdfdfc2c1528e1f7755f47df37c62921d5116e5e60d,1991.0,F,RS
ea18626b28c07c158f0a6aebb9269eacdfca4c0429edc9ab7f4c64a005f1fc49,1995.0,F,SP
541581535dbb7dafd4c32d96eaeb44630cce667ccb88b7767eb320aebf7c9a2b,1991.0,F,MG
6cfbf1b2cf669a5162e670867bf4003f36085e8036b9e65b085ec78715563afe,1980.0,F,SP
f8d1471d7388901958c78e4c9d0c3c318f324152eba02ee333317fc7bb67c0b5,1980.0,F,RJ
082877371f6e70f6c4a004455a0d98018c71124e79f3a338465bb977d26cd299,1995.0,M,SC
01ba080beacc2017b1b1be8ae0cc954ea82b6a74f5fd8aca585024207d18ff04,1994.0,F,MG
d15e46173f291b7054d1067c564ae12909a76fbc2401db224b6854a71ba1791a,1970.0,F,SP
005f57dac93dc1974f22a0b1caecf73c98aa06f0bd63c04163f851db214d6812,1989.0,F,MG
f2f2bb2b6bbcfac3951ae66e51c9f00e0798f4aa70b77c0c54468d629cb74409,1982.0,F,RJ
d4e7653af75f412063856495ff02bcbf5d16ec80d2dc415222f13f4e401a109e,1973.0,F,SP
372db76185b971e40f79aaca5d79b858e8b786f6478fa01060b768098ccd3dbf,1986.0,F,SP
53b8f5479b336cf373b42d0cfecce9eed153ff61c08dd7bbe9d829782e5d5d1c,1962.0,F,RJ
45d40b8503552d2267b7200721715f361510661c9f4da9fc91112965d99fdd32,,M,RJ
dcaf93383952e5d57adcf71e26f980aaecc1a6e2ed823b3aa7f40bbdd4d28d8b,1992.0,M,RS
83e09eecc13c17673cae7f53fbab432343c9ac8a48cfc1ef086eb361bfb5e1b6,,NOT INFORMED,NOT INFORMED
c0a3012ef02760aec4ecec78cd5df72878f2fb7b635a4aa693919ef35c998e15,1983.0,M,PE
d99871c14d542f069981bbc18589430aa9015ee0dbb0dba38f47972d079e066e,1981.0,F,SP
0027bfdb1e6bf05f6f7ca15cfc8273c56fa220e0cdbe4eff842aaae7a4fef680,1969.0,F,SP
df5c4cb97150b8e3d83a9d13712a81db8a07f02abf76207ea329c71d516ad082,1976.0,F,RJ
f46829e0145686396e7e0f2cf89187ceaf81d247a9a05f379a648e465ec8b051,1975.0,F,SP
81fb741d66e5bd5fdafed2044c02f82ec1555fc3077df34a0fbf1afdd4179606,1990.0,F,MG
9ab52dba4196e3898d633c7aa5a5a91296e89ed2f54310a219ae43cc8c5121fe,1974.0,M,SP
a24903ea93b43681bbe47439fc017f945fd9c453a6422d064eab865e069a6067,1981.0,F,SP
4e984b6c6754f8cedbdb2822148fffcbb621e8de3ebdf38810cc7db0f98ec733,1962.0,M,SP
60a0a63cb56d46d9c995d86cad63bd0b28e75431ee324dc917514a9d8a9a89a0,1982.0,M,CE
9345a2515194cc834fd9d6befc92a54d19feb9c2878a79fea5117230d8b6fb03,1984.0,M,MG
6d2ea4cc655574eb944a8fac831ad08784118ed6c422b70000e156462eed3d13,1994.0,F,SP
8c550f367afae42e680004949aecf1395fcec1057094d0902a62952434f76b81,1959.0,M,SP
51d4cb99de330c5de0fe54df55b3c55f61a6d414f23938ef38285ff7314b0db9,1957.0,M,SP
6c8dcf4688bf674508edca3856f58df637fae21f72f4901a89d30d69e07d12e4,1979.0,F,SE
b50605cd90f0eca1ee66a53905c41510d5d322da4be421fa229d986bab7a1787,1993.0,M,ES
c481f8feda7091f86a8fefe663f378e4245a2351c5b0e61b2a195d51bd9b6578,1952.0,M,SP
677ecf90496b1c77d41cbd49f37579d086d8e1bb349a1b254bcb4913a5106e03,1996.0,F,RJ
fbdd9148cf266b5bba6e99a00bb70b31554d77019bb7d2675d58f0819fa929b9,1991.0,M,SP
2668b90f7b76ade632bae96483558fb34c4ba097233d2674e03925ef022251be,1980.0,F,SP
e540023172784a92a5de0d3ed7226e40e9e7eade3bd04dab738c36d1abe9f3ae,1983.0,F,SP
bef024d49a01558031bb31208b6477cd5baa68cd7dafc4b959c7497c6a538138,1972.0,F,SP
7ecf0171105a8b1dabd0482825eb5350a099bab1d3a0beb20cd7c81eaeb87bd9,1976.0,F,SP
7a1a97b9eaa5cb6161c4d6660b25d5f7b9f83d80426bd7bd841f800b8eb0bad1,1975.0,F,MG
81a0a57dd24b4bfdb81d9d3c3bfec6c8374431813f313dcc8fdf8e7bf63ea9e3,1991.0,F,SP
9bbaea768385baf2217f44a3ece4591ad6b87fabc501f8838046c9df40bd0728,1993.0,F,MG
d4e6ccc6c9e6739e8a3a787b142d89e05e95792bd77ef42e9a7c563a2f12cad8,,NOT INFORMED,NOT INFORMED
4a65c1765609886f827d9e007cecc49258ac373344cc13b276018e6313ea0ba5,1999.0,F,SP
6ac0f335df1d0d3279c5f28ed75acbd0976e740d54271f91a704e7ea702f17b9,1980.0,M,SP
77b9820edec57b40d5fe7baf030713434a155e6fb0127a8fe719a9e6e1fad1d4,1971.0,M,SP
e104ff8fb75d7e4eff2a9a2c8e738d0d85fa3141e42c4fba054d112bbf81b916,1984.0,F,RJ
c29ca40a5522af16ae67662f14a2ee9e995cebf9934f3f790240a4423dec28f6,1977.0,F,MG
2de24267cfca4142cee9e8257dbb8b04d8c3d6fb92d2c6f409e5a531444050e1,1991.0,F,SP
0bd48eff46ef830b4c55d7595c2e8e5d9022803e53f7ba959fd28d3eb237f8e3,1995.0,F,SP
2918eb1197cde8a15d6cafb4be269582c089fdce3aa4f411de32f75a06b25d2f,1975.0,F,SP
2eb563ad71f9df4a78bc0e21c4925159f0561dfbc2b9b5722ae55acf9740af0e,1985.0,M,PR
2bf0ac9aa806ece82fed65ca7cfd6f2e57012ec566d8ae4198de0b1dff0132e4,1980.0,F,SP
d077e15955c3e0cbc898de78599f6d34a1a8f1c86b6780cd9b960d99e9afe6cb,1982.0,F,SP
11f4616bebfec59042ee2fb9844a0112c81454c81434956195880cad1a365548,,NOT INFORMED,NOT INFORMED
8771eac166624026e114e69dcefdea446867e050195715a7a72f3b4f141f9d4d,1991.0,F,BA
c5fd15059f0018b34a867ba1b9a1ebffe558bfeff1776ce2d8794806749fb3ed,1979.0,F,RJ
88507009ff17cbb894838a05a30a8fcfb0e49e783dd4393bfb89472630c0e11b,1975.0,F,MA
8f126091e586c7c429a9ea91d6808a47831df9ae8c71c159e34b03ca71ab35d2,1979.0,M,SP
798dfed154da2d21dae1a503f93918d2b237ecfb2af600a29378a76e50d9a322,1977.0,F,MG
2ee4b9e6435ea4348d255e6992c10c02829387f80940a459f5ba9852c0625b10,1982.0,F,SP
6e01423a5bd52de759802f5073edaad6e9509f62e81a45335afc1ee07510d7fe,1992.0,F,ES
5400418648542a929f1de72379068ac586865a1e15af582896ae7939176db9ff,1983.0,F,SP
5a1617259f37f4d90b5adb5a2a2f0949e04d3f84914727d9d48a990ccdc44644,1993.0,F,SP
225a0ccaf0e09944a0640e6473305a49728212347e57aa70217bf2c0420a9b3b,1961.0,F,MG
2d91ff13738acd205122d330ab000eccb5dedfebf41a43bccb360f049eafead1,1978.0,F,SC
16e1e4838161275683c3e010ea7cc2350604a337de2e3c4494d5000e1a21357c,1982.0,F,SP
27b028de32ef55f2f1e1d567cdcc71d79893dab59355dc234e3eed747a43d8d1,1979.0,F,RJ
8a7996ab18b8a101165dffb80158e18b34c65a179209c23d15e7435544a21b59,1981.0,M,SP
74a1e7b3389ddb0214112ac98f582d66e9ff6cdb848d2bc7f5073c20b2f7673a,1986.0,F,SP
352f0042895cdad885d7f493083bc846462f3dd70a24afa47072d2711c4f7039,1979.0,F,SP
9be24e2a8739e9d0a90549bc99a39004fe9784b235a8bd1d76dff3c59184e33f,1970.0,F,SP
37bfb7932c9a148a4892749bdf13991843fe9c49a0d560656e8560ca682ea0a3,1985.0,M,SP
7a6f7fd85e7ccea52e993ea43e38972b14471a18cb1ea81b2ec7578c0ae0aaaa,1989.0,F,GO
fe54c00bf195c79217569132f837ee0a00ab2f1271ad8e236a38b3e596667cb7,1987.0,F,SP
f274cd088e88896a098612f4074e63031af6b3abf766aea2720ae33433a135c4,1990.0,M,SP
3fbfc424f25538c1406623682f9b2a6ff66617639144822684af149ca45d58e2,1998.0,F,RJ
f42fe7e599ceecdc7dd858dccbc34dafcd73ee2a179d272ef1c2936a6d00f341,1978.0,F,SP
69ec10f022db41dc4fa397931ab7d3d0abc211c489fc5243c1f6fd6dccf82767,1978.0,F,RJ
a18ec06bd8ada4682d3e65c1410a7dcda09c853e14ad51be0ac9444adc0c597d,1979.0,F,MG
8d0cc6df16136c32785103318072543b4fbf031a136dc45e35f0dba8a69deae4,1998.0,F,MG
bc77095955ab58fcc61b6bd189de22e278848eb637cba3d89cc0057f940f6659,1961.0,M,PR
df7536d72d9d75cd62af977f4025f64e3b6726c8001edc1fea21b3400cc38afe,1985.0,F,RJ
aa029de23359ed30ba169c27da8442f8296f77b37b15b452b6ec8be0f5013539,1994.0,F,PE
3a625ebcb35bb5de96a36b3305e359e2f3d0812fdc5d0fe962987621f1624b2c,1996.0,F,RJ
da3c03262377590651706c3c40d204f5645d82d5157ff32f40ee5a03130b7f81,1953.0,M,MG
8214287f1780127f12bf24bb32fc9029acc207f63d22ef6bafd904f7261a9074,1984.0,F,SP
57879cf36aad9f3e797431580d5829dec11aa3f8df656da9260e4fb141782b1c,1990.0,F,SP
0aa42c8ed8a0642317e651fe04cf750fabb1691ef39564e66a0c3cb722cae0df,1988.0,M,SP
a3769e10ba75bc673e9c54cb6ca14b804b759a11885c108872d2e3b1f49bea14,1996.0,F,MG
2f7990d037e4619c7a35834ae72ce963e21c837d5ec5c016978593dc82386f7f,,NOT INFORMED,NOT INFORMED
a263a2cd242c2b440379b6f137208c5f8785afcff000bb48a59909a0aed74f8f,1962.0,M,RO
a4831f133ecfb02c7d77cffe8330009f074bf8c224965743fbae1c0d6eb92642,1993.0,F,AM
943ff3524c2e95aed1e9b11f539ee1a527f36c9f69e9f4513feababa26cfaecb,1977.0,M,RJ
082725fbc315bb0b32fc652826528dcfda9b293b24213cab311efc13c5f3988b,1991.0,M,RS
2cd3a33e1e237743d29d094c25e7d75ce6e1375523bf07923addd1a0fd235d3c,1962.0,F,DF
21db3b84fc170e601ac1fa3b0aee3809d2da4986c3efb34d085949bf6b6729d8,1987.0,F,SP
b7ad348c1bf9c36a0cafdc7d4d1ae0d524adc7569c4ed540fbf23f9188a1823d,1984.0,M,RJ
d41230625172a2be0ad84ef41a18bd274f8fcb3e5c6a108f14676b975e84fd57,1984.0,M,RJ
67b763e65199c2c9735a52a59d363951bb7fb5e14b2d347a28de31166212b386,1962.0,F,SP
bfc9779f61321e7b0958611a3f76f2dc991aefcdf1dc21428000f642d4018694,1992.0,M,SP
67e2684711a159ee464ff16503398d8ae63a05f918449cebde535d6bf57c5df4,1970.0,F,PR
dd4a26b50d940f76ad2256e3a78ce907a76ed4e873b2b76d8a7ba5d9eaa11e38,1950.0,M,MG
0d08b72e9f7be523294d235e2eae9313e00d76d4bf84c16f8bbc34b5bda992e5,1975.0,F,SP
17cabc91eda214a3ef042a38ba335799f2706592059350fecbcf34db6cc1d6fa,1989.0,M,PR
37d79f7976c366ee687efdfb71a4d9a5d271184c3a71363dac2e040f1708c4c2,1984.0,F,ES
491f8273f39516beab55b191a40fd6e8bf44b10f23d66c7576696388738dae4e,1965.0,F,PR
fe99a91e387dad26ef47e953bd735850086b8366312e529bda5129770e7d4078,1985.0,M,SP
0dd55d443ef14e575f95d381d342d95bff2f39d929a50a50b636afbbc14a5373,1986.0,F,RJ
22cd71dfd633d0e43562e8532d3322677ed2b1dd81d5a13327a5fcceb6e77597,1977.0,F,SP
6571b23bb5f2b6653ce747a70bd55db26ba911271333dff504769e3be774e072,1992.0,M,MA
504a3d8292bf4bdf91276adfe10d83e135c957576fad656c3bc95aaf169d7ccc,1974.0,M,RS
21f1205b5d27bbebb37af6fb12d6511ae669befa07dabe9adb3a4277297592a6,1983.0,M,PR
5bbb93cbcdaa88c2e300084febb81e58f3a8e2e5e5b885a5553181e27482d99d,,NOT INFORMED,NOT INFORMED
18284d5f1a0f465a7061e4a790e07d47f7266f94436ccbee748ce658ff916196,1961.0,F,BA
423dc9682f959b2e03cd4fd720c3cd58926f68cf9749051a931ea1473a871f67,1987.0,M,SC
d62c4805267c8b3879f900156f930d6f700d42ff1b69d8c2e1ac7187a7c1d44f,1973.0,F,MG
2005b7143c1c3f28c363d3e63da06571ca2a3a0f5ee19a2eb6a23251e553b079,1992.0,F,MG
2d9e4f540a0c7b263c5f396c469456952f571e68838d9b9e32d595c98ac1fc76,,F,SP
af35d13733b807be8370982a5ff734d7722d139600b98c2c45f096cf16334538,1980.0,M,SP
f3531b14327ea2a8482d749c9bc6687b9d59111755474bb7636e1c5c2b480a75,1972.0,F,SP
28a44b48f46b79bc151c72331e7696f1ae436b437153153e3ee347bbcd1aa162,1969.0,F,RS
9e517196f00c74c098f742ce644e65475e8609415d9c3d178a10fb89c32312f1,1947.0,M,ES
b8d0c58a9539a926cd1bd3ceb56128d605204104d7ee0fb0bd077c18d472335b,1954.0,M,SP
f04a0fcf83f63b1ffcdf7f3ba9a33b29a59a8f626df38c2411f826fe14f0f880,1959.0,F,DF
e5dda4dd45df2b4926fc7f54798b974072ba6a8ac4175e32febfc06946062f1f,1969.0,F,SP
2d43f25b145cab3ed73c7474fb5efa3b667d251951dc00185c5696ffb23c8d73,1984.0,F,SC
3f498ec7618d3cab916199a5efafb049e126b26ac9c89f8180fd7699ef76f080,1968.0,M,SP
f113c257cfc8f80de206ffc24dd19cbf25487c1b4e9e388930dd7d91e9e2977f,1984.0,F,MG
4bc73874bd9c75d795a5d7c08af3f17fda70a5e4522638e6f07fcea47c29562b,1980.0,M,RS
c7aba1d72b0a4c0dc61b0a539827839960b08ed0d552cfd997fec3914ed56d78,1995.0,M,SP
6dac605c04c2fd534153073dfb2d41d092e76e32e97f8592a87155f9aaf6632d,1985.0,M,MG
f912d0e711f9b1b865d1a4a944b070e4d5e9a97241dfa77eb2a97d776e519101,1987.0,M,SE
35f1a285cc9cb8fbd3155eacf291ffdda7f7c2e5ad97e5109119610a97f9dd1d,1987.0,F,RJ
5f295a7d390b5af16e7b1014a78b5b938be5800d6eb9439bee9283ecc6cf4f4f,1993.0,F,SP
616426b9ff40f505a90480d166bee4e75268894c412115be745f5ceb6550f46d,1985.0,F,SC
f8f4b08c78a210662eeafe15a4402c095b8ab6bdcd1a312d3695a6376af94437,1951.0,M,RJ
e2e866346ecb7fc5f3f0ff06e84f952c016a34d551f83e68034521ebe931b8a3,1980.0,M,BA
a51f6bb1b0fe1fb5ea8ba0c0e29c58b41d38451eca61c90cd315a191cc72daf5,1992.0,F,RS
c3eef7bd4b7d2e6e71ea00306ff35674bde2be4bb9123ed317b8b2c750229863,1982.0,F,SP
c63c53fd066a16c7c4a9e9595272a2c0cea5333b2983a4ceca54e943c215fcd8,1990.0,F,SP
5a4c5dd993a12c1e570f575d08199e73f9735ecc868226dea8cab2e0fabe5a79,1997.0,F,SP
187fbda6574e6f20b779fd3d4e41c5041393726762d44c189678ca8ffb54e1bd,1977.0,F,SP
0d0d204ec95c494e8810f4d0267d97745d1b905fe26c4c8669ff13bb71033d0b,1985.0,M,MG
57e3ab7681084ec07babf58f372b58aaca07479d26fe88d3fb0348b587b393bd,1990.0,F,RJ
3ab22e2255d0dee94b3664be14dbcddcac6716079dc0d9f11a147622121a87c6,1984.0,M,SP
dbbba5d1e6e61483d8a55ba50feae04aa31ae9c86f8c8c8bb5148478ae6479dd,1969.0,F,RS
f13e244a21169062469ef1386efb26b3064dd106129ae2369af5fe153c3aefa8,1979.0,F,SP
4db3154d7c78a16665f252f1e6fa08d9896ba4338e9b5bdd3a0f6e6d4929606a,1995.0,M,DF
7440877898d4355c71c112e4cecb1801c12e904e9fb36ff42c54d654e8c4bde4,1977.0,F,PR
48ef005b33e2713267ddbc5a5e76779c887ac472fc3eac5dc0bc9e74d194dbc5,1969.0,F,RS
add6faa48c6457c59c026e30e02d8c7060664382f9bfc39dd2a665a696f08b79,1987.0,F,MG
c7ebddfbec99312deddc3fe37f7d2abdc324a4bf62f868d7cbaf6f1f11367116,1995.0,F,SP
b6c491035443020138c22103f383f96b95b262311c8f38bf28eba9589375830a,1990.0,F,SP
a7d94d9df8de16bb00048f16317963ed5f1c36280b9ed10714d1223c3c081ef2,1984.0,M,BA
b1c66059b01e10d675f76499e60845c47150e1da86b0b1e883955caf0374a80b,1987.0,F,SP
77a5da07251196651640726bf4bbfe62f6f59a4c21ef48d48e243e16b6a1d2a8,1978.0,M,MG
d62296a053f557cfe26c29b237b8f872c20f9fecc711933b387450230f181582,1967.0,M,ES
25bec1ccb178f479661f250ee78948af2147b47198b3f7356a8f3945dd50325c,1963.0,M,SP
91cf8b1280c9553d4f11bfcfbb135a7d2bbbfea88ee2c05e4d066e21f20c0bc7,1978.0,F,SP
b1ba253af5dbe536acb236d4117341cbd84835688f4181ccf74040ef1dd8ec41,1993.0,M,PR
d1b059a040aae777f674235a921afe45bfd0d9c0678401692fa4e3e1dd64fd0a,1986.0,F,RJ
3fcb4dbb8c2a31b758f1186258e8afe5e7813d9e00647d25b0d5e90cd996d42d,,F,SP
50e40412d9f27a80f76c5b950af74d6fd474d7fe964ade786caea5da11e9537e,1947.0,M,SP
2537be438eed1df73072f71c0adbcc12ebd19181755b3b1a8ef365b095ad0486,1970.0,M,SP
0e25d7feed46bba04b611804c7ebd38e268b8373422c3a3fc0e239d197077cfa,1976.0,F,SP
64f63403a6d6c199cd81543a5ad574fa05b6b7e023f8fcd2e266988c2f082f58,1968.0,F,SP
59ed5a46991da88195ffb9394b1d5af2a7d825fc41b611dff2dc3b15d74e4922,1975.0,F,SP
22afb9007e7704f6e504743e0a5ed5ba000dd11eb7ca4f04b6e3dcce0db2aa80,1981.0,M,SP
b549a23928ea1953e26672a2bd4c019f2880ffe104a56963edb4e6f5d039d56e,1991.0,M,SP
04b2c2bfc2d4f6536177bbe51b2f43e9674e81eeca70a237b907594321fe38e8,1964.0,F,RJ
ccb92b5ba031ec113e5fc7bcd9d7ef835efcade563d78e488dc3d4b8b559184e,1991.0,F,CE
8797a7b267334dc142a863b881467ba36e69940877edfc113ee7c39ca8d9fb4e,1977.0,F,RJ
9eadc804074e1685e048cbea05347772f916650bec27aa9109dc6458ed6001d8,1994.0,F,PB
1712b16d6592822da12bf2f66c9d0946e086357324452f4f5874b2957b7a1dee,1970.0,F,SP
66f35c6b37743718a5d0bf100323aaf8857d57ff0b15aab52338623dbacbec4c,1970.0,F,MG
20d4a1092a489f6cae1c9cb1753543f8536239e7f19b3e6114c80ba6cb13751e,1986.0,F,RS
753a66ea7715ef1f8b1d2d43d8be0898be7fa53a6924b6c630349a6b32284f13,1990.0,F,MT
16c1ec5bbca37a0635fe4fffeb4a9f3fa739f7fb56f9ec24081dbb02c2095cab,1975.0,F,SP
978c48a4c4de0a42c33e01b21a52d49efbd369dd1c134b7788c82c394126db6a,1980.0,F,RJ
a2d8fda14135608a32319af27b5ad284e1f9c7ce1109c91b5f15affb6450b962,1986.0,F,SP
df83e55b7d931200a99f7b02891826dd147ab3dd120f799d907e12a08b9f9926,1976.0,M,RJ
79a4cc6167d579c5a7848242df3af044fb1d6807636cba3fd5ac81107e6a404d,1988.0,F,SP
f00ca01e0203a10f77092af81849d6c07176c15bfa21c08a39469d57e8e83b13,1984.0,F,SP
9febe917db131b120d011830fc6e17900ef59047798062a6755553f97f735061,1990.0,F,MG
dc41f6a8dcd94d47fb1ba8db8dcfecce1aed31ee6083897c824bc2d33ac17643,1974.0,F,SP
d20e6a6769447d1d9d4f946e82bf0bc7e70685ea3e3f8fc7d5e7144a365feccc,1996.0,F,SP
cd9c3fbd2ede4884f7a13785d7830992460929f2c2a9b78ffee2eca6b5eb314f,1987.0,M,RN
1cd3a2db8461d1198f66d2b155b49cc1167142d6a78eb66642693fad2eca90f0,1993.0,F,GO
8789884366cbe9a4a323c9c6b29fd7d959c5edf7f4eaa8f514def03fa67d4e67,1983.0,F,SP
e6a3a345332b0bf1a696e8897588ae59aed0da93b01aece6bd2f3f97e0c58f59,1988.0,M,RJ
fe16e2645ddacaa12ac157e3b410825c6de965b2e57b23dd8149fb83182ee152,1995.0,F,MS
4be3fc309eeffef6208443619f7b7e663482dbed7314e54ab9d841a9cedfefaf,1987.0,M,RS
4305aa3d53c43dc788a5715e2a50a97456b40c410cc5f6136a3195bf7f2ffb59,1990.0,F,PR
ceebbfeb1bb91773f91127f4740b3ced453c0b1112434004f7e80bd9e4d85fff,1976.0,F,SP
8a057b104134509a0d20d7b7bc8dde122c2ba75a9c3b882c3d4dcb7aadea8ff6,1980.0,F,MG
4ed4de6703aae7f7cddb5212deba2f43a892531516e65bec3db206043598fa32,1985.0,F,MG
7a477006569526dc1b2b3e27ebe63a7bd6c33988059672589a452079611502e0,1998.0,F,MG
40442ac73de5c36469bf9e0d95868585fef4de81197071a14acabfe3c93ac815,1989.0,F,SP
514f728b3c40a7230a0121b1660f996a08b3add9712069fe059a3a574a676771,1976.0,M,SC
8d4324c58795ab40f4ab565d5118441eb5c79cee3d9d4a9675c2d78cc622b8d6,1974.0,M,GO
862a286cbb6a48963f5407d9b28388f14d854b0e53c6b58b5a7b345aa5b9f8f4,1970.0,F,RJ
f30c23de5e437af0cdae8dd367754e8191fe713128a5547469a13ca283513a6b,1975.0,F,SP
a713e97148f5b2c09b82e31b1d2992facb95a11723fc12821e38806780c76aba,1978.0,F,RJ
60270a9f1514b39ba930c65a0ef8ca3b1019a33ec5ea0696874e515b64854e12,1956.0,F,PR
95ae22fdc68b0da403d74ffa1719d492f521aa705fc6d28356950f322a0a0b34,1931.0,M,SP
62d939feea32232b90638db147ffedd01be43750ec5dbd1f3234b9f55c8d3493,1962.0,M,SP
348aaf73bf5817c863d1f05e2e258a69d6c3e2e1aff56e050eb117fc8961ef8d,1994.0,F,PR
b1e4ac92b74a3ee62f3373c77f5e06883c9bfee35be6e207a0270585ca81c723,1960.0,M,MG
98fc9a393f3ccbc6be8634ebb0925434a71328ea1c241fa270c64cfd1841af35,1994.0,F,SP
f999410c63deffdbac524d88d32dc7e672d639eb811ea8aca5d281676b1fb371,1986.0,F,RJ
d6b5d2ece57b100724ac7afffd77da58b8e8ed63af715fc686c234d9ed50cfda,1959.0,F,RJ
3cebdd519a8d648a29bd29940776fb791458e54ec2959321f475debc2a9e70e7,1980.0,F,SP
eec6a319b99aa1c9b8c6c1f7f63d847d4cac70772ea3697a75f75de4120909be,1991.0,F,DF
d87937d41815293db3a02eb6b50610218b3add8663967c235ce393a34e1de74e,1947.0,F,RJ
c433e96731a9191d0cf4e526fdaa62cefce5d6eba8f6c233438db109af632986,1986.0,F,PI
a07086e9846df75d5b2e9f2b85f212209df5efc8f316e41d233f6c17122e792e,1994.0,M,SP
0fd4a090b368a8515100cff99b2546993605fa3ca8cd72ea4beb1dd08ac31334,1985.0,F,SP
c563e5a9a41339767497ef2607b3931d80f6bc18ca222be264010fa38512478b,1979.0,F,SP
ea5b1941c21fe2b77304b4f47e09e6339e1ae98bdcc796462eef0769abe40d88,1999.0,F,MG
59b5116a965e16ceec376c2310b18d1843e5dbb5e35a3ade7fefdd12146e00a6,1963.0,F,MG
cba0468a0b55d0290010b4a68106778593bb4ac748823bb703f73c7133fdea55,1981.0,M,SP
af620ad2e4ca978910098ff49daa46486c8289b029f428e4600b7d8b31c22ed6,2000.0,F,SP
bd8d1df19de4484749dc585700d289368b7565fb4f444423e25c3fd075e33ba5,1981.0,F,MG
ee8b288ad20befbcf25f7e77ec3a2120e5a7125852fc64e65fa59c01fc2f64e2,1993.0,F,SC
2f3ec4e1ba3d77b190c4a1e6283c1824dfe5a52896ae14ede958e9a26824edab,1984.0,F,DF
81d3e231afccb7564054cc1edda3bbd977ef3a8e6ecf6c214fd0c51b31e3a925,1984.0,M,SC
92a61014591a7f9f096a23f658a52c4b965aef845281dea88bbf4e21b3725de4,1972.0,M,SC
b0f65cce5beaf78c1fee6286f899268cf6adf2a2f50ff654e898c8a21899e71d,1992.0,M,AM
18f05b91b8b4d02e052bcf457837b132af6b118aa54592dbdec566b3783904f0,1991.0,F,SP
0fecba998b3f9496f7581b151895f5f9c5f1bedea9a111471077c7d14adb2704,1963.0,F,RJ
09750263598fbdff45b8a2b4a2a2c588d8fa20920caf1d42c6977bec9f491f27,1998.0,F,PE
fe633992642d26fc1676d86310bc074e827bcbf7ec3038558db6af6c70574084,1983.0,M,MG
6b28270966786663518e2e086051a8be0182032bc3009718dc1723997ade076f,1987.0,M,MG
79469cd290dd96dce4f80c49da040ff33d50e729c258bd1363e7168b5a3a3bb6,1982.0,F,MG
d3f620e9b444ce0a0ffa9ec5bd4f1d034e3baa10eb85aab552fe4d9d47431d7f,1970.0,M,RJ
9e8e62e8096f5857f2843e95fd1e2ac2bd681b44b53aefd634da3f7df0ee3206,1991.0,F,RJ
d4f21ac8483d9d9d0f23aece3494597c0e91542669d0ac6e342a81b1bbe459de,1995.0,M,MA
caa06a0e3ccdff2989098b36465aa0aa5f4bd7fca2000e8571d854020253c804,1984.0,F,SC
faa30d61d2ad603bcfd55dea75a8564aa6e7a9bd23fa45932529069abf0df1ac,1987.0,F,RJ
e81474779eb378c8cd01385bc1a18ae10cbe5ba4ec5eab3c3b0d7b65bedec7a6,1983.0,M,SP
76ce837642e29dcf0247ab204020da2da4de8f8d58e26533bb1ac1f891c547dd,1965.0,M,MG
07789298dfad3d52088ad99ac4b722e9a4e24304582382fe1c8f35213890b845,1997.0,F,PE
ee24a4f3baa7828a762880135b09c35b45e7bab0dfcd4f6430a014b50ee644c6,1965.0,F,RJ
77536cf4084b5fc0a69e8239425eb9c334212962070135c49840d1a1ef188562,1969.0,F,SP
e6f2408feead038dd5b42ec319373d4dbccd8c2987c1a10f7a414061826ceb69,1982.0,M,RS
567326abab04234c0b3d8b5a38561baa314e683039ccfc6b982557e8cfa4b585,1982.0,F,SP
9a0d1703d6b7fd503fc6777d5deef1f1337654127f66b4abd40447fdecb078bc,1974.0,F,PR
9d74677ea1dcb60c0eee4185017d894ff2d63d16d2e11c1f0f54f45cb1ba9db7,1964.0,F,SP
3ef53b9223d60a8f6b60a9ebc0d8b1b1c9ce1d0368c0d4e5563475b1c5fbfdbc,1972.0,M,PR
0a924e196d44e74a35c75822fea98e0d651beff8bdc980ff333939a6030ce1ed,1953.0,M,PA
20f0c959e10540e33f4b8067589d9835504543c1956361abf164e9d13c7425e5,1981.0,F,MG
fd7a0126f9e69957b1ac9290c0705ef1dd37267f00f578ce81c4aa494870e9ff,1961.0,M,ES
46c14b600bfa6697c32fe26946d55bc89224d65a7ba6236891b2adba76194732,1952.0,M,SP
2b54a6b8469a075db209ce2ed593b806bd14eb050985bb974c6939944eaf3a0b,1971.0,M,DF
d6d1053baeb57dfb2dbe1ff6a06b15951baef112dfed2e6c8efdb8d6f893c8f5,1995.0,F,RS
260d19c34de5569552f88746651674d3c9a6994d7153bbf0d15cc933fe586c4e,1960.0,M,RJ
013f1f5a6c5467cf878096e56fe292b62f732df95e54d18fb725b45dc1c99748,1984.0,F,PR
0a338ff785dcdf39c3cf8bfcc5f23124fa2ecefdb4c5a61f4718f5760eaf011e,1972.0,F,RJ
062e1005174a0a887aaf1e7ba0add5e93d4a39f9180e19242d3807f65eb395c8,1981.0,M,SP
8778d30d8b06548ee8d062ed3ef3933e6cd167482fc90899f90097ee2917d118,1989.0,M,SC
c2f50d980e49d3095f93bdb19c0de63bd90b1ab2984c24c2aba8198addd35252,1979.0,M,MG
9a6034d69ceb96c298f94b6c3ba87a2262f03f724bd90a97e883eaa1758577b9,1994.0,F,AL
58c693e6073da2cd9782acf44e5198c78aaa93b01f1de5ab429df32415182d3f,1987.0,F,SP
dd5a733108110d095d2b0d32d9ad3a3e2fd749cb016a62be76c52bb058f6acc2,1974.0,F,RJ
017ade7760ddbc335ea66d599a5db03e52118d907bbe34639ec8eb2f823cb24a,1963.0,F,SP
267941d0c3a3481ace5aa586c7b5797a0b6a3c325285330404d2ef76152d6bdf,1995.0,F,PR
5acf6c6a7579c6a147f590a68e9e2ea040f40e87aeb2c565ccdd553d338f11f9,1960.0,M,PR
9141898d97edd1c486f75bdea3fef6aea6d676217189d546165cda2ffd1bbfa1,1985.0,F,SP
ef474904f24943d348c8a5b3ed64bcb459455b03317209a425b12572d82d0188,1990.0,F,PR
3dacc7003387fe263ffb2daa5ffeed163d1add993dd65e10a161c28cd3429c4d,1973.0,F,SP
2a34b1621ef59a11090e196bfc8952f8b3a4734c9ca92e9477c27f733291bdaa,1981.0,F,SP
e4bb9ff857002cb49c3237301fb0754306467f99366c83c8d31698f9a3afe37d,1984.0,F,RJ
5fbc5095ee30d5f110532f3acf509dead8ada643c1896ec3e4b2a6e8d46eb96b,1988.0,F,PR
777a72970652872930e13bd14097f48c8f6dca98bf08a7cffb64184783665781,1995.0,F,PE
a3bd48ab28b6b75ef381e284c7560b68fe5c95e912c647bf38d2609f380c4410,1997.0,M,RS
32d99e70067833c963c7293a08a602f12b5f00ac62bcfc7f36f5eb8e2646f5fe,1973.0,M,SP
228ca5ec070077cf7000cf5bf26c72c0148e9bf4e454e517241ef79d34a3f2de,1977.0,M,SP
270e8fff0e50ae0af133ba3364d5116b2548ea2ed8d9afc7d399c8f435aa3913,1986.0,M,RJ
5c6b50686c0c8f66aeb45a9fb7bbc49b2c204ed8b39f10e57fe7e79e08ee423d,1988.0,F,PE
e2ad69582f4d79cf037cac2e1ccb664656088659bff176d5eab66b3326b932b1,,NOT INFORMED,NOT INFORMED
cc11ee21cae9b61f8190af1608d787c31f04d0f9e19a2a565f400e8ba9deeefc,1953.0,M,RJ
06e415a20e507f66656e7c0acaf91aee70b644f3420dd21fd33f8f62efe30efe,1978.0,M,SP
71cdb8b645e08069972f6a4d4554bfcefe296c8dfca6fe2325fd6246aa2c5cf9,1990.0,M,CE
c7820e17f684bec74fb8625b4386259eb1b41b3e8009eae0f8ca59f6b0efccf8,1947.0,M,RJ
c5545caffee5b570b11ba2892af6e1feca040f0ffd6dfe28cb79c81f61aeb970,,NOT INFORMED,NOT INFORMED
8dfb4703946bbe4b8ebb3b412250eff0e13edfe339aa90d88630b2e49e94a9a1,1980.0,F,RJ
00897c4a27798f14e4e7dd71908b3f4b85f29d21a6197c9cef08a3421f383e0d,1983.0,F,SP
5900f94a3fad2869d5970faa80f6c87cdb343d02f0852b554d9af38b486724c6,1987.0,F,PB
d7d7c8e2a4db2fe82bcfd46a315641999dcebebec923069cbdaa03d20a42b18a,1977.0,M,SP
dcf089e9c3cfe860f9e63e4ddb24e2da583403cc1bc8724c9d1f834beafe08da,1978.0,F,SP
b25cc5294260edcf11d144c56a910a5b2a6134ba383b5fb79013898bbefc3130,1972.0,F,SP
078fc257c31fc4172276cba04237e8867ffed2e66dcdccd705bed3f174a2a5e9,1964.0,M,SP
07d5caae000c3b5ef0659086c01ff5a0f6714b4855b9b79150a2695ad800d6e7,1983.0,F,SP
db30dcbfe889b664444824ea5dd348da0c62b2c304037b4a909db52c0da33f7e,1978.0,F,MG
14a1055205e9ed993190467284ca8180861cafc27e444808e8149dbd83dd9b84,1987.0,F,RS
da52e7352ec512c7ea3affcb5ddb921b1ec4ef0ccbdd397c1176818cd41c2c21,1977.0,F,SP
754c503721c1355cde7534f953dd4430a2b6c7b7f1c071f6e477a560401d6c2b,1976.0,F,ES
0c164798fe4c66d39821d42c7d660ab0c63ee28cabac6d287dde54493b7a6cf4,1986.0,F,MS
026963f24ef0c85548a39dd35e968aeaa24cfdd9b0bc4dc77080d64c52fd7c31,1997.0,F,SP
b0e56a389efa89a786d2328bbe5c68f8ec16b23b916027e8bf2e36a940306361,1981.0,F,MG
37dd9aae22fdc9d9b168aced0d7bb8cde36528efd007b53671ce6363002720d0,1997.0,M,SP
a0fed894708da9007d310a9d8071855a3ec90699ccc3062a4b494e71d29d39e9,1990.0,F,SP
d04814e0cc5b3383751026df7f395d25745717c2e1edc88e3330956f191ad031,1976.0,F,MA
42d83baa4a17a398d09cb47367145035b1dea4d197bf94039bbfa3f50529e8dc,1998.0,F,SP
40e1e14ab142659e59b22109008c2ca053088d839efaa4e05e415522705c6c7f,1986.0,F,BA
7cc2646bfe13033f48e3a12379095c42fc306568c117167c2ae5ca1eab980b57,1979.0,M,MG
54ff0eed5155bfe3889de2075330450ed776b0cc9630fe3393ddefc5d3ebd37b,1979.0,F,SP
b2cc0168646b85a6e6c96297c0017914029f8e5c5d453943315faa0a548b76c9,1971.0,F,SP
8d28b036a2056e0a7b9bf7ceaa2a2a69af9ab09149159f5687122695b7ad3b80,1981.0,F,MG
744fb483cdc55942f4b9a338590fc400017cefd71a0dbf0eff08a54d1b54f7b0,1980.0,F,PR
b9c6eb8eac40448ba1207b4d5848e27d9aa1a690f7885427da0b075a10f332de,1995.0,M,SC
626e9e4a3407fac5c3f8af167cc578b792d54c947e2c8011b4332037c54bcd19,1981.0,F,SP
fa9856b8e7898acbd430ba4e2b584ba72978756ef4c6b6caeadda637e99b8df2,1996.0,M,BA
65947700f8403b9d8a81ff045865ac0dac4d1b139f18eabe127e375b9ff4ff6c,1976.0,M,DF
908e85dfe796ac7d13ba371836d158909a6afdd1d715c09127ab6e9b17bc436b,1987.0,M,DF
af252d22cb48cec577c9e771577a0eb32d10c1c6f703a64d7a81c600b53ba1b3,1981.0,F,RS
a4f1c51a540a2a5e7242b6403d8a6bfd10235210f27c6c2d3244db0de60fb3da,1987.0,F,SP
465ef2a0a7e1a05d0f4d644acca251ca607ebc813329d1d5e6c2abd1361b485f,1961.0,F,SP
c892eb9aab74f9c7e562f73542635e30318963f25e89505acbfc233af80ddd49,1995.0,M,SP
2a72ae3959f042b9cb407da5880a1991ab410a3528a3f23d338699d007196e9e,1992.0,M,CE
d6d86028a1c6740aedd99154c4bb62ae459b40147caac6bc20d6671a1de64f28,1943.0,F,SP
df615c8d50cf69931b0793fff212063005dc8b72c79af74a3033115c95a47ce5,1990.0,M,RN
27bbf9faec4e49a58a0433c8f4072462e969891d7823cc43ce6822bf405210e5,1988.0,F,PE
17b135c329891048e5a66567b0ba805ae04234571d9f79496c2636891afc5670,1991.0,F,RJ
2e8e17d16422e483a5567d181e3efabea5376c5ae3b62bcdd427504fe8b552e2,1984.0,F,GO
18049842664565b4df039fe6b1842cb77fde0112b98e2c3bbdffab7786c95b61,1954.0,F,SP
2fd145ec34825108283434e44f56ce9c5e47746b79a7338dab4a6c58b49f902a,1982.0,F,RJ
754603d3ab0c951aa62ab9ccdba7b2627ef61cf6d090b664a90f854624ce629d,1994.0,F,GO
7556ad5318935a2251ce2a53b9eaeeb89f61a9ff82d4f0c89266b592ee34a87d,1985.0,F,SP
b469cdbabd57d68c2b5c16d8855753c706965c069a0be583772a233875b8be1e,1986.0,F,GO
ade0b9c83c1359d142bc369bddc12f016897844018dcf4e6ba8349e0fc64ebc6,1988.0,F,SC
1e096609fae1742f2bc3794ee90ef94de234c92da04c388c5fdba05cfa43f95a,1970.0,F,RO
0d47c0a0f3491f5b693e719607675139de5549f873d1205f0acfd607f07f7501,1971.0,F,RJ
cd1202b0f0c1e8835381a8d9f9779381375425a7e938f6c308a1e9d6581a1666,1963.0,F,SP
833bb7f99695112a534ee7df3d5240329e36ed759b80a0ce0078a15d45be882d,1948.0,M,RJ
5138f4a674cd519da58f5800c5941a2de4cce013a943432be1ca1dfb06149fe9,1974.0,M,MG
b240a3170bd96c1160ec323c6f4d7ae5b0b1ddb18b50bfa11b07b9693a4a1910,1988.0,F,SP
c73ab6a8f84dc8577132367c1f7bab2437012548f5b426ada95613166bd6541f,1996.0,M,SP
a979a09d16adf1339d27d4e466fbb21f040653a4e95a34a54b804ea41caf801e,1965.0,M,SP
c114869addb1bd5fdc83a9b8ce1971f766e4799d24b9579363f6e34608511c0d,1987.0,F,ES
9dab762fc8f87c860e29abd75267a9fcc068a7955b3c90adeb1e4ab6e697ec51,1996.0,F,SP
49ddaecf10e14d18bc0a9b048ba4bae6dfd8895f8fe6de92e7bff3e0d7259e72,,F,MG
4648279de31f3c0c7416e5e9fa3eb54f26f145c153d7bf6705bee58f44812ede,1992.0,M,MG
1a96644a4d15bf35eb044d241313ae66a46b76f35f47778ef8634978f126fe76,1984.0,F,SP
23fa2c5b21b6a957ccf241da78a9cd32833dfdd29f1b21fc720eb3b529c8873a,1961.0,F,RJ
f62f7056b058e79ca2f2c3bac7e5a52acdcd9a83983a008b03c7bed2ec46d5ca,1974.0,F,MG
bf907073ccd249a3f9d449d19910b6f5d9c9641bf960c050f75dd84a6b61190c,1985.0,F,SP
2edc6ff0fd72698b7fd87b4541261a8e562ee4b26bcf4ad5c82693ddbbea6f20,1968.0,F,SP
ca807146ffe0960d4a9350b1c3bdddc60673b112a9369d97f8a3adffe279357e,1979.0,F,SP
a77c1350ee63a4e40c39ee58ccc4c4ecc65821a73ef706f92bba4870e261b06d,1977.0,M,MG
42412643f24e95a0110918f9fb5c25a0bbe83980e440868d1f15dd0ad27ded57,1945.0,F,SP
0ba4ead2b8d8ce92ed26208a2181b493e8a0aa80f44818004481766c24803599,1970.0,F,SP
0f617564aa420cfcae636f93ff9bd195f6256b05fb1d4823ffd82f0331337b1e,1981.0,F,MG
fa12dfc3ca47043851dc24ebe5f470fd30a9b90e1274d71be9cda1334f314a28,1964.0,M,BA
81e4e21d504b63a451adc1a72c12e758fdbf2ddfba580a0e8fcdfdb878b4ccc5,1999.0,F,SP
105bf1ee033042edb9dc30429b8188cc15a82217f8214dc5cec4caf38e7bc344,1987.0,M,PB
f56af7467019a6a6793aa576ed539e8c2c4d0fd5f1b26ec47d49b22862c8b46f,1963.0,F,SP
607e6bebf230fffa5ce1c4cce77f5c852b5a9ae602a33c228e5ea635a8affeec,1995.0,M,SP
67fe3cc672b8e4a1ec8d97e3bf9b8d647ab06a153eab0a097a9d43329b9b7de3,1976.0,F,SP
e5c499706173830c5e0821df83567336ed4df942c885308db8e742bc64dbb218,1999.0,F,SP
47fd9f66e8cb30a49865b3abfea363cdb1e48a24bd6f1c9ff8c0b64b9359a4ee,1978.0,F,SP
771dde356575d392d7bd00cbcaaa66a72799a21d2cbf7bcb9ea48ee6f3b7a203,1986.0,F,SP
8507ec27eb914dcc7d81802ea694f764abd5ac40f83b948f88d411aee0c83b6e,1990.0,M,SP
269bd25cf435693e6d3d93fab414851f9a23180f1c3b2ce816fdaf13106f920c,1960.0,M,SP
b84883651031ba3bc208e40f8d76bf5da52ba4f5c8c4bf1cbac467a0c8131c5e,1986.0,F,PR
50cb0f512199d4f2631adf709c358a1e6d94784f9ef28ba22cbd68c1139f175c,1978.0,F,MS
818b111a5f06f5f8688b49a53fc3aad7ce2a6cd71ae73a739400f5fba86d2132,1982.0,F,SP
31c7f1c6cac9cf5f93b1524dc03629a0bba9559dc12d7114fc0192b4d61e5fe2,1991.0,M,BA
7f041522425a816cb05af5ff25961fa16cd12ba6454ee22c84e74a93b36ed474,1979.0,M,RS
90e01d0ad494fb66f0255e26bcae3ee5a0448bfcfd0b078925faf09b10e294c9,1939.0,M,RJ
0a8620da69bd651a0d2ba2094492d516a21f7046739fdb99a9cfff6c0d1c9636,1968.0,M,SP
35574e1f0390df07f1cc9101a3cabf9feb29bceb09bdb67ebfa5faff132979f8,1979.0,F,SP
bb3e399042bac5b2aae50f7f995d6e4dd31261d21d7454c40217b6a26e677866,1960.0,F,PA
5c876c23021b1b2018147305cc2eb872e82db5a6f74bcf226a80316ecbe6b2da,1966.0,F,MG
f4082bfdc87faffdba17eb2890ae878a62374676511a34c1510ae20d0ce8068f,1978.0,F,ES
ab5cf924452fba1f8efcfeac4ebe03a29be788771aa2134c011251e15c471265,1978.0,F,SP
a5038b2f4720e52af9583ad134ef8c7f7a61e8e7ddbf55264d92e0846525f2b4,,NOT INFORMED,NOT INFORMED
c49c59e48558fa4d88997aaad16b1d26d490fb4a6c27d4da3d136b3fb63acddb,1999.0,M,SP
32ed1a0c1573420aa73af4020a140f252001d5851c7d9bc696d7f22eee0714d2,1979.0,F,MG
c9ce480c7f6d6dc9b47e8ca62d6f85fb7dc82d3175cebb551a10d5c815776513,1972.0,F,RJ
7985219ad76a3e90aeb199992ed56be7a0d2a1dd5223c19bee301013989c191d,1981.0,F,RS
99e23fcbff7c2c5176a334e20a73d3b76ab9609e12e15b7bd7a29210e0804a9a,1962.0,F,RS
0e8ae0db62c5e2e28b2271a597a6a8a49d2ce5748faf5a425e3dc4d8c8cdf0a3,1984.0,F,SP
92fd188628d9f1d6c1093b9ddf3326dd1be0d3a2ec42c29a16fa788fd77be105,,NOT INFORMED,NOT INFORMED
0700ec5eabb21073038847ebfa60e4a3c879963e6df6348adfa75758f483f0d1,1983.0,M,PE
d5c3a5f7ecd6a662621b8609c7aa480b94ce1a86cef262af3165bbaa6c88928e,2001.0,F,MG
64cf6c5fd1311bb91be6d4571c7ca4f0e3a201499162af889396d9564ee8878c,1981.0,F,BA
4f2bb01d5333c8268c0fba726c48fbe9ed9d277cdb89679d7c954723cf1b974b,1979.0,M,RJ
51aacaf17b7246372e73d2cf04d3c23efc4e16ba153521881e95f0c50004ef05,2000.0,M,SP
5526b5e7db378c8a5b303f2965396bae91f29769fa076b1ba0c59fe5bf842aee,1991.0,F,MS
1f024bda9f2353765dd10b4c36568bfac112bca4ac70c8632c2f91f8ddf33441,1976.0,F,SP
bec0a6a8de6df8ef6d70d2722493024b3fea22c81b40dd867917e8244d0795f7,1986.0,F,BA
de41d6dde991807572bb716a990074e102f40df33cfb13c10ac31c4098041f2f,1990.0,F,MG
dc24e0df56c4581d3f7371ebde03871c3924a757243df2ee6575c49be8fd927c,1983.0,F,SC
6cc69434e62ff185e4ab168b69474c73605fb0f936e2b0e967d30c4199604449,1981.0,F,SP
5b3921345a91d101c456084df2626e57d58394589e2db320f09b033eb87134be,1991.0,F,BA
535df369f935eebf0589e60a042ba444d2659dcc5c9bc2d5ac32328dc646fb70,1985.0,F,SP
a22edf0f4d7e7a5a730f960be8dcc73d937a5dd12abe8531b26fa7ccec8acb49,1980.0,F,MG
6495b041ce268a606652cee15d8547701b9ec5a06c1df19d897f489f2ba0b9ae,1996.0,F,SP
fdfd8062e245928ea357f3eefcdb83ee768a8ea655b64bf1c8021b2f055ff861,1994.0,M,SP
06b3b677e6305a44cddc69022c5175b425e82cf469bd38292619b067cc95e126,1976.0,F,SP
674a4c2c4ef6d73b5966355d34b85634032eb7b8dc7f9edaf93416f2d4ae5fa4,1976.0,M,MG
483f4d743bd6fb5724f295e1ee3fd83e3338a2446a3d277968c95bdb8fb085fc,1996.0,F,SP
dfd7d947e9cad99d5b26a7ec6fec3b89c0dddcbfdf58787dc23900901ebdb2dc,1972.0,F,SC
05aa57ec12744771197ccaf04401e7b547b1130a7258472f240fdb33d46d8f7f,1992.0,F,SP
f62566ab73f895f7abfb892226318b2649fa9db949250eaa720f4f0da0e713d6,1996.0,M,GO
745843386de6d8e3aae03aeb007b97986c634cba6d63e0c220e5b3574df5521c,1993.0,M,RS
105b4a939dc1909786a6a7e99c0877fa068803415b222a8f76b7b4893e133d38,1964.0,F,RJ
20c7325f9dde6ff11434ee0ff62deb015b198662ae7b01846b2490d88916362d,,NOT INFORMED,NOT INFORMED
0711f8a7e22eaaffc384f74e6281dc83662198dc803256cb45307d7c2579f2d2,1981.0,F,SP
c83c544872729831d5a7a1b61af12066b0bc296e8b98d754bee030c9b84616dd,1954.0,M,RJ
ef447e85782289f337878c2a19fe5110d0e6ed32ec6d1d48b98053b404e20959,1982.0,M,SP
3e094a694377eb2340c0fdaa616b78fd90a74397c44fc9aab25bdfb8e4e73bfa,1987.0,F,SP
0dec3de6c040e017db1812352265eb7d6f7e3ee607fe831e083c2952fb36a21e,1996.0,F,SP
61057cb8ddf83f92991014d5e16b9ce567bc4aaa46ddb6ce912345d76e2dc22b,1965.0,F,RJ
462ee0917985af81e1141e17a41ca2b6fe0316897ef50e2691cb2aae638bd39a,1990.0,M,SP
2c140e72546c110db6118952b52814cf08be92c7dce58ad945830a60c5a0fa8c,1986.0,F,SP
b429536b4827557c4ccaecb7b21bbabe2965ca6a2035b9208e93f35aa4b10a1e,1970.0,F,RJ
6d35ba50f57b63efefd836079bf13a303eddebb6e3b48fc09ac4da023113395e,1965.0,M,MG
b625664eb44037378e53c18c3933a66d24eddb90469fb4b37e591343263622ca,1997.0,F,BA
5574b53573ddede27a514a1479caec684c7937acc574fe13cdafe96d8a2884af,1977.0,F,SP
c093d60dd660daa317f37065b33d57709389aabcf1eeb20c7cf8b58e896394d0,1973.0,M,SP
c3eb77bbf24ae73f622e578b9c42b56447330a5f62c53da47d7b63cf821bda8e,1967.0,F,SP
2b89ea1d087b1033c5fe7912fb28b428823b30ca8c42c53b26f283e10535370d,1983.0,M,RJ
32341762f0949801a71c14fc1e24ec83fff204b5cf571c24fdeb019fec8bc1a4,1975.0,F,SP
e429934164a6eb79c765886ec807dd24b1d1af2d9c28b5ae5d729a85bc304496,1981.0,F,MG
c5414d9cedece74dc6aa46a21eb5e987df7c3ae24cc0c13c91144cc6d81c6b48,1973.0,M,RS
24b94b84fd006e98f1ceb3740aaf939cea8ad136cb8c07f86d3569eebd0fcff9,1989.0,M,SP
c14330256a1f65ea21406dd080e53a93f9053c808bdde8bba5e4a0cec2a2918c,1965.0,F,SP
6955f1951725d53cb32cda0c9e33ba586f914205ac5d2c1904a81e80320ed9f9,1986.0,M,MG
90ba9ac2e7bcc2e4bd436bee2362b01e81a709a31bdb16d7797aa899014415e6,1989.0,M,BA
effc56102bdbe6095952e79534703ccd8c22e05fb22f6bcaa2a9e71302e0e1f9,1986.0,F,BA
05e072a80dccd1d28e335e57d3727690c8ca0755d13ecca519cb8529791408f9,1988.0,F,SP
60c057226f8c61a42bd6b02f3098cd399ddcb39e0e51b3f31fa0deb5a8c0ac00,1994.0,F,MG
1ccd5db39a999f90e54b16326f984a72bfff2793d0627b6aedbb93ee472d6d1b,1985.0,F,SP
c18a5e646f2d7f0fcacf6cdda7ff70eb5d2825800ddb7f1d5825cda116199f72,,F,MG
c48c6da36668aa0f247afb2c95e7cf2c16b2648bb38e5080a4ef07acce85ac06,1998.0,F,SP
84bf9e99c4d991194af8fc1c29c52eb5f067ed0aeda20ebd76a8ec6ed9efc3b9,1994.0,F,RJ
ec9ba090abbbfa16061a2ebf4c3d046c1b968ef918b0e5fe785dbe92b9d4c039,1982.0,M,GO
e19bd92cacfb09aa0e006d3b023ae980866f35954c4088218b6ec5b82dbfa5a8,1982.0,M,MG
322b807941bcd8eaed343cad2a4cbdec93801043a11152bbbe821af8ce97cc00,1977.0,F,PR
e82a37ae874a4ff48de3c5fa706ca660f87abc62cacf7f2f3e7ba9a64dc0b9ef,1994.0,F,PR
51b3505761148423022673203b31262cc050266a8830b10a6e975d8451814b3b,1993.0,F,MG
f81555366096a4011ce2872cd34bdfb9a3fb39f798626494f2c8e4482633146f,1981.0,M,ES
685f9b8057fb56d4ced2153a082f98d61a37fbd7b2b6b3340c3cbeb6d4ef2ab0,1971.0,M,SP
6955c0e79f3b165733f1921cb4a2dec70ad22efedf48678af4bc9aa89f3bb2b4,1979.0,M,PE
47963fe4bb41a3184f8e8913a59d770e02d4a5bf6be3d5a9ea1afaeef5625c51,1973.0,F,MG
f20cc6a634bcdbfe7cbc5d75e7b015e93322f1c677b883b1c1017d95cd42bc9b,1982.0,M,MG
cc2bdf6c183e80cd91727c5b7101f566da319167445a1cd9d5a185314a5c82c9,,NOT INFORMED,NOT INFORMED
91ccb4b013928f481fbdf21490889fad4e8a8f8913ae65fa0a672560e63aa1fd,1995.0,F,RS
c791b55ba6ac8fa97071a881621bb0aad4c2fef10de03844045500b1d890d579,1959.0,M,MG
43c416ab190f6df3eb3a65734f17e174e29467f91bb43694b95eef4acd320d8d,1995.0,M,RJ
7fdcab1eab0768ab10bdb070b8711a9681610f18d5bfe19bd4b51b9389bf38b6,1977.0,F,SP
4e65fcf45de093601762931e61b1c765a6f820d138bedb1adac6dc53480c1887,1988.0,F,AL
44ae0a67d468cc1c05dbc6b895b78c72790132a5e0517b82e00f219aa3e5a3d6,1997.0,F,SP
e664c8011968582f5f854cab833007386caf2bd770ba2e071eed25b06669e690,1972.0,F,SP
d6f07f8e64e0a2345246af61b681eb222fdcad9fd9355058ca0f440dc575f38b,1959.0,F,SP
5f602217767de089919ced0d3e302a01e61293581b3066ca994019fc9d69a5f8,1958.0,M,SP
95c12f70e59b91055122b129d4c11b8e3b12bcab9289e20524bbaa343424dc59,1995.0,F,SP
75d8693bafa077b27e791f5e8853b50ce031d6d0b27b635da6256b5e54cdd4c4,1976.0,M,SP
f27dcac4bbf75e181ee58ba7eef52419da3402b235eb132602ad0e8d39e18e93,1994.0,F,RS
93cde1a0a57c1f602aa38e7f2cdfbf11ec1c21603b15547e3be80158385e53fd,1989.0,F,SP
2704710688d9adab1d9e41d781982bb0d5d1c5137b5f7d4fa98323dfa3144bb3,1978.0,F,SP
72117e599f7b5319e4563b6d22690c047aedb2efa4c03fe953ffd34c9ceedcd4,1977.0,F,SP
42d2079beff2f641e8bdd58837d1fd13e69be9411dd1dec6cecc80dd8c06c2a2,1981.0,M,SP
b9f46161fb632f33c3d98db438e0f6eb44ef5200a0fbf2439b635afbb59faeaf,1986.0,F,SP
26a33904f6976c114a6adb7cdadc38171ce21fb8a693545fadf5cba2b5b76a35,1994.0,F,RJ
a9c019950ae485d97e7b7fb186290832c83fd3da68ad5e5d4978ae573c0b18be,1968.0,M,MG
64665eb5823a21efa429fe04794d5e2377ddc90808105775c3f763844ac01c4d,1990.0,F,SP
29a9486fd549c032a6b3e91475e3057b6d3111e012fa03a846d991146f8ea744,1992.0,F,SP
a6ff054491eda0b02865c38f6437500fc8445a86514a1fcf2ffbcfecfe463d21,1993.0,F,SP
c67d2abeecc5bb653da6d7a61cd98d9f3d0472df4dae4666107b3ae64f0118e6,1966.0,F,ES
bd9f75d0b5dd297021e511850b440aa2213e18d759ba5f782bfbe5f88b540817,1960.0,F,SP
11b062e69e64fa2a6f232cc03d75eccacda17321a70d9a89aedd90506c728a73,1965.0,M,SP
9bd005397fd52805b2eb53234f2dcadaee2bcbde67f411239fdf82e4217706b9,1978.0,F,SP
4c58f6f7dc5150e7aa5df3b97d06ecd2efe75bab568ab5ff58e2db1467901f29,,F,SP
7f61c6ce4102cf5ffb1350647ab60aa4ad02e69443c9d7e99e045f6175ab7004,1988.0,F,SC
099640a6c98e8c84e6c56c5e54c5aaf6f6a46ce45924600bc09990ef478874af,1986.0,M,SP
c1289490b1c1683011cc62cefebc07ef7ef89e84d90a57360426bf443a5d65e9,1983.0,F,SP
5059d4dc6bcb27846f20054a9c03ef50385e1f38990b4fdca14561c104078ae4,1993.0,F,MG
a374be25c7a9a3609fa60af129a20e4d32da7ac95fb4fb38ad9e2204515570d7,1965.0,F,RS
cee8e153e0c39e31ecddbefd19819669e0b43fb006157a1ecfda2f59075d93a0,1964.0,F,SP
71dc7ad1a738d0f267933b768788be88edf5ae0ca4a379a9182361904729d87b,1976.0,M,MG
7e524f2b6af0efdb029cad17e29d449490a4222cdc49f2d499e12a577a05527c,1981.0,F,SP
8d8bbaa8933591bcbc3753122dd739e5ed5e0d71d97935e9d2867d0e7dda364a,1959.0,M,RJ
71fbef64d5a97494cbb1648c0877bdd4de5ca7991529088da6727685abf84f65,1975.0,F,RJ
6ed38032286333a3a342d92b77a169726575b1cede0783a8a41ce8bee6c16dc6,1981.0,F,SP
43085bf167b9f84856e8eed2062d469f767fe4e5fb54ab3ff1e783261cc3177a,1998.0,F,SP
7d9b09611c4917269e03480965fbf1917b28ca89e1a0b228b82c707057879530,1980.0,M,GO
c719595498b54013cf7d5e4c0ccf5440fc87f7235a549c8c8a13724fce11b5e4,1967.0,F,SP
faf5cbc7f68cb752c248a1fb66a4983d36585d05d9ecf1caccf3ba9f6fde254d,1987.0,M,SP
89dc5990286070778b901ce24376681503f74aa3683a8e0d27cf2137a32d33db,1978.0,M,SP
8fc4f800a71f53c98e630967802133d9fa65e7dbd71143d5ab6beed742d79be9,1967.0,F,RS
0adf2540d0e579d73ab679ac96d7a609dbf8f89a1af99d3a18b6e064edf0f8e5,1963.0,F,RJ
09b068b9d63c894ee333df063804e984cb761d2bbe3cfd389019060cd8fa43a4,1988.0,M,CE
b48271f3c3063ffe4585400ba80b81f864983ea2fefae17931416e3260232687,1956.0,F,SP
cf45509d470489e6dcc925cc3c4de592eca6cf08d3cf78e0be6724dcba9d3e5c,1990.0,F,ES
0b626e54a95b3e95b79fbecadfd73437908e80085e1c314efaede6425246e19d,1982.0,F,RJ
b20266e12e0e3a28e0a103f3de611c0306db034c74f35de0c6e3c955f2c02282,1997.0,F,RJ
7b53d6eb7a7a40f3698b2a27a2023ec9d685515edd97779c63a2a0f10d94f219,1965.0,F,SP
d7632599318ea218cc53b2d130b1133342dd8b43e8f4d82139cc2094414ac389,1972.0,M,SP
766507f7fac5b4747b095c3b39b5bc4518364d19889c6291a9480141f63a2679,1985.0,M,MG
5b39665afb46028f9de7ee692e81240c3cf6b071f90e15e8de9757bf43402b2f,1989.0,F,DF
68900619aa9795ebe21bdf3b43b66f9263385687908b4e882e9d0d1ff998d0f8,1990.0,F,SP
1a37995ae4bfffaafb3258c822fdb5d4dcbc95bd5c1b18e7ba5f33ebb35ef561,1992.0,M,MG
1a11081ca10917eda4abc7c995bf5d53efc0ee9c0d8d16a9745a750dda163b17,1983.0,F,MG
c2fee04e534cd84ab573b516d3385294a8d491cfa59c9b4b755a111ccfbb1acf,1984.0,F,RJ
d2b20cbfc1739e3a936a104dfb6e4322a50e2ce1919da073d0e35df6aa47b539,,NOT INFORMED,NOT INFORMED
6ccc537778485c4b4c8c5d0ac31a2d01c5a5bf027e7317a3f4705206b91cdbad,1982.0,M,PE
61e98926ea58da3a2960fb151601f267ffbfa04dbdc31c251439d5bef968fbeb,,F,AL
0e7209b3425151886b8f99a3b01486508c42a63342dd86b18865a18d6eab4bce,1975.0,M,DF
a010d97651a2764818b9607ed225076ae9f9635a967e61b449b164c7f3e37ae6,1988.0,F,RS
0e30c9ac7893cf7c4d1b50c3bfdbb9a0bbc850d656d549b8d3876c425f3cc69a,1974.0,F,TO
6d990f611addc31f4103b80b49d7f5a6e21e965531a68ede2266da31001ffb9e,1983.0,F,SP
ed27a08220bf5639b59b91a779ecd88839e526e6dfa4a83707500ec8cfc98f8c,1999.0,F,MG
9b923562e68329042c6a1b5291bb0ff2ba81c6fdb0467057dfa22b623a7874cc,1983.0,F,MG
99722b801a899dfb4e945712a85a1eadb6acb15dd87967ca618c8c23ce232caa,1976.0,F,SP
fc749ee57506b909ccde5429d190de4a99fcdd926c8ecf288fb71f41b6c67bea,1949.0,F,CE
bb9e778c5673d528adf6370bb59be3089103bb087f671e4fb356842bb2b63217,1999.0,M,RS
9f88ec671602ed55926991f353a681843659a4da1eb134cfc0f046deb629a985,1959.0,F,RJ
dba208b3bd9ae3800e55660f5e3b2a79e0e1d25997fec85218785a032c401ec1,1995.0,F,PE
fb350a3ef598eed50a326e47ecdf17b734cfd77857a4f22916091166d3c80520,1994.0,F,MA
9b43639340dab512f3cae895aa98e21362237c48d1b6dfb6f3a044ee43e0c2ee,1936.0,M,SP
16a47b5cb2ead92951f43f2d863aee4872116b25fcb15c55a755ef7e8f89e754,1965.0,M,SP
80553616921fba087fed9908741142bac143d7b422872850ad66879dde75d0fa,1984.0,F,RJ
86bfe5e13beac505e2418cf3f58ce2c3eae7e380715536ee9d2ee297f2eaed91,1987.0,F,SC
d23895361b4c5e207906380f580e73eac6cccff6ec9f8e9d40fbe547e5514a72,1988.0,F,BA
26d008e4f14fbe1a9ba4001ff27ba7fcd31d7a10a421e11e91a8a179ffd2164a,1977.0,F,MG
3bf50fe76191ac872a6de68d9aeb5baf456e57b255887f8b2a6333e088d3b620,1985.0,F,PB
661fd0c73d57d0d3631d4a839cc12aa4d36dabc08f30a1c786f04340259df4a8,1985.0,M,MG
a4912148ab420bc6a0202348b01b5db7f30c8d88d622aa8f36a6e4a6255feee6,1985.0,F,MG
6f7cce00e2d34ecb3eed5294fccfc7b16eb6577eb09e0214f5aafebff05d135c,1993.0,F,BA
d5a2effdd3cb9ecf708114096fa615bdb1ebdbe43512015c2ed59655aad9bcee,,F,ES
596cbc40e7df55fcf647928a9bbffff438a6b6aa444571d5e8c0e9687d77f285,1981.0,F,SP
762c98f09b84d9d4467398be8b890436d8bbcd254bbefa8d89791f772b8d3f53,1993.0,M,PA
a1411a53543e12cc574eb8e87d8b92ba954accd72fe3bb4b4ee6769ddd03992a,1987.0,M,SP
093a97da1aad760c5943b51811474abfffc0f8d03abf569221728035fe03eeb1,1967.0,F,SP
e31debde5211bcf66956bc6bbeaef1905424b7663e3e340d8d80acd80484b77f,1981.0,F,RS
b8e2d00443df099bb863e5ea240fd61db9df7e239e15c0eb8025c4d7f318bd4d,1975.0,F,PR
ce46672835eba73a6de7b64727ec107b1399b54fac6de8275209d01dbc1ba415,1990.0,M,SC
61994959bef1be2e36aa92268ff89e45001755e4ef9e93415e187eea71977af1,1971.0,M,SP
5de45d25039fe5202de523005020788419ad898a787fda402995eae8ea4784dc,1988.0,F,SP
cbbe9cf815d6eea0eb4de321aca8e732636882a1f8fc10063db0ba8cb8c5268f,1974.0,F,SP
f26024289fbb87ad246490c8ca3c46ebd3d6345e21c3c19ec43450c48d1c45c3,1982.0,M,MG
6d0b962d664970843c1a2a10c4e5b977046d767b0a6ab35b1fcc504c17943318,1953.0,M,MG
29f1b28054a666fbab625137e50c35ad9b75d1d97d2abb7f78f51a9b6a3fec5a,,M,SP
1a3cc6f23189883e2f6b2f7a79089708005e6d89f8728b76be55e2a0606db50c,1982.0,M,RJ
ba787b356458e87ab51688ba1857f5026c884bae2e3dfa1caf52733c78ffa778,1968.0,M,SC
f98b08268465b4ceec8245e05dc82052eea1c8ba272f90a4f24c8b2f405d86c6,,NOT INFORMED,NOT INFORMED
80e9050e8af042d7c188b3c478d01fc0cb769fc6c0cd5552f059df11dfa1b8e0,1986.0,M,GO
af67afc215fd69cbd174d7a012021f7a457be2062854805b80c170bbb912da39,1984.0,F,SP
d85f0af811f8221927cf88554c2d793252646f8ff485c999750f3993a9ff64ca,1977.0,F,PR
43cc7ad1d065a1d80194611f636ed47ed133241c63a00512017a83dbc03ce1f8,1983.0,F,SP
3b9a3e315aba7c594790e70eaf906c5a645273e877bc396696f8c9c337bd4fc6,1991.0,F,MG
9525e9cf7d7ce1c84f1090e188add704a096550a3532d1275fdefd1ac440bb75,1999.0,F,RS
f02f66e143a61cfb78cede7de73f3a3dd8a1d4a0b148199a8efcb4532817990c,1985.0,F,RN
48cb7f282aa38895bc7077f9d1a82a20860e48307a34c0e41c677ae76115526e,1978.0,F,MG
9df17078a1760054bcea1ec626d47e2b24ac3c8f155a7fdee8f3ef68040863b6,1991.0,M,SE
7c5814e751564786351e56ca4e0ab9e03fc92687e156e56e538864576745e9ad,1982.0,F,MG
2a3c133e0aba2930236c71d14d80098b3eb47e4fbb884f1a7850452434315663,1950.0,M,SP
473fc965e8a514b9afb8bcb7292c7d1b86bc4142f39ab1ab4eff82a0115be6d5,1991.0,F,MG
c296c91d2a33ccb8f166fe48400f6bbb917c33891ea9e25ca6649e5a838e7d8c,1986.0,F,SP
282d95e7b8af6b5ded9d23f871ae8472c6d5cd3aed9be82d3636063a746fc4a8,1980.0,M,PR
b0a68e3570d2af5a27ba40feb88a0b3e461253e52a51446cf1d0b53b719d4f05,1989.0,M,SP
2ffb6f30ac6b5040f802053465945791d32d3ee9ed22d99438b947f090fc03b6,1969.0,M,SP
ce77600ce97416e707ecad398248294eb0cb6e88215675be84f97b52665130e7,1958.0,F,RS
5069b53c687e3ae7e04a504dda1f83cb93b865694cf0d5a2df347c987ab20ad8,1980.0,F,SP
e2d946368eed0e161e631282a92810b8c57a3adad3037c3b09dad30e67384e33,1988.0,F,SP
9fcb4231715914fce4bfa61167a6e20675faf3847a4a2b519bb29aa732c240ae,1955.0,F,PB
d1c525960fe87bdfe3a7f135efed7b003eb2fe26f4f2faea902ae8c320365c6d,1981.0,M,CE
1046f9305c5d37528831362b3dc2bf5a9745e7c757df3b2ab9bbab0688a9e5ce,1989.0,M,SP
2c974481fbd4191ee75da3cbaec75bfc56b86f34b8e9b08a6d040e113180205b,1970.0,M,RJ
f2bf2107bdfac2e508be93e8bb132c43bbafa107956e921205d224063296f83c,1996.0,F,SP
9dd274e43c2c4482d823c33423c8754868aa94830b3077a95bfd01b1c1518c40,1989.0,F,MG
04f98e7e33d714d41cf3bce29760b1cc5d7315a68f127e624b62e57e8c8d56d1,1981.0,F,SP
411930cb8e291261eaf817dd22d96236fb903ceefe06d4144e18c9d4767c65e4,1991.0,M,SP
1175a060faa14e4894bb289a9808ca7f79e9f6da8bbb0bb766bfc885ca33c5b8,1971.0,F,SP
6d0502bcb36cdee69111203d8d9d7e23dccd3e9f7693c2715086c50e3edd19bc,1994.0,M,PR
e1d13ce9bc92882fda4f398d535e3098a856379555c5b371dea83d6418e25a85,1989.0,F,SP
ee84bfc0233e82558bdfd73df803e4197abbaa28842e785ab12f8ac4a7c64cdd,1969.0,F,SP
fe8f422bc9830d8d85a595feb84544c087f7d5d5ab4b27e4fc91304878b2b3fe,1991.0,M,MG
55858ea533b8331b57fe2eb4107a71f9162bdca75e7a2be85f80b947bdefad0a,1980.0,F,PE
2d0cc1fb4dfb40f087a4308ca30260686247d20ab3cf22f0862f9e8a765c03ad,1949.0,F,MG
7919266edf5871dae499fba61757ba730c913cacc2e2ce393b193bc3ccb87b1a,1970.0,M,MG
6400970ae9f9e6e9d557f878a6c6d457a7c13018b5a5fbe111d9e6ba4a965d79,1984.0,F,SP
9b53b80e917f2820198b59dc102731bf17bf250cfcf484d70a5fbb5c1e04ae30,1975.0,M,SP
72e28e3dcae0515706bb7885b5a3de8056094ad7c025b89e9acd8b82ef25cbce,1977.0,M,SP
9c250ea1317ee76ee57fc1db1ae4cb520897e43f82afb887c6b90bd3ea7c5b79,1993.0,F,SP
a0b612940f0fe8dd7bb749b0f6b200c1c8c3eda653bf11c902bd910b9c19f83d,1987.0,F,MG
e6f52c317def51380f98895e60b6db0fe8d7f944dca12ec44419f8fe7efd7b07,1983.0,M,MG
98b1d03f194535556e3634256e96ada5072b9e0a07056aaf8633dd8ffcd72c4e,1975.0,M,SP
81f4bd622a2851f9b210c90585d480b36a78a06a8d96974fa159441b15ccbf68,1972.0,F,MG
9caebdccb4989424eb358a08004843c16d9520f3a21121bc8cd6ca17c6fcf590,,F,BA
234c8099f7bafe58863053b7ccb2859a29e3d04173318d5c6cf40d19503b18c7,1993.0,F,MG
b04cb870cc2516e099f98344fa173e74ff20ca82752e535cf473403ba2dc6607,1977.0,F,RJ
154a18714cdce4cbde10e2bcde7f60aba41054a9aa2c9ddbb4c8b72d040d4feb,1987.0,M,MG
da19c7bf7977b2ca123980a9b47d628e6671b4ad101d5e39beaaab1da0ca500b,1972.0,F,SC
8c791a07aa66e80661300d25cc803f2c57abdeca27f96b7f91959d0957dd437e,1961.0,F,SP
223d2b95a25978c7b823964628d765f132fbe0ea61dcc1feb2edc5ae6a97e0fa,1987.0,F,SC
d02ca473c124755fe1e4dce5aff82ac6ec1294594be559e72e6b155ff7d28370,1965.0,F,RJ
9cf8181505db0172fef1f6e07e7af31cbd0abd834e7f835d01eb702b792c3faa,1971.0,F,SP
edb6711d49cdb5f5764821d2c01a28e52e57654db8b8edf868e0bffd0d7212cc,1993.0,F,SP
a3864ac2f8fcb10066160c8b6d94d09f9ab827214fb7577d2d367a4e02cd3141,1986.0,F,BA
ae794984e140050869f57f9d4db5eae551c6285b1653480603ecb28cdb9e6fa4,1987.0,F,MG
bad31a7582282718dd079b0d89beee381917d7e7e85c8928cfe288e23d9c0285,1987.0,F,SP
c096cf220fb3bc1f40cdcd8e699b8d12c5bdb9aeb15ee6ff66e8379680eb40e0,1984.0,M,RS
a404da352e16b75c06331c6b482443a67d913f24c98d06b2ef7d50a5057e3d62,1985.0,M,CE
9e6e210d291fc86b83058bf61ef1ca23a643f74cadccc1c1cef6e1fa91221bd6,1984.0,F,ES
48720dc6d54700b456383dd7a1fa4ea931be2dfc283c8bb4f35a19efabd9bb7a,1964.0,F,RJ
062c2b96f61611c104944d5f49be6cc5ac88e0d18e653ccd9b6fd7ff7a468336,1986.0,F,PE
b0e8db7d50c75268ab1b68da4179c340944699d1d7a08115b939a4eb2cd5fef5,1965.0,F,SP
1d2df073d37d0fd44d1f85caf6d0750a324a60a9e0142f21750179ab01764d24,1995.0,F,MG
2e133fa32672959e40b101a05ebc6812e17db4b75aee6de0df248f1fe9574afb,1991.0,M,PR
96eba09e94bf5aa44fca73751135fb358d9de87a8b1b9d8769812f888c1aa58b,1983.0,F,GO
c85640d21f5a26c01595c232b4bf957cb7fdfd6e9556d0c0c640e054dc91428b,1981.0,M,RS
8f244a8f4b5f240d6c725a06e46badcd1bc8dbaca6516d9678a82f8b687521c7,1987.0,F,MG
688507e74ce331fdd5f03ec6d7805ecbc06eec1b6e1d95eda5cc687fb429e17c,1983.0,M,PE
659eb026eb626708263b8ccedb382e0f2ad29c84c1e070b88e168e3cd5b422a4,1985.0,F,SP
2870c0b2779e59c56e16db6b4daa412fad89c49ce57a9c6146db6e5d169d3c50,1975.0,M,RS
d5fd7f1ae57d09fbf46ad93c1f4e93d20979d7392d4df07f4bf2fef090e7bfe2,1950.0,M,SP
9a5edcf8d99e0c93c181b387be40edf67bed5a5b2cc3025f75baccae8c36eecc,1989.0,F,MG
b8ab0536b4acb85ec6d91bd165b850e57ba2eca8c4416b8f996b3c8a32f14b54,1994.0,F,SP
71c8ee16bf9a9135f1895cf3a64c5f40609304c226e5316cc9d5ad6a7340917a,1971.0,M,SP
8a463a0f89b548b9f0c6384a35b15c45800ed195a780710d7be26c7ea1b95967,1992.0,F,SP
1321e87cefe759163418424acf2152f4467d40aa7d99cc1a7b76ec37c14bba23,1992.0,M,MG
7c34e904940578522712dcf5fbda8ad227d5ceb9f9de6f2293eeb245b2577fe1,1957.0,M,SP
adedba7842d66ad54e3866afeedf9eb4d542001637616133a927f8c8e16a46ad,1980.0,F,SP
aa88d0cb96203ec01e8a4a9ba5762e8828414c40efb41fb67a81e5682a74a984,2001.0,F,PR
7e1073aa5d3b4e6cdcd2a82bd54b91eaadc0ba9876a741f11c81af386b3cd075,1963.0,F,SP
dec52715f91401b1bdd55848e57ac831f5dabfc18b666e949471b604d9e74143,1985.0,F,SP
70cf924ef28df4ca0e2c07bc23a5ac6aa2c534389eea2ab188feb0202058ffa1,1967.0,F,SP
09807674b8bd26c8f012db030045537a1cc173e355ba1566fb526226afacccda,1953.0,F,SP
6638560d82adb983ef1cac5a64167f1ea30bda9129d154c42c11343ae3a6baab,1959.0,M,SP
47e9d0ae318967da1ee37308e62ff394731a60d87d76426f7cae30aa5591db9c,1966.0,F,DF
d82a92c128c9d6222fba33c19fec51e4afb7459c6ed20b6ed53d22e4093eb704,1988.0,M,CE
25baa60b10099a149235b3eb8862272f0f828ee8156f785770a0c9f640f554a4,1961.0,F,RJ
dd526214defbfb83a22a5b291448b516fb0a82dc7ee6c8b1d789ee0434181120,1966.0,F,SP
0260d749ccac252c571bb4d0a41aaae817e9ca8b6570645e7d08db7d684e71ca,1981.0,F,RJ
fb63935da5622cdc632be6c0914014041aa0c5e0dd1deb63b8618e2f57256131,1989.0,M,TO
72fb9456c3421c52a527aeeb4fcd80a545bfb934e5aa4fcd5db4a353e3514622,1978.0,M,MG
8acf49409ee5915f30e59fb21928f1062f5da6b9fc3331e2abea69ba6495c172,1968.0,F,MG
4a56b821db9de6e3efbb855ac7c8ab6e6af66a7caed48f5506c161b45e381fe4,1989.0,F,RS
60d15fb2c2b1569aea1e706a4b6d306ff455e849b3238a3e2248321df219469c,1959.0,M,SP
bb0c29ed9710127f2a4a6c881519a6e0e09c7f93248fcf2574eec14ae98ce3e7,1987.0,F,SP
4bf39c8d43bf72853bb82aeb2b31515c942971194f44a9c6dde6808ea9f632e9,1985.0,F,RJ
bd0422945314c9927987f579b3ba1ee289e363c5badb9d27c57aeff77d96e886,,NOT INFORMED,NOT INFORMED
67ad3a044c68ed4f58861197da8a5b376698dbce5ca8bf9d71a6d0147ba1379b,1982.0,F,MG
925eed0cafd4a5474acf1511832ed4c3242ad00c1daa06f79ddfea9922a3eb08,1988.0,F,SP
b8ea0f2362c46caffbd487a041395b0810169a95042fde991f5c00abb473ff99,1951.0,M,SP
8e8fe7213f2511a9e5ba9285b142fc67141cb99a1e6f611bb41a6dd7bdfa8325,1977.0,M,SP
05ad72528195d0ae64c20633b322c45de4f23d20b5bc6f2f01193c60db3b51fb,1982.0,F,PE
12adcc6ca3037e4dc4f992573d84ed30e36b508f66d01900416c417dab14847a,1994.0,F,SP
4c9be58eced00ec57b333ba90d5a17d8bbf3c08b3cd6b46082f13f1d2f36e647,1992.0,F,CE
8fdfea7bacce56e9cbd779aafde328a0be70fca3ebf55500d717d3401c7f5991,1965.0,F,RS
7578b9345f3a4c00aafd8b8b50f1ae558785377f737652dd93dc9b11360ee6f2,1959.0,M,MG
73f10f0e58791a479054d0f3fe9d57dd61a7525872a8fa7ec91ab3ff588e2ccd,1988.0,F,SC
156e1e384dd37f5ff4197091aa77cc68e0d0b50dc1d76999e5411cc142f3e0c4,1986.0,F,SP
c1030fe99d52e960ff7a6e0cfa537b73dd696d79b94fb4695f7f721d8705c514,1993.0,F,RJ
a59fa2cf6e7095c14e659cf6eaf2f872aea36d9c9760a6b30ede45a9703365c3,1968.0,F,SP
aedff3bda39fb87feacae5d906f963da0ac0cbb91e7ff9dd5b2937fa7cf93791,1984.0,M,RJ
e2a15389a3c500e2ac4293512ca231e0ffef8a02fb312b759df880733daf091a,1995.0,M,RJ
064685b108d49f9ab942a25cf2535543a7a1035bc1b7c6d78e26ec1edebf9b9c,1973.0,F,SP
15bddb1d1097fb73468aab4ab92a37a1249cf5e6515cd17d465e4ae8fffc0321,,M,SC
5aaeb56a11f60a131265f9fba6238ff56be1146a06c8fcf03b883bbd22cf9ff5,1980.0,F,MG
3a0a84f7143458c9fef7aba3a5066267f468b58556c9175b171adec792986943,1960.0,M,SP
07e4a99727918564461185ab0f891cac96dbfb61dcaf6607aee226468246b247,1972.0,F,SP
409a87c134f5ece77c06c9437ec0051863ecdc983e8f348f66b12f3d938c60e8,1979.0,F,SP
71b8e9d91e255d54d772426431bb261a2deb066f7f0830b3db48a14f43dff82a,1981.0,F,SP
0cdc3c14bba06bff18bca3758441fe23c2d97d7f3ec5864bbe252d1603b53f79,1980.0,F,MG
f5a7c27b6504d18a4b1969a3580183d794a9fc257800539d2bbafb5773d012c6,1974.0,F,MA
800d12974c0af7460e3efbd0b521bcb81fd392fd4f60f59fec89a4f3b462f290,1984.0,M,RJ
35390a2517cf2fdc5d96796c6234a78f799807d3fe866819a27c62f5e3d6d0b3,1989.0,F,SP
c07ea99cf24b8924cbd6fb385028cf32c032efe56da6cd79b40936d0e4ff3bf1,1982.0,M,BA
1ffa2ac34c1069e9030ce926909e055e8218c97316cc0dcae0c1d061168ed432,1975.0,F,RS
d8614ead6af984cf6bb616eb17a2cd4443db7493de5d88606aaa6ba2dfd77d0a,1988.0,F,PR
bdeddd7ddd6b0e511b9243995dea50f8343772a78eec67caa8820f49a35016bf,1954.0,M,RJ
bd87364f379d47c8cf7f04d429ff7207e056d01a0f9c9b7ce7cc8e3b703579fc,1992.0,F,RJ
5546aaa25d7cd4317210b91c887c7841c215d19d164d0a8c8d4257b6f5cbc4a8,1982.0,F,SP
29e5c4ae0d150334dc26e3b9c00eee6c8e8a66574cf1f77aed67c20503920549,1990.0,M,RJ
01fb19fd4317ceb931ef09545dc2c0937b9e84ad1b0ef61d86f1b5ef7048d030,1991.0,F,MT
74c94b3bdecd3197633f64336393f20ed5312677275d92d9fcb9d317e0b2cb2f,1983.0,F,MG
33f476ecdfe485c7e86267c4fdc9ef979e6374043cc744688ace5af6f9699523,1994.0,M,RJ
bb39715a71dbdd770fd7c47eaf99232a7833aeecbb10821b185876b0e5324fea,1952.0,M,RJ
4498262799ad2d60fd58281054efef659d17bb4ae1e1ea90f7528dfa1306c840,1995.0,F,ES
b08c8f3fe0e5a2238dc2dea680c0df6e409857e4fcb650fc42277c19648456ff,1995.0,M,PI
324f3cbb6a3185cd99902ebbf792254c4ea7d2b9bdd53c5320ebe4ab02bbcc40,1980.0,M,SP
848fecd886cd5ca5d03c5361b943819fce491fa78e823a3bf8c1934eb20afe2d,1983.0,M,RJ
a9f3d34d1c9b93fafd6157ebc0a8ebbf5d008474c643e26ac2227a364f0e6ba7,1987.0,F,ES
767e0073f118daa257d9174ce3f01d71833556316114492c4f78f466a91d587f,1963.0,F,MG
bbde9fd2011af15162217eb1f5dafd4d6223c7351793974d0534cfe8b05fbd58,1992.0,F,SP
eb96c9100ab54ac41e831fdf1b54b405f4e9623a88debec7aa872b63e0bcf830,1985.0,M,RJ
c5482138169e1d7904f907a77eb5c6a8477cbdba4d8051208ad3b883b26f7705,1970.0,F,SP
dda73e0c551e34859da2aa748529ab949d50597c624891a0f03206ac9ebeb906,1966.0,F,RS
aa573e740fab7393ed7589ceb9c17ac01b27d7eecbb7aeadd53439960de9b568,1974.0,F,MG
7b6c4014d1068b56a7995df8b8ad6a0b2adad6c601855a75929cb40148d307b7,1972.0,F,MG
c85c605f14e7991db6b90acc48043953636bdc5a04f0a14edcf23041fdb96cf3,1983.0,F,RJ
3591efbc0fe768f10b96f412a1f90770aa21edb60c779ede7d4761b7a6331e92,1987.0,M,PR
5d63c7767f4876e8e46a97d5ffb9f644f16847b27e1d0ac9b516ee8c1429ce5d,1982.0,M,SP
6b0d138c2b8c22558564326b2e61522af0b77efabf6ca878bf02793b37cab564,1978.0,F,SE
a1e6054a7a592a71f46ec7fd3268b9811eabdff43d5a3f22d583b27741a06d95,1991.0,F,MG
f42823b6996d8d7da743fb97432d6dd72253b0175dea170f6f4c85715abbc73d,1986.0,F,CE
45341b1241d5fdb33d58e81a5268486ea9b8981c3ed6f63e188a72d40668a978,1992.0,M,RJ
679f4545a0a1f85b83503e534dea07aa14b0e74dcc9576eef269b0b9e4a509ed,1960.0,F,PR
6ae954ac60cf3e71abc7614df5829739121548f59e78eb43ebaac168f5f25d72,,NOT INFORMED,NOT INFORMED
5327ad1c6adff244f7b3c78128fe8e6dbf804076cbac0a5660fbc3ec2fd4ad49,1989.0,F,SP
6d26c739cd304ea52af7a671bc72fa664e3ba31e40b4549a7d0be9d6da6ebfcf,1986.0,M,RS
1f89b7e08282d150eab2c36429efdd1b5e2eb0da3eeed42596eac4583a6d5e6d,1969.0,M,SP
80cf8c82de412e5b650a56405fa47d025c5b34c2349533c868091a979f852e00,1997.0,F,SP
8437ea1ac140a4ca7854c9f51b37010d95df4ad52a84a386e85a8b4211bb2ee3,1988.0,F,SP
6fcc20fac0415e0fb62e83f60a2fb8a1e96ab3bf83003e989eef29f39c71ce08,1974.0,M,PE
f9beef077c734715bf86f719892af83c0e3df9be1989f3d5a2a87dc7c0e809b0,1962.0,F,RJ
2926484a98b66552dc29ac936cc6e75cd9b18937af428b92061636d8f64714a4,1974.0,F,DF
9de494ef8dbe37385d11636ec0193229730db4578a9a6f51be07f840ef02312b,1986.0,F,RJ
7196f014c108f1d8416f241b071fd605b0baa841c774f66d45fa0c9aff1c381e,1980.0,F,SP
770d5fe0889a0d017168c3a90f451dcc0950cc368d6486753747a2c8584c4f48,1991.0,M,RS
3d16e8298fbab4c0239fd09fbccc47d6d8883445a5537fde0db5fc92450bbcba,1993.0,F,SP
665bcb789b78f6abcc1d7f3cf75dff5c2accf000ad389373e35e1ffbb0b72fee,1982.0,M,RJ
8e64d9b6cd07065e245a1a1152a2df23f248caac93dff8e39178bdf3fde96f5d,1982.0,F,CE
3e70e59c004c886edf7ce11196fc175e76a95c4d303905f427eee16d58e81f9a,1985.0,F,SP
557e934b758f0dbb614c8eba69624b7af958914615cd10f3948a92f6bbfb525f,1971.0,F,SC
eeebb7137ad64f582547bea75a7df318b97451081f7ab3fc91c437e1b65aa256,1979.0,M,PR
7b2c062bff34409818db0dade0d3078537a43ecd0d557b2c3ee81239d52f0f9a,1970.0,F,MG
8c49cb1b6fb3d3a5a4f8e1d67ea200e6b6797a9f6a6dd04027ee4ea27a765131,1986.0,F,DF
077c99e3162aadf92d6ede1f310ccc9e1b287485f6b2068580e6c3df8762c62f,1987.0,F,MG
597ea6df741e2013f9a358f3e654f2343fc623303417fc246b80ff7156972b42,1989.0,F,PR
dc1a633a21a5793703ca11f935c0aa097deeea81e7a2ea3ddc7ab70d97713a6f,1996.0,F,PR
8f752de7034a14ac184cc8df4a30a11402db00d8294b7db9b8e884d8e275a719,1982.0,F,SP
80081fd3b0888aa5291324622a5efe7a8c06337cf15b921889b3995a5df3fc1b,1977.0,F,SP
8e06ed265f5c5f80be292b9af4d7db74042629fae3b432a33f2732c9e0fa2c35,1948.0,F,MG
3aee2de42f1f73bf5944d30931db9c0a3c514258506852908810244c7e09f208,,F,RJ
9bd893320111991b41f61200e8b1e33962b9e3efba9fa6febd9b3c4cb420ea6d,1979.0,F,SP
3a75c82ec3bd4c1ff694807d3ef70f88c94fcebdc09d7cd838891136d3685671,1991.0,F,SP
6f984a2792e69924a1abd9c63214aec861e65e1bb139879cb17ff194ede6b18c,1992.0,F,SP
475a3d189313779d3beab2bdc52e4883cdef509e0ba5cb086d3024c71d696160,1982.0,F,RJ
3b35d92ff431eaaa0304a34cf4cc573dce825edada165f8514b94808ebc4954b,1980.0,M,BA
2b85bdb92ced490ef705011e803c80206bc004a1a1a4e15d0dd758e088d4ec86,1992.0,F,SP
0364f7627b651f9ac8257d66f3172abd1b7024ec0de0c6e451ed064bd92aa4b9,1994.0,F,SP
6b0b57afcd96373125f507395760336ec6acbdc3a82ef5ec7aa27058bd8c13f5,1977.0,F,MG
a593ca912e0d38ac2a62eb4e531ca3c25aa9ec60fe28f01cd895d844131291e6,1992.0,F,RJ
9be0087eceebb1e5625b94b1a19396dbdeac91b2aa8dcad2483aab49a6a5abba,1978.0,F,MG
66fb18bfa8749e676c917daedc2518a5bcdb685c2e575456b3745ef5f7e6f311,1981.0,F,RS
23f94e609dd26b3de80536a071ffdfa57b32c74f5d480cc686e783d7c8153323,1964.0,M,RJ
11461c262b069fe27281b74971d2e7a3640fd8e06ee93444a4f18d09e5aad0c6,1986.0,M,MG
1e875bcd53873fc88bd96368daf1d99f59e1a90896a87d6e9e47f70ca84c690f,1963.0,M,SP
cac1c8de005211365ab3225bd35e2a9bb7993b03c548f1f2b1ce5b2832a4ab0c,1979.0,M,AL
703f3e7f5459ee9252d3efea0f73adc556fcabe06062aec9a67513f5b44437a0,1987.0,F,RJ
2cf477133c9d3e578be974e05fd49bee26117e8723e2df508632db32dbc5a7e4,1992.0,M,RJ
caf1bac548705cefda353c6ee7505e91568d607a181819b686fa6718a300bed0,1978.0,F,SP
8f0b1e8e085eed6b073f008f362f1922dc5d6fe8e14963b15889ca8bbd42a971,1975.0,F,MG
fbb36cfae9b77aad10007de628f1aeb60fc90db753d26e31afb8bd2e772ececb,1976.0,F,MG
54ffdc957cf012511b17434ef99e4c80167fc54fe11199f2694c3b8ed9f3aa4b,1982.0,M,SP
681de3a3a668ac8574e8071c5d15a74c539645c1eea98c5e1661591f44df2e67,1966.0,M,SP
6ec8e721f40f452fe468c722df5956d8b3cb93fdbc9619c48281dd4a7ca7c9f8,1993.0,M,MG
25a7863328783d553716e1a5b971a4e223e5dc7438ec26a104ee7c042da71c85,1975.0,F,RS
14b45c29668244f6d98a69522858659126dd5dece2fdbc33b2764482dbfb7eb7,1985.0,F,MG
ae1aa1657c002252f721cb5339e49c9aa85d9ae1170f3a76a7882ffc74876a42,1979.0,F,MG
7a9307a599803dfedcf4f9e71095af5b3a1d1a7a48e15fc3cb27c5302c5d6920,1988.0,M,RN
078a8ba22ca4a125d0c5244b20091ee97c5accbd4df285345bce52e973dff341,1976.0,F,MS
75986bf78b636be9b766fc5afe20cc75efdbb0140f47785aeb14fc100c9b4178,1993.0,M,RS
1d780d7dd511c2664e72a030e85766f022a70717518eede606d3c5dd106cec2d,1972.0,M,MG
63d70187e1b1c73f05aa30e906307d007223fe772fcaf9a5403475439eedf3bc,1981.0,M,ES
7157f1820112793cc48cf53a1dd6e5cef58c50b69e4887e47e9bc4f6bc7539d1,1981.0,F,SP
74c05e23dd443fd8e8451b797972f4326698edcdddad8957de7ac9f8c631bcf0,1953.0,F,SP
3b8eb2fd0db5ed423d875db23274a77ed8ddf976b60db5cf52e836ad37e8b5f0,1982.0,M,BA
d2d34cc50afe1b359c9f11cfb5f4d80f84f3c24cd25d59f4d678e9c2dae1ae2f,1983.0,F,PE
0c5bac888f74a2bb1eb1b413276fbfbcd43cf618d75b062db76f2bb7a9c12074,1992.0,F,SP
134e05f3c15e49adc941d1b57c0259b8eae31c086886a08e20dc4d9bdfa4e80a,1990.0,F,MG
78a230663d0453b915aeb9d7df233123359e90eb5bbd77be012a10396e1ebce4,1947.0,F,PA
623f7f5d5ff5c99c5f179a65f00557db91bccd0b6c7e08d1aee31ee4ab9a2992,1978.0,M,SP
21ee4bb6860f831a6ba8ac4e4a488aa02b7e709a5173af1cdd77e32d10f4a066,1971.0,F,GO
f13a2c523dd17ab044d7c47137a157d26c674e6ee2d92dd0903463384965c4c7,1997.0,F,RJ
1f0aaf9291139577a23a80496463df9963754f5d6e85ef97a4a2b2174b5cc34e,1980.0,F,MG
4d69011fa0ca5d1ac89d536e248c5e62db7a8fa07d66a10beb5561c0a6d24dfc,1975.0,F,RS
446e564fcef1f5afe499b407b59e5ccc43e51e3b449ac50f5d6b5cd67e73cc36,1978.0,F,SP
740f68df9199b7b1e32be54d9efc1b2811aeede30c5d671b2a3a48c1778c0468,1982.0,F,MG
f8399fc58e62bf4ed32c2d0c79021911dd6b6b5041514de76cbf0b49b2600e76,1962.0,F,RJ
1d72dc7e68243e3e5f27e9721d5f31b8fa0f907855c6fb072c4cbced6846be0c,1981.0,M,SP
2ae0f70b11645fd30ca55f8994925feeb05ad4919e7d44117d7ce84147de9e0b,1993.0,F,SP
8ad6c077d756ed92e2bba2d0cc731b4c95a44e4bb6cfbcf2d03a45586eaaa747,1959.0,F,SP
f369d9daff3f2abc191260fd325dee5c48bfe1a33ecb33033f7137be0bff73ef,1986.0,F,MG
c65e04c619fd7906888b31d182af5c6974d0c588e797c8ef9cb548bbcc666d28,1984.0,M,MG
19289a6ccb41005c3fa66d814703c4dcf295dbbce90223153bc3dd7ea7f8ba69,1990.0,M,SP
4cb800a7dc8235beae0debc95c24b0f0da1808ebf8f50a64ed5c57a2afcc4e2f,,NOT INFORMED,NOT INFORMED
ada55174b00eb1726d04663b3d9ffd0343e65cc39215c7fa24c080fed87073b1,1972.0,F,ES
fedb68ea4bad1e2a5c55667885b7cfa016114b6b10599c71257d722267f772af,1968.0,F,SP
8f8086c14773c99760b5656994ca9f1b8e05a5671c9c88a1fd1353b701d11278,1984.0,F,SP
6a7e9cea89e7162e83dfdab8ec1cdc705df67410e0c2bacf385e24477431eb24,1983.0,M,RJ
0dcdee6533f97f3f4abc5c8f0533a36ccf2ae79ee8dac026f4040a13bfe804fb,1962.0,F,MG
51742424bc2d7f1fb92e947d85a04a50cb38efa32ecb27ae7056cefbf742615c,2000.0,F,PE
ccc1296ce219c2f2a0f6665eb487f8f33809c97c771c1ae3b4529504793fcc26,1973.0,M,SP
e7c0e508253aada5811540c36c2322aa0514ce8433052e82c60066f05aca1155,1955.0,M,SP
09da6725135ebc62df22acf554cefe1a7186771dd4c851f31e3a7ef33ad058be,1965.0,F,MT
0dedc0dbfebc77c1b6c550d4aa8c3307f147eae9de76444fb6f799ee538dd198,1981.0,F,SP
f16eb623bda8569deeb0d501813885afe9c95a6d06795580696a96d5ac8e4ac7,1981.0,M,RJ
b324773c08936a931c0d7f07ad4ee27fab6ee7ffc7228129bc4a951e19e87d25,,NOT INFORMED,NOT INFORMED
57195be855107ce7f4ac89023f462cfe1347623530ff16cc9f42bec841a98964,1997.0,F,PA
be924fa5e09ba87a1ba8b15bd2e92c1ffc9dc7afefa996defe4fa892c63dd271,1988.0,M,AC
c696d64ae2df09feece944eafc9ba370f21e8dc205f63f56197f0fa08390102b,1981.0,F,AM
1d8bd0556a32efa094cbbd9f7292f8551a10d3cb7209564068f0d1bc496d70a6,1982.0,M,SP
bc7bdfc28ce13d72a947655eac1004af9451324975a40f25c0a83debfdf7d263,1972.0,M,RJ
b9a8513f6948ecbcb0f7eee93cd1d5d05046882ab8b68a990019b68947e0025c,1995.0,F,SP
f87a029e06b67e711b2497c3051139dc3838a2583387fcda39f831292cff1bea,1958.0,F,SP
4ca7d4a929f29cd65ce359f39e872682fd3c4004e9646c8f5c902eb943a5f8a7,1969.0,F,RJ
cd5502b8170625fcee71ad9176bd8f1a67eacbc3a86cc2847f85c6e060b384d4,1990.0,F,SP
6e9be5533ae8c0ad71e44af3267c56186d8e29711258efcf64fd0015932a93da,1985.0,F,MT
80091e8bb89a5a62a1308da41a391ccc894443bcb483cd2d55ff68b8e107b86d,1992.0,F,MG
c714e82c004bc6ae5d4ad8fcd87b9b81aace1ba359b9bdd1eff2dfedbded500b,1996.0,F,DF
115b23cc3ba0fb700b482e65e46b5d7a2addc05895e3a1ca81fdd80975728d96,1992.0,F,MG
50fd34c684410a75e21c170b8b1d8cd081b8b3655c517619c4a647d296fbc4e6,1959.0,F,SP
70d4c852955afac02bb59632741d2ec3478d437ffb708e2f59a247845897e66b,1972.0,M,BA
7f9c5142f853578c9eb65cbce8770747d01d9e4bd7006c04608dc7bd70c50f97,1974.0,M,BA
d533ffa96f074132c3fb5e8abbe042d369b7f6e859d5f378c6a52e7320010042,1995.0,F,SC
09365e7fa1f6ab27ead773911e0f089ee6bef4a5e57ac498980c295efbf5c24b,1985.0,M,PR
ab445c5d57cc939836926a4a09ba45a321798e9e17fe7082df5959a3805e59c5,1982.0,F,RJ
a4ab7a75ff9249e63aa238ed2bde413e60ff4a97032f4caf6523e3235be2a7f0,1994.0,F,RJ
2d01429f8b5fe28ca58a1e1577fc2d405b67880ce7d4712cc5bac88165938391,1990.0,F,RJ
a38106f18e285e8b69b0943a5b258b792326f171024af2cb0cea8d18fcbeeef7,1972.0,F,RS
6f5c0185c6d7efa718735584db29615b34ab0fd6ce618714d2c6c12b15491241,1988.0,F,RJ
b8ce04e55710769bb57f01ea9724ee60b14263dd3ea98d2264b21838a869a2fb,1999.0,F,SP
3edd082fd1f72765a75d9c33879cea2239c7e4a56ef11b8a5a577e24010cb08d,1985.0,M,PE
20887f938c46c831dc1a1b783bb130d07c6c575b097b7744806963ca356ddf1e,1979.0,F,MG
b64812d80d3d18c369992a585ccd28a8c1f5b4ad561777fd18c8655363c0469c,1995.0,F,RS
2ac5d8561003404de5957dd7b4180c762dffdac866760ba013bf754c6f9168e9,1988.0,F,DF
84eb7bbd9812beadeceeb4c96ef1acc27e3287cf04da3540bbb547ea0c644a3e,1977.0,M,SP
fa5fd1cbeee3a23bfca81810832818687e40094e944a99910922f836026b9467,1986.0,F,BA
9b4d5aba7425bf500b034adb70ff5245e77dcd8c3db38af6246caa0dd0bb7846,1972.0,F,SP
a185734dff1067945b3b0f60171e1740fb9d7698a7e212e114d033fbfd828d97,1979.0,F,MG
abad3e9550aa81d625c133a7f8d24b99729d81955b2b313d372eefc1873ecf3d,1983.0,M,SC
92042fe511b67d28bfdc3e715995ffee170aac40a82b2b30d3c7e6cd8fcd7e4b,1965.0,F,RJ
62f2a275b1b540f8281fdd3dbf9fa93e5faaa56538e0cc39c7dbbcb474bc5137,1995.0,M,SP
fdc7d7b0fcbe8e3a50c90e1954da87b476587b421d9d1550bccc4284423a9239,1970.0,M,RJ
61582ebd71e4259cdd2e1bd42718516bb503e139eb24d9cfbe72088362820d36,1982.0,F,RS
9cb8624a9c89ab2c01cfc97fd24d151f44fd653ab4386f83687e51f3e642d56c,1983.0,F,DF
0543642d8f1ff239c1ffc04f604e732637b5fe4e2f3650570b2131cba9979b3a,1995.0,M,SP
d3857e3ace78fcd9ef53de921e580905be0e6addb0ce7133a848f8426df6c337,1993.0,M,BA
d19ad15a113e39e32ee070960c506fbd4a99623011b3ad0933f4577cd8925352,1964.0,F,SP
79d521f9c94acdda6d8ce352b257214434bb5bab35ba1935dfbb4391b6a75a75,1970.0,M,MG
73df9443ff4e28d4c8fa276c2bd1da5197cf5be9897f927e889c0f64e981c4a1,1965.0,F,MG
16d995ffd34fddd31f9d4a01073d0e8fd79d8dbf9fe3db1ef8d281ba62cc572e,1967.0,M,SP
58223026c5b9e4b3eeb275457f7083821c0a6e6194c212d8685682cec16f0cfe,,F,BA
db88cfaf8fe9b729ae5a1357e15d28dd528dde9b70d6309018b8c5c57f7c1a31,1986.0,F,SP
fd12c9d396f1429c3da3ae8d10541cf0c8d110cf04d2ab753ba4c029b7a1074f,1992.0,M,RS
10d69111ca47d8a12a7710a66462efdbf57cd6d3169db25d5f8bac942ed1ac7f,1953.0,M,SP
a0ae08ffbe332c4ed57df11dbea5b57037bdc32d9fab3c428b1378ab38ff8675,1972.0,F,BA
8f1e71cddb944baaa5cae264f974e9c134de47f293ad582dd7cbb4fe1e987f02,1981.0,F,SP
4234715a0449ce831d42362285c42b3b49af35a7f005b41e23954d4e890712e3,1968.0,F,RS
0fb279df276e7207e597d938ea7f496bd3ebba1a662df0314fd3653763dd2139,1960.0,M,SP
f6a57f170a0b254bd637618c4f8fd6cf12a61721e85a77d4d62e4c84cf003258,1998.0,F,SP
060752ccad3417ca3db68debf994b1a468f52ac9a990e47ebc5566bc6797f482,1981.0,F,SP
e694e7b3cc2c4db1aeeecaae8ab99b14d841caf61d0c422123ad737023668ae1,,M,SP
aaee06c8b8ee980caa4bd4eb80d9f96105ab65b6adf03a823651771c18ceb303,1990.0,M,PR
9e0d33c7c2d49a7156b818d04d627d9009cfe60e0da72949e46f5a92fe012057,1960.0,F,RJ
8d6115687756ae2803f49ec7e3c4f512a2b964f8832945f9ce2fc946c807961d,1945.0,M,MG
2d68cba6c9a20f8da3cc7be6981a1ab78be137f0583ddf1925547b8866410357,1979.0,M,MA
4b0be1f01ddce88ed977a2c36bff7784d4e575ec1fd5385e467a867f3f7c8a94,1976.0,M,ES
48b53a6e2634ef61a1a3738bca597c8650651439de4f23a8de611ccdd0780a21,1967.0,M,SC
1f7da66115c0ef7cf8a9e9e44381f351b38afd4ce39457fa3192efeed859dfe9,1979.0,M,SP
6f5948d1739f8a322322ddbbc0b9cef09f15929e5b2b3b7b36a1edccd22114ec,1990.0,M,SP
ee0b7908493b0f4ef3e32f6596470966959518a7c624537a5313e222d4542a4b,1985.0,M,SP
26d0edbda74dc0a3bfd19696c80724c416c795544c5638be9d2d6f6366599db4,1982.0,F,DF
e2e843c574067d9139e4bf0ce804b844581d64a05e00add3f2f0f5f5717c4fe2,1972.0,F,SP
352552b3303c3555aabc2db6c59fedb7ec490edb8eb50c1a5b3de40f0d80f0f5,1996.0,F,DF
fa2bbf26f92a58810215cd30dab32462748b8f90012b3d3b72c5c66cea618a1d,1971.0,F,RN
1a3181b73001a0b2383fd141c52226cd05f124c8faf61ab63f887b53224eca72,1949.0,F,SP
64c240e0e272db54812adf82112d21fa847a61670edda830f8ec64eea3007e4f,1999.0,F,RJ
b03cbd3c6debe4e839b2457c50cf0b232a990f81cfc5c93d36d02dd84eeb3ed7,1977.0,F,RJ
08135eeb91da69f9d70492a9c4380c73f8cfff9de6512337424b1c716646fd00,1975.0,F,RJ
917cc4cf344ce3e1c6fcae76db2d77a5d84570199b7ef43c852ff7153bfa8a61,1982.0,F,SP
61cd5668d168b32083f4b977a57cbac462287b636d72adde758cfe8f2426ff54,1996.0,F,SP
5e5673763a673295100ed788bf2da3411fb674832bffbd2d091b91f215f72c99,1966.0,M,SP
f03551439fd6c035957d0a3d9d4794d7ef02186dc6d45c6cb7326a647bd93d94,1996.0,F,CE
2830b4d7b599a643a721164051f73aaa9727c37aefeba403373ccc3cb7f3e08d,1988.0,M,PR
084416789e8cc31f29a50ebe48359b17828d7ff919d1597fa31aa3f920c5d522,1985.0,F,SP
0128137895fed9a0398eb3622c8853ec63589fd35a236f0cf4940eeb0fa7158f,1997.0,M,SP
0655df898bf6696fe1a08c22049fbe5b6f0f79e3382cd2dc553091b0e8f74f96,1985.0,F,PR
4d1da33ac2bb2fb10cdb45a91276ad8096e7c648163d5e729e7992e3ab89809d,1969.0,F,SP
d5d88a618afb460c3fda8db4add86ff772731e110b7019c2a464565c27a1cb74,1984.0,F,DF
fd3ce60c0bb00687eb3d1e370ea6b5ce949cce1897eddbb4365c4ad2717bbea3,1991.0,M,SP
ed6362ed2b77bcc08f1b88dedc8cbad1e67049cff1b13b06f16eb576817495e0,1968.0,F,MA
70770b1eeb13bfe2a17e0b09eee47ea3d1b46d5594c82529ce6b6bbcf91d7f3e,1967.0,F,SP
0af137d5c80ef10c2f178b39db3e91b4e5d7bea00768564fa1263588eda5f585,1982.0,F,RS
97dcf05f37ecdd2ff32e7310e0e11ec4025f8630816180ba7f04f43b0c834a2f,,F,RJ
1356b27ab480b61496da384fccd665a6c0dccccb06b0b1cf1541108312fc1521,1984.0,F,SP
8b26c721daf5d9b5cc18f470d71427279c0a9a87ab96f83e774837b953e04a03,1985.0,M,SP
2b97e80885e540edbccb02f6bbf67d9fa8fca9d7261f4b986eb55c59e5f9bd15,1974.0,F,SP
c83361ab3a791cc85af5c84a9e7b970658640d84e847ce8edaef8bb717da53cb,1980.0,M,RJ
177131359c170b7d5d63c8cb83f6eba4744891f46a25b7e78886c379a2b8f8ea,1978.0,F,MG
8ccc823da852202645eba63a0f385ca24081dbda9de4796b8c6873224ed9227d,,NOT INFORMED,NOT INFORMED
4728af67c90c064f86665f44e5875d357ee325b30c8dc4ee1cfda296f96bd91c,1961.0,M,RJ
e7cd550d9d13d888277a0a989fcbb5fabe6d081977fe546be2df6cd604232d14,1963.0,F,RJ
c0ebe3fdef346dea6fb76f67ab06be9b1dda6085e974fe379535c1eb44d36cba,1959.0,F,SP
ddff1cccbe0bd041da58bd511c189f1187b84970ece52c7b1cc64438ccea1f06,1982.0,F,MG
78e3bf850fe7817148243c4e66c093e0248aecdbcecbf2a27cafd11ae6155b64,1985.0,M,SP
b7b4ff9729a4ddf3ee84a821a9550ef12632896ea924abbe99e899d97602cb24,1997.0,M,RS
3ebad833062825cfe808ff0960393ad8c5e89aa0b3fd7a355b09ff6da64bf1d8,1973.0,M,MG
df4bbc404c13893a2c2e64b717ad85976ab088dd05c27fc2222eafa663293cfb,,F,SP
73d7c7741041910f02c71170c23d6a5fcaab365ff19b0e7199103b76f402ed89,1972.0,F,RJ
299d4ac74c1c80e27a1039d40cf81b51abab7d998f81dd47cfcea7cf423fd6af,1988.0,F,PE
0be72010071f5c29ba172996d9bf40cd9f96599a40911464e093a38f349ec517,1998.0,F,SP
8fcdb38f981d06cb6f44bd51e03bc0f0c3fc629cf1492925f63f4562b7500ea0,1994.0,M,RN
d797b91037dd4a2f92fe47824844c093b624b76788140b381aea088ba11fd757,1953.0,F,SP
23a6c43c3a93050e3b8f55e9bf0ac3a7819c3c79de3a7e3b9c1679d5f6984b70,1955.0,M,ES
419ba8c9bc3381cc708e9fbd8c2c08585a663a1d436af6e8250ee63209c99a01,1984.0,F,RJ
83ed432a28703614220022dfd7943f7f2be2d90c3e10ec4fbc15edb53adc5ba3,1996.0,F,MG
0356808dc85279737d00776cd0521b6b637d95cc5b11c8fc482f370b295b1926,1977.0,F,SP
93e946d1a2415f11a362e5416eea932d36171efcb6d46a9f8b0023eea961fed0,1976.0,F,SP
8d1fc4242ef6230f21109e8b286282419a944e34a30a7c92ab55f1a86f8a2c75,1986.0,F,MG
b5f1dd2f8e8e29adf831d27b5016fc083f6e5628774583c98853ffab95fbd4ca,1989.0,M,AL
5fdaa12a9533b1ee0283e4af8a6af674fce117d1ebc562030ad27f34fece24e7,1971.0,F,RJ
0590ab7df023d3da551ff348f49846c65cd88478ec336b2a6304cb103d25c3db,1999.0,F,SC
f624a7f717f27e17495e9bd34745a0a4867c2b2933ed0ac6e340c01d9c12cb98,1974.0,M,RJ
ed5b5b84b78d32831de87b41036b92fa1232f7e5a05adff2dff3932611552b65,1970.0,F,SP
80dca81b00f38622347e7dac4cdd3d55de7fdb40347f7c1b567e8552c367c478,1983.0,F,MG
6d0d912e2ddf7dda9b8b9f50e6cf90afd96c2e022266941423d3647a9dfba679,1957.0,F,SP
86d56f8bb2617634101268e16d71aa299b57eb0f98ac94654800ffd3fb040f7b,1968.0,F,SP
2693378803d27f9981bffddd4df45c4b3a07957f8627f28920848464ab8bbcf2,1979.0,F,SP
0b0a299a14dbd50b08f8143c95a9675317b802bf4998bc0f599683a6d80ec8cc,1985.0,F,RS
bcc1e7a68b155ed9e713473966fe1e049d86a3d53d8bf0e3277e3ec5a191af80,1994.0,M,SP
43869b51a7067dd16a20d73889cc8e523a4ebe9d864db8798a3aa364c5f301ca,1997.0,F,SP
8210967df841d905486ed482cbb80a707d8c7a4e22955bcd24fc2623c704e625,1987.0,M,MA
b673aed8b803f132d7a771f615ce38998de376ca83cfdd422bfe54be3e2feaa0,1980.0,F,RJ
6b3e7bb066b3fba4e8bc4cf8a506a3bf94ad98672740210c58e42d221067ffda,1983.0,F,MG
9da60b1f19f5c9ed7ebe5220f87a91d4165b0980daf7f5d015cbb4c15512891b,1984.0,F,RS
496c94f681e4e7ff3b82b7ac43f3aa70b774c1914b882e0411cab663d8b737c9,1981.0,F,MG
1ddf2792d1aaccb386bb19b2c8c9ccf8a21669a4a78bba694dee018f9ae359bb,1973.0,F,RJ
831ea671ffc8159db64a11de5bfcd05f81e52822724c77a95ecc8654a1da5336,1965.0,M,SC
5798fa5b65ffa36e5a2d3d3b28ec4b4d400cfce75bf7b579ed830e6f7f80f31a,1957.0,F,SP
995526593f8e6af93aff9828b3a2f175d34759c8793684a8ad7515ffdcb409f4,1987.0,M,MG
dd82495c6c4df365a58c1488370c54c15cfefa1c821a1def406642984a5201eb,2001.0,F,SP
e7e61e05f25d92b01cd37b18c7c8142a14ce18b5f59d2a5663c70835b7ae5986,1985.0,F,PE
277453bc3c01417475a163b814d2378e4c33bf0172867fb67d39aa6c84b02dea,1980.0,F,SP
69e3261afae99e529c72be83af2fa1da36d4a0c98fe23987d22bed131c298005,1984.0,F,PE
0c1b3ec58c54cfc09d7ca8dbd0c42387b20709b6a40a49294a8c109a0d08c7b9,1975.0,F,SP
0b7ecfd0a5d3d47ff7a8b6d36e7a6c029beb9630ec67c5b8dfb90cad1f29faaa,1966.0,F,RJ
c7535cf00d6537d64ecd038b4c07dcbbe9c5df4eabb42c79bc4248b4cf109ef9,1978.0,F,MG
17e1eea0b8c7d007bbf4ba3b2d75ab15736aeb889992445829e5adf1a6021f8a,1979.0,F,RJ
ff16e39dd962ce5e60db9ca15caa033646158079bf63a1873f9b6b5ad703d227,,NOT INFORMED,NOT INFORMED
53d1019357456d8de12fee1c08e27ca1eee6aa1a030ec9b08c1489e376b32c5b,1975.0,M,SP
9b681b696c498a92d2dedbb52b479026832da8d065016c702063075c31d27501,1976.0,F,MG
db73c0301a3d5cf1fe46f8b8eabfa3c7c1b6e70e15090e2c94a53a2483939acf,1984.0,M,RJ
266473d074689e0101191a8d261b1cdbb38025d90f37a4cb7910a8fd6f29debc,1996.0,F,SP
6aaa526e5228ce38080d6b22280440a603421512522762cef808b8b8c2e300a2,1968.0,F,SP
be628bfaab0ce5a982794edd3b5a571d2beefe732afccaa035b082bfbb2ba4d5,1980.0,F,SP
7b2a58cdc8789ffa4964d39c902109cb0f5cd208dc419658c217cd7483b94f96,1989.0,F,SP
a9b56fcef2d089be059b957120cd0f96543fbca61856cdf0528d0d1cd841a738,1987.0,F,SP
43548fef3f6c4e8ce4aebfdaf6a308ad1890c7347138f39fae47d1b08a4d924a,,NOT INFORMED,NOT INFORMED
c392c77fab891e008e205c81543b88c66da7eac9358e3ef3ebf08bc6788d440b,1984.0,F,MG
74b2271402c50f13a69107e2677f69a84b4e75024669f267ff1fe7836fb86061,1979.0,F,SP
daba606d77484b358a1d936a61321554be2ebfafdb4ff34a4da681064e12771c,1994.0,M,SP
791812dd799716638fc62867bfc88151f742069d6f0ec9c4042a5f3c462fc711,1977.0,M,SP
4264b8762e36cefa271bd35e5078145631e38bdad232e00c6e86aa21bb3d1d19,,M,SP
1d6e9ff2d5442d2f214b226311ee0f2b14134caa875ae95dd8c25ad58190fc27,1984.0,M,PR
c3aca84e15d2dc3d70d8be8dd119136b8141b05471eda283c462d89a58a3e01d,1987.0,F,SP
e99140b88df9d0134d6b4760d01a1666af03c81308e76397eb7fa1ff70ba4b05,1976.0,F,PR
9c78262b9d317dc0f3d0111ffd07fcc707bf1ea7be766d5f8d35347dcedde9c6,1968.0,M,GO
5895376bfb9a92d8d633b69d5a6d573c57cdba415a8a3f6354ecf761eefd79ee,1998.0,M,MG
2b664c211b5eb92449f2714b03f28a34d66aa8b135349c2298b51bde2df722ff,1994.0,F,SP
9c18aed49eb35b94dce082679be5429c04a211cc7821632c7c0e3335070b3330,1953.0,F,RJ
dbad6f1e50ad77ef1b96859bfec00492083d44f2d40d1fa3499d0adc42d45d30,1983.0,M,PR
a016457605d039ba1381efb0af59c1d955e01a1ecdac4df5678e1c4753b9c9ba,1982.0,F,GO
7aad7ddec99cbecd24c327d3778ec0759af5a0306a37fd81cb1cfd49b745005f,1970.0,F,SP
79670e8b345d5e41c0344d796dce963921255671057f177c170e412cbd77b2db,1982.0,M,RJ
ee1f2b53a9bf0c2117d939aeab3edc01b66ec7c8ac3fdf65ad16b758643bf172,1960.0,F,SP
f0b7d09b30c33a82ef5a0b9c9a36530aab38c6ba5873afaa6a639b6fd3b41368,1989.0,F,PA
55adeda81c3715a8ea36cd93f67a7ee318e30673eb64e4a8d4d935999983bf7b,1977.0,M,SP
51e6f82cfe60bb8b44e428488bd594bb2cdefc8e6f3f06e01f368014b03ca656,1983.0,F,PE
e341f34285ea8db29b78f5eef2697590b3c95dcb13c7e3180435710397b3e31d,1961.0,M,DF
ca86e26c13d8e3d17979a11e6d5134054086dc28c1a8a1dc6e6051dad0fee207,1981.0,F,RJ
7a7a3d93ce99086df49d82142d11021605177adef81fcc4d1805511b96d42cf1,1989.0,F,SP
2bff1dd9779756f7a8d38f2f2bf822692389717d0fdddda6c5ff2859a30ea098,1983.0,F,MG
01c4f9c4075a39c88ac8669d3f36a759c15d7a0caf966278237c5ae1d637d5df,1970.0,F,SP
d7dd444a4d79f58bfd4bd1f0fa4dff13d079ec643b79e9004b732052d2673fca,1981.0,M,SP
af8a14f2935d7c77fc805c49a3b91cf19882335928e1ef5d59d86f5dc871c6bc,1996.0,F,PR
b712b82101c5176f4c82068ff90613f4cec273c2ab184d3d714ed17e04fb8771,1978.0,F,MT
7311f62e3deea36acbaae7781c8e10156f7b596059abf8a3fb571c92f3bfabd6,1964.0,M,SP
21835ce9f160352286052a087c0dfb65ef430c8cfbe87db361c744e6c246ece7,1962.0,M,SC
ee22e4221fe9e1e34586b4124fb0d066d9721cf8f4bd89c2a3b9d86102540b8d,1985.0,F,SP
9bcae6a882ebe7df827aa8125203eb710ce7b50cd9a423c34d704f380e641287,1978.0,F,RJ
2a794bea70a3b14435fea966a2ec8a6f3b97465a242aa6c9b4cb698aeaf3961b,1999.0,F,CE
cf52c61674becc0e2e6658a7cf6ffdbefdfa5853923b1532ab90e48baadbe7b7,1984.0,F,BA
cbf40bad343c17ccf568b5bc9476af6fa0bcda03224d13129bead9f108d02118,1989.0,M,SP
895821d8b6ca3aea98ede6bd4b09fc9980d57d4155083fd37b59ada82fa2c795,1964.0,F,SC
0e415ea35ffeec64fd27064b04dbc725bfaca1f61ca78fa789da626ef2dfbb57,1954.0,F,SP
b51d240d6c0e99b4910fc3ac2e8060594f2179511176eb8569f3fb1e26ef4189,1960.0,M,RJ
170e52f84b832b2c27d1a1178f407d2e6211f50ba20229665179eef5e16a0cb3,1984.0,F,SP
28c91f0091692c7537fb17c2204805e995f5a00f52ff155e44b3156243f82b6b,1968.0,F,MT
54710edf1f0f141b45d571197c971fa058b7c086d8764efca8e0f232522bfab2,1985.0,F,MT
ba99d5d8e04e01a293ef06dbbef214ec6a8f3273e3dc6db832b6c407ac24dac7,,F,MG
68d3da963a1b362cc5f4c9f64274555ca5da5228e795fed61c9521c2e1f4310e,1980.0,F,MG
88cdfdc96f270424df57b9392f9bc8b4221532305bfc5b0b65f9834f89b3c083,1988.0,M,SP
172967c9fd65232efe969b85708b7eb76a702e7312ce93eb9f5e7756e1d16569,1990.0,F,SP
68c07a3dae5130ca636a834de9f721bf3f157059e2e257ed1f7b84ae1d934252,1949.0,F,RJ
8f66e5ea517799451bd24d416e4928c92821592f970cbfb3feebca888b8fa378,1980.0,M,RS
bd6a0df62d9d77660f38faa4f380835c5148f7d5ed68fe8426af3f2602cbccf6,1969.0,M,SP
4b6eb105af9384102997e8dd9615f18f8b69d8435633d91f064e8988daade5f1,1981.0,F,SP
c172af48d4c7dc3ee40d53e0eeae274f0772834b9a118787ba1328ce58a54115,1968.0,F,PR
ca802d1947f740ed10a4a81e8726ebde9039177a39d24c88e4ee88cf9391a33f,1996.0,F,GO
3dc8e8915da4459946828f58b994d9f042d4ebe8b25d7d221bb6e70925870dc6,1989.0,M,MG
104e7ad8f2de601028393b90edc5e67f10115d6d690f4902766ec3b9a7c775c4,1983.0,M,PR
0f3d0115ba4634bf25e485ad2c8f242ddfa168db5ca7aac3f4151604d27b9cf4,1961.0,F,ES
00ab70556a14d68946e51be3a160534990e2552d6b9656e3eb72f96a637d55c9,1987.0,M,SP
d7352eb8185d3f73dd3ad49ed8d7855f928e1356f0297a6d2d79a34d778c0022,1988.0,M,MG
2cac706d29ff7a3d27bd949d584920449955d6fb96bade9f04a567597c7dff38,1982.0,F,RJ
febbdb31b995cfb952d40235f5854cfa30340e63ccd5ebfd91ad4c60fd792c87,1993.0,M,SP
159d02d63306d6bbcfd94f557cfa3f1c5176f63e192cd2316da1ee3db6675230,1979.0,M,SP
d05b722f8cf80801189cecd2f2cf64704cbd3cc5a83bdb72697b41ff8f65fecb,1997.0,F,SP
c9cc6dbf0961b738ceea9fdb7eb675ef2d6536658490e1d78d7d2013747abd9e,1973.0,F,MG
9ec791cd4732646a4b963a9c852335ddc7dbe6d86090bb183dc014f4ed1ad0db,1952.0,M,SP
0a1aed6d8d972d6076712e7015d9496eaab861e8bd14ba0e4c895c41f7f8a9a0,1978.0,F,MG
2699bd12510a17a46b0874cf2c29df27ef2b8b9f16446a3e66c929bb095ac271,1975.0,M,RJ
a1c442c1633e58d6384a43fafd0ebc7e817754fbab29a0cd46487699500a44cc,1972.0,M,MG
5c83e63017db69c8d4dbe9bc7b97d10776b88f7866813d32724b126aa63d0bf0,1986.0,F,MG
81f15075ee3185b14c11186e013092bbba51a879be8e20a2432f5e3a3c4127df,1963.0,F,BA
b0e2492aed0aacbd56d9949c5125f4be08bc38eb54ae76668627e4132ef57f99,1967.0,M,PE
9cb290e7305e895344905e4f17cfdfe4ff6caaa20f6abbc248a213523a094e77,1992.0,F,PR
502664aff63c18f8e43cb8f7f0770972014ccdd89771ec6a468ec605ba240595,1966.0,M,RJ
117c9796511d6b02582df5c483bf8e04cfafda1254ba3ab7ea06a50d90dd6420,1989.0,M,RJ
7cffc938d8da511db17c4827e209a0bf20dbc0a01c662f5c285f48c148ca1c6b,2000.0,F,SC
4e9f380d3f3a189d855f7fa7ec16119b4396f51e6829256d8c26bb050bc477fc,1976.0,F,SP
5c8a1255919c8e34a60ad8d6aa3a1440da770ff2fc4b2fabc329ba83e56e783a,1962.0,M,SP
7cc084e2d36aa7018d4aa7cf9bbf09171a42907ec5e13bdc84d319c7fc64fbcc,1961.0,F,RJ
14cb25935c3dbc84a0f234c9096d224384ca3a01c8f03c6b50ae602f6e0183d5,1970.0,F,SP
af1e30a536e19f7da542bb1aedbdfcc50baab3922b5167c7c412bae18bbbdcce,1973.0,F,RJ
988efba316ada30540428fe323d1cc239fc74b4e2a726b4ec0796df213c6c5ee,1990.0,F,PR
6e3b6e39837436579989485dd8caa235ca5748ddd86edd74558d45a03f7903da,1972.0,F,SP
088cb4fe1f5ed093ab8294674c41c8bb088b56c2341b4fb108c2a535a1c4e6e4,1990.0,M,MT
28f44c8ea9e00ac7cd853c3beb6c24e6fd3cef2c1df4b31a6d03c746845f249e,1974.0,M,SP
ea096db4f359915fd8a3d9d96aa18b117a447ce54542588920c7829c93257cf6,1990.0,M,SP
62a4198f41fa84fc8a69df7b2d0572d332b074b2e15ef713b13b8e7b722d77a1,1995.0,F,BA
67ee104c7cccfb04b442203a033d4623c10fc8f4de27e087ef35af458c089dbd,1957.0,M,SP
8248598f5b8d7bb1d4ada699db3d5e412d8f04103caf5e2b17bfeb7588c15a27,1997.0,F,RN
e387e3864281fb4e3e9c291e6b252c8827d9f9f51d0a7e00987545a1f1f9ae0a,1970.0,F,GO
92e64db4952456db9493a8acd2c8b614695842fb09ab9d765f3a17e59043098c,1985.0,M,BA
5cca5e5123db07ee423e58a83435ad19cf39b961bba28cfb61a25f335d2a3387,1985.0,F,SP
72998567290072f91b0d4d227cb06530c027b43ff3b018e77d8feba9372e269f,1970.0,F,RS
28b08a77c33e462e296a3e28ec260327ff039f0550c197085157bf7077a16347,,NOT INFORMED,NOT INFORMED
5578548adfaa6ad016f3bc6f6e591573763a93600a1a0463e43181a88e9fd020,1992.0,M,SP
718616881d30e5cc9b6931a4e0cc778e3bbaf1374094f912ac0dad81edd5ef83,1961.0,M,SP
93e0337ae998eef8618764349ff9990d540ee70c2c4006d319d271fea81ff8de,1991.0,F,RJ
2911a2e1a0a7e87f1b5897f77b7457579d33a2dc652c9c3f993e9d342d090419,1962.0,M,BA
a7b29cb07d010211e56803e6f789584c95f7b5f7b839b9d2cfcfa75403f4bd9a,1986.0,F,SP
6aea292ad7321c83b4a62866948b851f6c023cc1b53fe1a8bdc4e80f46bc6590,2000.0,M,SP
2c757c6b78d7938c5e1468080e0e8870775e8b10af56eb83f7eab7357d7eef48,1981.0,F,SP
b6479fc32e16dea081e7e4b2727131b39d6821b4cd9abdfb261a620040fd407e,1957.0,F,PR
3530c8d56386dfd6224db25900749335a9f85436cc9a182069d20a0d57b733a4,1993.0,F,PE
f5dd66395b0c33adf7f0723f44b81c855a454cc29e2489c660a3302b420e76e1,1965.0,M,SP
d7d83f4305fb56576e793b88a4d061045cb2ef1909d78cb1916035de14f6172f,1984.0,F,RJ
397c7650235e14aa8f03538b20649ca2ce5804a6d9f6efa721071c161b7c3b3e,1948.0,M,RJ
12c895e16c853d40eb0827999423d4f9e14d90720fad8b56af60682de854a1fd,1969.0,F,RJ
9dc97112bec89dfcf8d04897b7b9a918a179e366937393eec4b3e8db9b96037d,1957.0,M,SP
5b75fc6036625bab8cb066c1ee4229873b8f18fc48e57c1638edcbbf5f19b91e,1981.0,M,AL
3df4ed0cba90fbbc0aa690014a29f6dfd797f65578bd9ebb5cb1d2c4c15a9319,1992.0,M,SC
4c18440524c9025c2750c767907c34b0419faac141cdbb5f8f70c576040696ea,1987.0,F,PR
068b4c4dd1ee43010ec290715f6f40c6a8b921cf8c79b3f7e6b05bbc5729b4cd,1940.0,M,SP
dfed29ddff47e3600c1f43c40befd426d69146e3c655a5d675c2fe5d3dfc7377,1960.0,F,RJ
1de3e418207b79c9b551da82cbe918051fb3de2b4f5469bca922e523421d8906,1969.0,F,GO
0078f2abebd5b8c6c0fda57c712dcf306b3938490ef09def211dd3d52e3d36f4,1981.0,F,SP
78b013744a12122663e9fff6eb46f4aea756bd769ef61f416250fd7de19e2554,1960.0,M,SP
cef3e8396cff1f6e232160ffda3de0df564885eb4cea13cf618faf87334cc71b,1992.0,F,SP
e74bed63bf1c443ad9824d759e0dd3ab85c9bb9169ac109a9db867dd4c7878ef,1972.0,F,SP
0172899bd26f4d3d0407bea867e61ae5c6fb6e8b85781e4ee22cff0cf117f199,1984.0,M,SP
3fe285660443ee20c174562c8da8faabd0deeff1da4a2ec03d0a7c4ea734ba68,1996.0,F,PR
bdfeb43a085d5d965ac65a1601b361a7b154914af4bee4c5a4e57427fdcb6d56,1979.0,F,MG
2f69e45500063cd52f28ddfb95e6fbb467323423c9435a8122c96dcadd9c9bfb,1952.0,M,RJ
5d3c92c6923aefcfb5d4625fb4b4d069c55f0d0aa51a0c4b1f9574ef84749649,1986.0,F,BA
b26b7c76e10701a9a61bb6c5e98c067115ed19a49b991c87178332f650c9cfd6,1993.0,F,MA
577a1363cea7876740d9fce7d7799a521cb7552397336dbceca2802abe12baa1,1981.0,F,DF
a0826230edd962747d3728e26a46e821746c0733285a0a3710c56e084502cb0d,1995.0,F,MG
169aea833b02677f02c319a52d1ea2e1c1a5f618ed51c798b6cf2118564d119d,1995.0,F,PI
f4888e303bb8da73db3552fb55f35d4b072b954d61186c3f4d3fc8bcb0ec2fc7,1989.0,M,MG
37bfce0ea40c55e463baf9cd967ee0e1415ad929908081b4081c24154019206f,1989.0,F,SP
58f6ee06ae95a23383b5d834d53485d975ab5c5f835ba5f8058209cd5da08bbd,1974.0,F,GO
b4e536f29fa84f807f4790aa63a313f98322b8554d9712c281594a17d2274f64,1998.0,M,RJ
50406013b14bd27d468dda1d755b2a59f8afd5ade25c99f1f6becaa73c016823,1996.0,F,RJ
798c494b7efb7a9f300a5b35f8e6561ee32b039fc2bc246e732d9f49a9c3a3ae,1998.0,F,SP
e989382a83d196a5ca62d6b5dbcd105ba4020bfae83fb54aeb35c2271f658344,1983.0,M,SP
e6d6c7c0d7a8abdecc3e35701dd123fa99bde65fd108f9b47073503df3b7db47,1984.0,F,SP
e49594609a354b39dff0d9588000cbec4c4372b130d4a6f1bc7e4c4f2fee4f45,1996.0,M,BA
afb0ed5034af89dd27788c64154d135b8222ca12952a2239dd8301df672ce0f8,1976.0,F,SP
0b1cd2cf9c46e8a60db551717ef4b03bcb164b9be95bbd8611d633c0de023106,1979.0,F,DF
6ee2786ee6fbd7e16ca5cf99016bc2135b756927ea672806d0e3c8606503b9c4,1985.0,F,SP
497d073f0133525a4beadc65fbdc92230d62b28c46d3162698a4d74775d249cb,1990.0,F,PI
593659f3bbc1ff62e7dc77ef3f279373f6be2c940efa36de041edd43de55fa9d,1981.0,F,RS
b3077761ab8cca906766874aebfb2cba65a593864f9ae86cd6cd55429c19cba1,1993.0,F,MG
89c3de288fd00453c4da80b241d6965e23df457984b4284ea81a5eae34eecb86,1978.0,F,CE
69950827503fe8138629c1485c93c138051143614f6965f7ef8d7e3e5fa1ae10,1990.0,M,ES
8b5f5eb99368577e7e94300c2bda725ac59339d0099ff696e9769bf4b089a3b4,1992.0,F,MG
756356d567dc11a88f31728216d1b4bcdd749b1d9332af18df82efb7fe9e51e8,1997.0,F,SP
b4b85713cd2a9453fff4e15d903a91049cbeda47f14fa31747a29c01c96a8633,1955.0,F,SP
302471541103656c61c22c70fe96aaee1134a9fd487a5cc4458aad27d4a4fdd8,1996.0,F,MG
8c5d6df0b237ac1c6f5e09aaa33146aae035278763f23746feba0abb63f29996,1990.0,F,RS
e4e9237cb7e598ec6e7f32cf9734a3d4dc85b69b0cca78d4241c0295bca0859b,1977.0,M,ES
f65f747181ec2677c3e83e517affcda4c1c4d5143fd644e1fab551a625145dc0,1984.0,F,SP
29ea66c3d9973cd4d0066b98824dd8a961a01e5d12f98a189ae83fa6dbf4b2db,1974.0,F,PR
0fe242b3373a6af2ce69c99e49639baa86cdd32fb96d6619937c1b5e37dd756d,1985.0,M,SP
861596bee97db50380f0a558e82734fb199ac29f22d7c3ea2ee87f6eccceb1b8,1976.0,F,RJ
22dd40eedc6029e6e369983bdce5ab3e7c78910f151a571ff2cd3d2d9ee5bdff,1998.0,M,ES
2ed7d3d987529deb9085152995c0a08c1bbda1499393e98d4133fd5dff19b14a,1992.0,F,RJ
a7c49acec4213dbff0996cbb2853cb50943c7b95ff02837e94e59a664390c89d,1959.0,F,SP
c0c490edf33bb6679ce6a78d7726d6ef6be946ca3d4e9128b1629a9a015307e6,1985.0,F,RJ
ac243c491c31b6433d5da8251a1f794288d4f9a87e00cf3ad07a99bc86988ac1,1985.0,M,SP
65fd2b9d36a972d53ff9de6b9f8560e34b446523c485041c457e8edda4765e48,1980.0,F,SP
704030d79c630ace7e2e0dc32de90ba223b841b3fd86a4755b98bc0fc8ec38de,1997.0,F,RJ
a125e312eb2ead33242a7f5fa2bd99f8a8fa030922137e5818e25fbac13d5736,1994.0,M,SP
84b7b5ea662cc4c5ed13d3a8ea44681196291899293dec34d0bf1d22b9122fc7,1992.0,F,RJ
0e62ab8ff5efbb6b027cb61af1112ddce5ab31b95b712b254f9f558e44f13b8f,,NOT INFORMED,NOT INFORMED
0c07af91e87f7d104cccdf8b7d54048e96afdfb000ff40a08d8d956eb5ea0d76,1986.0,F,PE
3eeb0410e40b59ce9ce824bd81ea13fe0c45dd796bc15ab5b4ea1a8ad8f4691d,1973.0,M,MG
9e10168d8ee10c100e83d505ef0c0dddc95cb0bf5d4640cef751aad66c2dd194,1994.0,F,ES
74c6d540faefba12b858a18740d37f8f6cfa793c77c6c467b07c48d774943686,1975.0,M,SP
a19d0c47ebb200a22f3ddc0dfc45cf2ae8e4cf398bc46fe1c4f499fbb1dbbdd4,1977.0,M,RJ
0bc315ffc8e22b370a3fb49ec700c18699f9004fd0736f15546f2776ea463916,1984.0,F,ES
663067bfe84d63269eaf0b642077e1d45d6e3bb7982b9e6a4c1ffa88fd7c2377,1978.0,M,RS
86763230defb576477d5359a68c52fb83c7c969f829463ef63fe1a745ae7639b,1982.0,F,PE
16248ac1750cdc85b0e60eb69c235c20d9929e69ee44962fbfde0d8e84288eb6,1975.0,F,SP
7bac0fb0680dd7caa0fa411c71da4e0ae39a8a61181d219b22b5c72ff3d5e694,1971.0,F,BA
e2e3a2007116a5bb07edb8855c87b27b9ab03e71fca56535327d2111e2bd7b00,1998.0,M,GO
3fe1bec8d218322d1ce4d4c561a23d497a4d610a822ede357f5f865bf6ad12fd,1997.0,F,RJ
193fd947b558704acc9282c0a925ac1bedfd4654e4e0297986392eca2b5b9c6c,1978.0,F,SP
a949b391a2f3a84ce1c1ffea6cfdb4208cad8c441ca541e39f7efe3edb62c422,1988.0,F,SP
50d25d822b109ae63703dafeacb9a0c686f78c7c9c769b1b6561154087c106ff,1986.0,M,RJ
00fe4b84c06165a8236d83472f6f59cf5157716e1b34c865d52d23517c3ad92f,1956.0,M,RJ
af4c96880206eddcfcd0ab5bc8e1785a67e667db6c366cdd12cb5e0b52c50f60,1977.0,M,RJ
8edefe414bb4c737a9017db747623bae5dcb3ac5cb31048dceed4fa4645930e7,1960.0,F,RJ
7d31dc93e02cee24c4fd444470c67515d19a2c2515b35ddb9e318032c6fc6c44,1976.0,F,SP
91953ff63a050617538b7f80f1d3f37624518f3819fcfbe1d0c350d3eac64af9,1991.0,F,RS
85abdc8dc5ca87f687155fe9d3327c27b8e9d2e304c84c145cff965b3e2e2881,1981.0,F,MG
40ebf0c6d6c09944e431aa8bc0f2cd0060f7016f85f58883944b2e6dfde0f23a,1950.0,F,SP
6195bbee385da4c622dfcc988147b8a5840913f33d18af8bda314d29c04e18cb,1981.0,M,SP
bb242d9f657922a750770db0722620394f789d7385bc78e224fcd2218cbe12ec,1992.0,F,SC
b7bcd72d3f7c6674769e1bea04e00786a698dc6bafb4576ad55654ee2ad11ba0,1964.0,M,SP
8125a13cad8bee8692b3c59dc0f67b11199822539d728d7e43a05eb8eaba6379,1965.0,F,PR
f4f21d5e68fba5e3637a1b81a696ab944cc91e99c20362a2a398d94546dc1175,1974.0,F,SP
ed41e0693739db5238a523a9b966ac492c506b0fc78bd16d4996d56e5d1c4583,1993.0,F,SP
6f08677f59fb34614bf9d131efce4f475e584e0a4354febc4fccce4f63f8e504,1987.0,F,MG
a113a7ecf3ef58b58f558f91c5379d6f85320d574520bd3c5af3b18181c0bfb4,1998.0,F,SP
7dda2a76eb77e4a00d0babf190204bb22707a7c6ffe4b81f967ab4cc4389135f,,F,RS
2c716e2d9a943730c83408d4bbcd20504b0d2e587527540c572cbb013caf9970,1979.0,M,SP
2949116c46103d95ea29d8463243904b1ad649c9dabeaa3b027819f8fa697c51,1984.0,F,SP
7d94f0df9f1463ec10e8259e5206c9e3d9ac572ae100ef1a6a0a3cfa10f053ea,1988.0,F,MG
7dc31592b9aa269204f0d38720730f4d24dffa00421f1ba595c2a53c32fd4e28,1956.0,F,SC
1b3d1f18259a0725bc874b82343d9c2dd7d7f2d04515b75bfb398f221a405a82,,NOT INFORMED,NOT INFORMED
f18b5474cb96f36eec3b16f0246d4df9d9642776ad86e9a7679ec9a45a6912fb,1965.0,F,PR
669409cd328cfb2f8bb091a4e04ee9f1b8ff1696eb7ca12ecacb1dc1e7c79d4b,1971.0,F,SP
04b6767b2e46f0c43c7496061578f4f9668053055f61a300fb07ab9c47635d45,1977.0,F,DF
894d492061e2a04df0b890e0c933cb73b4c93630b1a99e4ff98e0a96f896c3a8,1973.0,F,RJ
503619d8ae0aa36fd676f5f7d2b3600c19c319a942b9809535dbdc485d391b44,1970.0,F,SP
3f1f314b4470c93262a8a90d1899e29774c4ec002b247fde34a2aee65c384daf,1983.0,M,SP
0383d4e2904d7ec6d5d43b0edb3e059b2af6dba567de7f873e6af1048248506e,1983.0,F,SP
4a6ffef5469c6f675b144382574142396bf1f1739687d74700b9b4ebb0e117fa,1995.0,F,SP
277176b77c07481dc3b8cd838e836b2560e8ccd6ac1a80efba75f93695989691,1990.0,F,SP
a12b393b72f9053b7fa0a45ba4d0660d7c0041fe59de27efb71b302c1a3fc50c,1962.0,M,SP
f45861fa26c06e2b5fb49cf2b6a698de1dbe99c20c9e1583a636e136e83d29ae,1974.0,F,BA
c70a1a7533b4731a0c55df4ccb93a7561779e871732778eb23ab97684aa4bc4a,1972.0,F,SP
1c7c5d9031b461b794f84be81eb0b54b7ac23500ed9d28c6284b7d4c78aa2346,1990.0,M,SP
fdee116db79540ab5a4abefae1a05f016573e5f48f00eadc55c6b68ed7fe5b17,1989.0,F,MG
f03cafbf0215c6dc43e6157df6d0cf06dbb14824e14350a22a2af73816041632,1973.0,F,RJ
42aa0078d89125bc07fc23d10d372289881e594a1faef40f7c2988ac3489dc57,1981.0,M,RS
970357689f42b85e4718324033fbdcdb3c82752049eb8e95390d1ac8ed53d8bc,1969.0,F,SP
366507ddb8966cbe2f124147b75a77ece0d388f07f9294b277e9ea246b118569,1983.0,F,SP
cee677855713941f28e39e5c4233cf0105645dc5fd997885008ff9505aec3c2d,1962.0,F,SP
76750cd2fff7f738dc8a2846e867af94feb1e4d5f4aaeb17ca36abbce3f4cd0f,1980.0,F,RS
eace43605a1d674fd5acd9c1be94465d3854f26bc2c7232df51b52e27f77b3a7,1983.0,M,RS
a65b7d8b22767e96ca2321691935486b977ca93a5266f4c07c7db7946202d539,1987.0,M,MG
a054569a98b5b83f8663318554909890bff0e105231275ebcd3d77e4a0feee14,1974.0,F,RJ
b2cd0001747f49879b86067014c00293b6b79589dcc83223a1f3c2d3f1ac9d4d,1974.0,F,RJ
5d38a6c30a4d8b63fb7d39b21093730aba55caa118c7581f2e82c5e73f93db45,1978.0,M,RJ
5a3efe34ccd804a6854255c0684b3d9d703019f7ab1e57245671d1ec4fd279e1,1973.0,F,RJ
b3bc6efe12e05dc43d5a929c4301fa219466b0938b52f13543e8427405adccd2,1983.0,F,MG
83154fdd3b4c25bca6e7c1bbe6a22451f32fb3e7ac14bf443af2418df50f4b08,1992.0,F,MG
8da6ebf4381dff7084f4499961eb1a756a89abadb5f1123c0de4a3cf1ec8ae9e,1965.0,M,SP
8e540350337fcd0485be4690f73b3c75d9397c44cc4acf56154ffbd0bfaed334,1979.0,F,SP
04f3a5478140973ce25dbcf1995ddef0c9f6a7d38c7cf0c2ed223c5300cc71ad,1973.0,F,SP
3a41a02f406d35bfcb14d6fe99bc406db7010ba8e6b7bf15f9221167c05cb2d8,1986.0,F,SP
b1d0713f895722a22cba00fa291708850eea134cf098f9598886f773a9856d52,1974.0,F,RJ
70a091355dad987e87513e48ab5655303950cfa2ff3792f301f0c492847e763e,1987.0,M,MG
b32947166be0658dd09679431eb65b7bfcf5592385a506bfe4cb5a242f42a115,1973.0,F,SP
885133c58624fa09b8bce1fe11cd537b03f9cc0984c210261d26b9518429c44a,1980.0,M,RS
e5e65a5e9e85ec19011968b0daf6f0356e0d8f67b2660c90f94f2dc0e298a8a4,1969.0,F,MG
edf89d777df2e27056d4f2137f0cfb627cc22b3f55a84d78616403d10d31b129,,F,DF
17681d8fcab2849f5a3ab6d79e34036215f59acfd51a68d6a12e98a0ada988e4,1983.0,F,MG
ce8d92c124f5762e5171f329794a282e636ce13a2bd8110467e0851135d0f406,1974.0,F,RJ
a361483a8decf1bdfd6282b7529fcb2bff54308ce378974b38d50838196455c0,1988.0,M,GO
e098a40daa1ef688d6ad639b6f9606a1f1699dd947c4576f791af61d31c9fbd6,1983.0,F,RS
65ead5a0d209b6b149468330afba2b25d2a62ce9e1b238bbd3c4f6dcd3a4d724,1984.0,F,RJ
a99a5456c94a099c72a842934b273705925c91c0258a8eeb02d662a1c2b9a307,1981.0,F,DF
0b245c75922852b55ee1e904d72a7388ec4bd303b404dd28893acce4aa0f02f3,1970.0,M,PR
46b3e0fd736a8f1856b1f58ce2d08188981f5a44228a099caa1413dfa0159a1c,1948.0,F,RS
2a0345a1ce3ff3dee48da2e4d5c3f0433bb8a9d1f8aaeeaae9542751072de8d9,1995.0,F,SC
b8660728e574c52cc03364d56baf638971340667a9a781961175df43a24883de,1992.0,F,GO
753975aaf3dae1fcee289658d6d870036cf7d9b7d51409ae57020dbd4efcb23a,1976.0,F,SP
e513614a962b302906234958c2a944a205566a2b1e522db298c360ded716a47c,1989.0,M,MG
7f7ff78cc0f622b7f981ea472e7f5d5df37f69db9220654060b610a3bf399c67,1989.0,F,RJ
649ab4c11bcf55a949c87877fb31bab3073faa8e788d80404171ba82ff769cac,1997.0,F,MG
e730faf42f79b577482d03ff06750588a62ad94f345ddbcc0038f2a8bda6c2c5,1996.0,F,RS
e80bc4b258ab3add3ef0954d7f6ffc140fbdfc4161b5a0e4239329a8dc7a2321,1987.0,F,SP
3e62ce61e6ba3d5c9e7c97dd7e09d7746c41b2817da4a1b2c1b0a965b07172f3,1994.0,M,PR
70a0b5cf629df0cec4eaa24226adefbf93a9a392234b24cdd62f33c0788aee55,1993.0,F,PR
c6187b492df4164bc4bf20d8d50444f97c2496749fbf9f35313dd1c1ceee239c,1983.0,F,RJ
cb98ec8f4c3667050da2a329412986cedb77b1657c8787b6518f05c1bfac26df,1992.0,F,RS
b87ffa9293c17dfda0fb92d452945962e2a0120e3b5d33406369de75fb8cdcf2,1995.0,F,MG
cf4f80b767140af74a8b52b27510b63256e1cce379163eeda9cef5110625e553,1986.0,F,SP
a23bef3ace2492818e8249efa3bd30d0609bb3a37caf9a1b5f3da6c33f2b2679,1960.0,F,RJ
5d08176d4a4e2c3602aeb9a5468faca064a20459ccb71848c792d004b8ee6f86,1968.0,F,PR
598e016dda88b0939b02abebffd4aedb1cd883d1882d38db5f3b13b168c4e67c,1970.0,M,DF
1bb1bbbc06501a672b320327bc81bc654282ff296af4a5944d2551c9c992fe3e,,F,RJ
5b3a063a260843b84575dcba1fb6bb403d73a15b42247600c88ff01c3ac12cf3,1975.0,M,SC
35c11b2d613061fe1ca887ff1434736719b23edc83e5dcd5edbf57d0d11ae835,1988.0,F,MG
a01a10f46c90bd40488cf7293fe285d6e17e51d891372d18517a3e8a188ac853,,F,RS
bcd875cc600e27b129c563aada3872c7cd5ac07bbdcafebf0711223be5220244,1977.0,M,SP
6cb5057de313a74896ebb241547a8ddc6ffe0aad998c4ddab6abb0be8480f4dc,1992.0,M,PR
44e2a969ad82633f351c0bfc88ff7eb04a80f68d0932e69349e393faa157f667,1988.0,F,BA
a24c80b8f98277ccce0052be308bf4825dbb7aacc6c1951c000007c88326b4c9,1989.0,F,MG
7d2299c4518a2302165f1e5e7409259a1ee7f80040a320ed6d1f52fb40856b39,1988.0,F,AL
22e4674734e2e7cad4ae2e55a2964fc7fed35631f1c3a4b8993e3706ca68d1cf,1999.0,M,SP
2b88e4f75d53772ba8fd49080eb9f9699feac3bdeba7eef34a782bce0adcbed7,1990.0,F,SP
61e31fcc2a7adf0caa0bf639f2fa569e1a8f5900028a816b8668d0ad96ba469c,1980.0,F,RJ
3120cbfb3b56518cabbe304ca4d9e530e44ce0c9639c94f0960429172e1f8f66,1954.0,F,DF
ca20e65f244d36a323a0363d50698f46d7afcf2efd887c5986a494d2bbf20aaa,1986.0,M,SP
0783c6d45b74f5cfcdb00a8b9ffd4bc255f349b0acc75871850599194323345f,1984.0,F,MG
cf1f15d58f61ddf9cb15b352653e33e5f490c968cd79278e6dbc988cd5c0dc0b,1959.0,F,PA
acc50cfbc99bc5464eb6806374642e82ae66238b2ab296a5fcd3443b5aaec6e2,1967.0,M,RJ
755f2ba862b078ccbcd058ea308666bbcd13d0bdbb93af23592db8ad777020ff,1983.0,F,TO
f9c8403e801c44059d36e0165564710bdbddfcd9944fba1d45c3dcc25e7219e7,1987.0,F,SP
df9c8f05b0e704c4e3d9b1af541fe3f56f1a4c94e605a980fa9b742fb0a99d52,1966.0,F,SP
247c141869e8321c88e5d33e044eee50245cf21b5121bd8e2f192b088780f9a4,1979.0,F,ES
2dbc1a4e481efeaca053ca65c5ab39ed60dbf959019f5504b3c627d7b1ecbc2f,1974.0,M,MG
1e2a910b0ec3350b96fc9994a4a566b22a7db09e38b843d163020cea2dbc10e8,1977.0,M,PR
c8e49af751b5e86e9bd88388cfdc9c63022fdf2e56b07bfa2b12fd5d2fbb1bb5,1992.0,F,SP
5b9e394b0376c51a007550679db7ed02bc92d11a18f6e222e018c35e12312d43,1986.0,F,PB
8d5221e1f2d22a6f374774202a0068abce7878c2f796c71113ed36539c5ace7a,1985.0,F,SP
d42a142bf4baa81758cc4347fa882a26989cac473270af0e6ee58f77309f1798,1959.0,F,SP
adc4dfba4d54aefa8bb495a56ec4e3f0c5567457eb4a1801345b032caa4e5c85,1986.0,F,SP
a7492b41e8c6df0a41e91466f3887d8afa397697d198da4be0a8044f08c4fabd,1987.0,M,MG
36d0e08a4dd151e58dcedde0719dc9df6892177f36e9d9cad75b9901c8eaa0ce,1994.0,M,RJ
cc38c0cd05909a3f06a3f4df95abcd41a7220b639b71be819f9172c072bd5f74,1982.0,F,SP
cbb8df6c971020a2cb57cfc12b674ed19ea458a240725c686ca1c51475d15b93,1973.0,M,RO
cc8cb615384d45b50d448f7c70331a163107b7239f501afa3ac87d0f657bd635,1981.0,F,SP
1eb432a7bbcdf9f2bc15d7f9a908d28d7a0607ea19d6ff04114286b4a93a69b8,1962.0,M,SP
cf5656da3948511d2fb3494978e42cfdd3b82d37c84d11473cfc5cddef87a038,1970.0,F,BA
06af73f5211195bd12801d949633fd8b1510e74c8f1b0c4f77b4a02866c7d059,1968.0,F,MG
9b9f2278abe2b171b69b01f5e4ba6df79048c400886e9ede83dfdf69abcfc07a,1993.0,F,SP
190bd40162c9c81ef3b5737a4bd38a76f58d5c0047cf020c3c8ed09b97724d7e,1985.0,M,SP
867318fafd7c1bf31affbd336abf309e7632a3787dd771497305a668fddead9d,1978.0,F,SP
ae80f0526a55acf3e61968eb8daf843492a24d9e650e49dc9feb5604f9f303d6,1986.0,F,SP
ed0db1633518b7e7b6877998a2d6cfd0948112c7f67c2daf17a70816dc6b4454,1988.0,M,SP
63fa0e7c31d1a04f1a0201e9daea7301b48e2e785498f82f186ad1ba4830327b,1978.0,F,MG
0ca8578cd34925ccf45e4b7dec60914574f27da60a4133ddcee8c94b387cfb12,1971.0,M,RJ
ccff979b32bb9368ba392e4379cd5db5202bac0dac4ed7d245f9360c0477d5e8,1984.0,M,PE
5c93fa680ef765f4eb39c87a9a67859e28459a0754cf17eb0060785f90ad52d1,1988.0,F,AP
06169c80dc59ca4f803023b5c7c0bf75453c2750390d1f78cc83e0bc172a504c,,NOT INFORMED,NOT INFORMED
0338cb5ce27b17c7e5b46a2e22281e5b7df80ef6b3d67058f075cf6178fba8a9,1969.0,F,SP
1bb80287e6de57360e6f9bfee8c4a3dbdaec6679046d978e62a72097f4e8a4d4,1966.0,M,CE
e4edea7312cbe33b427256bcea9292efd3495e6747ecf26cd72435e13d32c023,1959.0,M,RS
317ae0b0aa77ceff8ecb2b82d2cbbb594f267f2fdbf2a8f2fb0fde3e829af6e3,1994.0,F,ES
e95abe55a035828662120c014a1d72b83f58e26ea9d04b0119de34d9210bd9cb,1981.0,F,SP
645b3d5db1243287b1d9a35b9a2a4df0cdfe135af58ced5d0ac87939e508e3b4,1967.0,M,MG
3b8b989a5e035c773ffd799e9ae6374b963792b70f01e247a0b9fe415f9e3c5c,1967.0,F,SP
bfaad4bbda7bf4038319d29824b5ff2b3c516e26f916495d801764df09a6662c,1962.0,F,MG
1e22c7e08c91a60d57c33328b779d2e60806c6c2c56d514e99525a35e472c1aa,1983.0,M,PR
73e099e30c3733b11e0d4fd90b6d28ce48e339f583aeec1b2017cc285f87b474,1970.0,F,RJ
5032daab08574e7682e3380b00d13ca74e451c8d0c4307ad250be182b78b9f6d,1980.0,F,MS
9ca9bdbc243f357f57ab42403125e3e513f671e70b102d2b510c387594a3274a,1993.0,F,SP
0c2c9a306a1da4491b81fa9e4600ea57af6f2899b176d6bf84d37ca31cb38638,1985.0,M,RS
2b312ae6679f6e9ba5290a32804fef2f55a61de40ea68b31f2821664f425b816,1974.0,F,MG
487fa26cff836bcc5430c68e0a45b8a5aff92de6d121971347fdb7cdb6dadecc,1984.0,F,SP
b7a4e9712039b427c67eb5fdef50a37d0324ff1a1a828ff19bd3012ac35b1b55,1985.0,F,PR
371c1ae31f9b93dc744795364e1ea7fa5c657f553fb2d733acb757322f80d097,1988.0,F,BA
78daf7f6a894ffcb9d776c4c4c89cc4b88b3311b51ce2dd47941a125fc58a71d,1988.0,F,MG
02b5665dcb23a07751c5470b954c648f22160952a5e28ab1d00e6a2aa75d5423,1991.0,F,RS
32f8f7dc7b32e9c02fd6d30bf95b38d3e68d9ac096725bfc03c263f4426a916c,1987.0,F,BA
34d9c34de0abdec699d15781ef6ac16d687f4f588bd8cc26862d4d19f2a55123,1957.0,M,SP
4967327f1f0c5acaf7edb97fa45427dbb356628192575861379f56c26b7bb5ae,,NOT INFORMED,NOT INFORMED
b7a71b45d5f0ada8c973ee89499c3593c1e223afe9a732eeef177fcd3f7142c7,1969.0,F,SC
3c10cdb879f64934a38d7947b7ab1f13d6621362709318a770e35e1596e0f6fe,1962.0,F,RJ
5f9a0e32417ffeba7057f4bce204fa9de1488ca072d78a60aadd5966e3a91e9f,1993.0,F,MG
f0136eb2d3d4cafcd031a68c8f99cc7d44e13b9d8134d6008b990c0af60b8eb4,1979.0,F,SP
694787382f661a9400e573c8e6bb0a406a69a0bb36c5131da80cc527ead7918f,1986.0,F,PE
c088bcf22cdaba30bcdb256743c905e7eac465c8588016e8e34237f47c80a794,1979.0,F,SP
819de921cb2f6fd97a0afc1be6be6bdb257b2b00f250429c50a8128f98146e25,1973.0,F,SP
a64b4868187f620332b43620df96b7e52a459bbbbaee96e6bc99bbd87553b8d5,1971.0,M,BA
4fc9833838e97e8558ed23f5fb5c4d0803f8a559fa86f01020ede28dc0d21215,1993.0,F,SP
aa1f0fc28dc7905451ff4e19ac4e4bd299e2e1bc393be511b4b64bbe136c4784,1981.0,F,RS
9ec2dbf7d0eac4a4bc4282cec5a19843fc79e328740100b7946630f934e94661,1970.0,F,SP
70e2136871fbeedb1bd24e9b7c5315055ebb94bdc8ca4f1985c59baac1a3ce31,1971.0,F,MG
4a75e698d499ad04d63d23061f2af2f0c980e784cf4d8e658548197506e0dcce,1989.0,F,BA
146ce1c7c1ca5c3ccc34844d06d138418d4c52d63c9640e13f6ffe940c3774c1,1989.0,F,SP
4af984fcd37cae2703cb9e7af9d5c33837e559dbf125cb9cd509df3a4caaab13,,NOT INFORMED,NOT INFORMED
6079d68af7bd87667e5fdd6faf0be71719843308ee720146723dcfd4da24ab72,1977.0,F,RJ
7c37ce291b203e96eafd74d4d7337985cdd653106d729a674bc78c4717f50e2a,1995.0,F,SP
faa45539c3be6ce05fea8e900910ccdc5c04ca015fcf24b64ed50ad87df23e98,1979.0,F,SP
77b45b3fac0e0024b6457bf8eddcbb706c4b3a46815b32a4c5d58bdbeac3cf9b,1959.0,F,RJ
695b407e31a23a4538ea3e4d6e09ec771a0860637aacba5a7ef9eda279d8a9d3,1980.0,M,MG
7bc2a80eb4398283e8ff182ca58a82d05d7079983684cf959bd2a31430996dec,1983.0,F,SP
bb4ac237e3ac34f3db32529a6203be4341db4584213e48f4beba2c4745d0a4f3,1988.0,F,MG
218a1baa31955be4dccdca24b5b4f3fe3404bcb68577138f223729a68a9612db,1963.0,M,SP
fcde20cf21e85876a1e362793b84c20bf369bf646737a6ee81ea7a4ad9127bb9,1972.0,M,SP
66342f8481f9e675aff7b2eaa0fe024ff8fd86ca346db9b024fe9597b24215db,1992.0,F,GO
22add1c751a3031f21746e9f06e3cde2fd45c607f3839ca4975d0fe0a4ae5f62,1982.0,M,MG
d55f06de156b302339e3a0085b3b334111f1be807a485e7e485b051d0737e794,1974.0,M,MG
783f575d9d091730fabf93eb3c3d068e66e75bffd6211510bdcc11fdfdbb3e7c,1981.0,M,MG
849ece970e1b0ca406d697c10c9dac09e336a249973b12f188e43b1839e728c3,1991.0,M,SP
053c5beb72d012cf4f7537dd88eebc120102ab14e9557a22f02245b73c43c1b3,1971.0,F,MG
e789b1cae7499ae6e10ee848a8566afb767c07ad4588c90178bb389837148795,1963.0,F,MG
0b7068949a91386496b7f31527fe546bb6a562dda8bb351749b4fc6011b78f27,1970.0,F,DF
daa2d81ca98a10749e9b2d5bb27e62368bd7076af9888b5cf443a7c1eeec4aab,1975.0,F,ES
453e5ef2f5e69b7219c8925726698fd7843fb8bd5fab76a6ffd0c15dbaddbd71,1975.0,F,MG
e8044006f309568b3f87f2ddf5f56d6f1f4c896f2fcf611b186f4691d840b10a,1979.0,F,CE
9f5e23c6049f5463b866bc7c6500205893cac322ac0a763460cbc07e61356d54,1995.0,F,RS
d670d8d0b95b172c5c2051056135fa7fea2b800071124db0286146d102b8494c,1977.0,F,SP
a25b6bd7c115ea37adb734f2d999c9a2cf66d7f6f29123849b9b8c69ec669325,1985.0,M,SP
a2caf4dfeccd91aca50f3ea65924c4f467ef1630b1a2bc6eef72e7fe3c2944db,1978.0,M,AL
82b9ae816ff8a5a7e29bad69ed955a716f47d046951d485dca5fbd92b0af4166,1951.0,M,SP
6a912f5fc2d3fb7786288558c2bee08a54f975084b6e9c5faf8d40df30cc9575,1983.0,M,SP
08e665f15144224a227d2b9a509386e094538c18c893994f8e486441284daf81,1993.0,F,SP
0e224b119331ba76ff6805efc2827ca62e15fce67771e2630d28752f5e467da5,1949.0,F,MG
58448d396b0a728cf7b8f323b7eb3021b1e1bd9414856d03900b2a220813c931,1978.0,F,SP
e00da098376df2796e0c7f609f566d3a44b086d35637f9e5f5f94c25438d57fc,1964.0,F,SC
cf7c7c12a0f1cea99f4fc99893d9e75fe59c121cd25d377b63cb06dad795f9b4,1993.0,F,SP
072762a8ffbfb9aecca33d7bc2b92d8842d8ec4307035feb67f4af33731992f5,1990.0,F,SP
51e475ebb50f97b984774da5fa6822876fd82d42245a447e1fb3fe7a7abbe9d2,1993.0,M,MT
1fa97734f02040e2d69ffa928f923f171f6c9ebebec032bbb4d158248d57d62f,1988.0,M,SP
08b59aa3807715d678c1b06356c1bfdf651d0daf2fa7b656a607bbc52ec721c7,1988.0,F,MG
8ee8244856ccc58509d181032eefb1bec6b6211b29c925929b5788a6474fdc6a,1998.0,M,PR
bc141e0bd546f7ac331bdb4ef88c4007dda1e5c837be0aee5dcd4b30ea4181c4,1976.0,F,SP
d01030bf23d6f07eeee91579675bcb84c969e82cabc4996a0b515ed582021ef7,1979.0,F,SP
27794e287b70300afc8f00e31e5ea522df6b8977683b2b2d2d01f966b3f75b78,,NOT INFORMED,NOT INFORMED
641a0f13d95adf5bcd2c6a4f214d2ed280d3dd06dbb2ce76c5fe8563029a862c,1994.0,F,RJ
027b4030fbb7730543c4bf3ca33a34fe46803444dc3e36747eb612de4b421cc8,1997.0,F,SP
083c2b94aaac49baf26a4ba8cb66de1d26f45ea26d24aae86bd5ca34e7db6cb2,1984.0,F,SP
0e49cbe85c70ca55e78e1282bfdcbfa262aed0b63c5e601325487ff9b6e519a5,1989.0,F,SP
581995d819fa4cda6d40539850a5467a44812b41b2cc525731b0e5677c34a81c,1987.0,F,SP
db0c911acd0c1084c122c31480a6b5f9a65c6db61e7f12914e546228d9691cf9,1986.0,F,SC
26a580354a3b1d770478d1c5c64b8916af92edcc22e797fad5e292a6b596aa72,2001.0,F,MS
7cbcdd28556a684987935c09ebeb15de2f4e798bea28266aa40de65338dffaee,1972.0,M,DF
f60f51e43db1e0911f27173e21130fb5bdf5f3a0965c907fde1095382b2ade63,1982.0,M,SP
ce9a138c82f9537d37fefc61a8284bf4adadb03f7cf0834cfce92e8272ba0160,1963.0,M,MG
5868b0a991c434162c93191033a5540ee2c5dbe1b89e0e571a358544f3d999e4,1986.0,F,MG
de9ca7034d8507b6a42e0dab8396d96704c10523a68a01c5d073c01d31650b55,1990.0,F,SP
c1831fa7266ca5e7220415de0bec59e94205e6535fd1af04f0170de00438229a,1986.0,M,SP
4eb2647446725afcf6f631ba08bfd7dd1036d144c421d55206061de0b3d8e27a,1983.0,F,MG
cbf68814cf710aa48720818af83d87f8ca54b485b1bb6977ae3b65c69267aff0,1982.0,M,ES
3793c96f2af8693764f25e922910fd429b3762cb5dd14fb34978ca782c2e2e49,1990.0,M,DF
01555ad2b7d6c16305719bc3ae7244fe8ba03641f3e0d36120d5702a81ca4a2c,1959.0,M,PE
79eebad0b0aa83cf4c39a33fe19606b0255f6c1bfee52bbc36d10b9204ed6420,1977.0,M,SP
8fb972951973980ae719bbf10515fc7d53572c605708703a723b3e279b9d812b,1992.0,M,PR
d10148dc4576c71803d9f42799a98c9cc41452a76230141cd274c7840749ab0d,1968.0,F,BA
f55df2ca59cb7e264927da9f2a5542c3e83b8850dedc15e583885c244f2eb319,1985.0,M,RJ
a0ebb83ad99594923046912125e14758f93bd4b9b55d42cf41f22f2786238a81,1994.0,F,AL
99ee7e116c45b43b54d8cfa29b71d2090499265ff9f504c48ec91f95084c62ef,1994.0,M,SP
d7bbb472bf7cea361a4c5241ee5223aeeac854b45dc9a71e77488fddb76a5265,1997.0,M,ES
80beb8d5225d5e9ecd0baa12a5ff082911264b6ecef296822ab251993108ae83,1982.0,F,RJ
a226d3f705c6c50afdadc5031cb946194ab9b1c4b9b8d4fb9080b3689694c5bd,1985.0,F,SP
294b17619918b451b07f49b5717b292096dca44daf5d85486ed92a9b77df232c,1973.0,F,SP
fc3874977e3dfb356be4659c08f263d0f20ebb23595d1d5f8f8b3712503e72e8,1984.0,M,SP
446ca94ee792689e0c0528eca6c32c034c01a0ec4d1d9d194c56aa387e66c33f,1992.0,F,GO
be202108e1d2c3317a732eda7c18485d6176cadfad0709f69638d5665daec45e,1990.0,F,PR
d61e34d41094abdf52caff85b67170d5b9b38bb7053aa3a59afe167f26d0a114,1952.0,M,SP
e65c958a95392d86c2e1981c6b788e8ecdcfdb6412b7af6ce6647d8d45e1b9c6,1983.0,F,SP
2bd8b72bd632ee94702cd6847ae57b878fa69607aa214b50a48108e67776c72d,1970.0,F,SP
6d8c89b2a9cb18089d304cd0363b05466e9826bbc1633e8979cb3cb17af419f6,1995.0,F,SP
76a98dabf1caa93f0f4196e5e871920d63e8538a5ed1901e3d5f41a6842e4a88,1955.0,F,RJ
992e054e5578f153137f9c532f73c7337b8476ccd9ce0d5380fff0e97c31dd0e,1996.0,M,RJ
411258c98d8c743bf17207dde3a38e19411e97a367acc564b3eebf4f4c060108,1981.0,F,SP
58a08df865c8762936fb13d6039982b1edb3bc370f8a0e5f67a957b54cc83363,1985.0,F,RJ
f32ba273a5d0f8387102fbce41e95bc2222c4aec3caa77fffb832972ddd5ae5f,1983.0,F,MG
0ea19fb424a897332c83ffac6bb93c6420d383393c6e1eea76bed5a22f45724c,1980.0,F,SP
9fdf957a20cf4e9bb14662aa5fbd0fa40e903926fc509b9b83a7a00b1d3c1640,1997.0,F,SP
28750dd33d5a6cec39ddabb6158c559070cdec537a4ec14cc0ee5d6e0b3b2402,1992.0,F,MG
18b677d0d4c5c620b788e3421f30450c95ec52dc4d0577036fbf9a42f74c68b9,1975.0,M,SP
b9d0181707de774862b8a5fea17ce1b4bb82478e62f88b69c1ddf7ea8d587749,1984.0,M,SP
4f3836c32ef8d713d8da51a3748b65f2602d2284a3753a48f9cfe41177f19162,1990.0,F,RJ
8f8257569456c13177047271c34d0151254b5023849f519b7801444b4b757837,1943.0,M,PE
8e4cef5e22ca6ebac1e3b40253e7e63aaa589a6e46cb1cc080d89bcef77b790a,1996.0,F,RJ
5555708fc0882b4697419af79bc23161ae1623a6a097a398c0176046b05de0ee,1979.0,M,MG
2613f75ace79730c3e7e47a6f1aef07bc289893b55728c70291dfa10a6828b6c,1976.0,M,SP
7b458adc5f18b80e22483000c1ae124788494c7855bbc708485f543feb57498a,1984.0,M,SP
c13841cd5dc7848dd20019f461232c47d500d622932bbd3d1ed32728aaecf434,1980.0,F,RJ
8adcefa24e1a1a2f871606b7377e30569b8f6ca4d7819c306f262ad0cc9a8cea,1989.0,M,SP
03d138f6cf7cdee033ef72152c2e924f8bdfd84a8ab14e0a7f1c5427b8b263e3,1979.0,F,PB
6b6dab9cb43efae3faccca18a9354e98db6b026bcf12426c7d463af8e0046b79,1978.0,F,RS
361a6aa9b1e16e1172698fdd67baf37122f4f7c075b20542ac2c69fe25bf6c63,1990.0,F,GO
d3facf924d4c0acc71c73c0efc3f99a758323752d10e5ce0c9fc46c17e5d0b26,1966.0,M,SP
15e43015a8879abeb299c42cfa7d3574a32896b261a82ef0ef324d932e7eeec1,1948.0,M,SP
4c684772021ea336cfc45c12028a08acdc1939c52eda24add86c1ffd3e8aa887,1986.0,F,PR
e0b393087c63f551bc5f0565a419a8838456a2159ce22217cfeb388f72d48cf5,1951.0,M,SP
ca9d3af334079b6b581badd52a245920cdf9118dabfd6a7aa1a32f549d79ac5b,1994.0,F,SP
cf13956946a6cdf6f36bcb5b2e95b88f7ba954d03812f78a88e9509f698d9f48,1960.0,F,ES
81e7680137adf9244c0b0f49fbdc26b66438b6c28b78b9ade4aa93bbd4574f8e,1983.0,F,MG
81d57778947491b5c6515eb439b352f3302cc4eadb6f828c2e7c265d905ccd43,1976.0,M,DF
43ef790340a352581602e0158eca1b978bc1baae77bc9cf93ba5f315671cb608,1981.0,F,RS
b3fef277f71bc96c8c85ec23dec695640432571d74d2da5e1c91b450333171ba,1900.0,F,SP
b9e6eeaebfa86793e3c5dfc4bdf511c9d3abcc5f901d61aeaadfe75bb0941eb4,1968.0,F,SP
68238ced10a929ed48d928e6e44a1044887c9b9ce15ad6eba2e91e25d24cb83c,1965.0,M,SP
9369ae91de9c7b58a3ad20425b7cfe97fbb612f53d0ffdaebad8e08a76aa4821,1985.0,F,BA
cffc4f445725a3db5bb60ef0306a864644247d5709efd3a9656b6c64ee54395b,,NOT INFORMED,NOT INFORMED
1d40d655e06a237369cada8a33b7ff7bff94b854daea993879250a684387bb92,,M,RJ
2b186d97b4b173eb904d65b29de96b3878a02878a663f9762940dee622fa043c,1963.0,M,RS
94c88e5754749bfab8e1f1bec10f88971c94e0075a2452615434e381d6541587,1970.0,M,CE
400a7be786aa56e87721e91848cf823f465ae0d4c32b5880bcbd69765781b89d,1963.0,M,BA
47bf8770e5eab310d8696db6532a6bd9213d2cfe14dbc6932e54ff596b28c2ea,1974.0,M,SP
e0bb20f96465efa1b14e21bafec401d130ab31c36568e365b97ec665b981621c,1984.0,F,SP
14eabda23dfee09df5f25183baf7559d908602f2111d28b112ecc538f7ed7020,1996.0,F,SP
a152f354ffd4a555b4c59e7ef10f6ec90f74123f69ef1b017041ef66df16cb2c,1996.0,F,SP
177b6bf2baf83b2c28bb9e49872ef52842c09bd60e5f1e3bf471b6ed7c957fb0,,NOT INFORMED,NOT INFORMED
dd1b1de9f0a345fa13d5ea4213d0559e3f74f1ebd782ed28d1af552e94bd5cf0,1990.0,M,PE
3cdb26bf6313cf943994942484c39c3ea443bc16c2be6fbb2d792f7ef4e21914,1987.0,F,RJ
815764e365aeee29ae5f33b5b6d04dbf9cad8c66c84a9fbfb47989f185b6c2a5,1988.0,M,MG
f57bedf0f58bed231db4c8e58be73e185db0829d18af0e6e65ec059bf1c3852d,1985.0,F,RJ
3ccfed35bb67319f701e77c40b695f0ccaae111523b5ead3a0857c7ac885296c,1981.0,M,ES
1545d76a65a38b2940d790be69e1318d8f476277434328dd6c9bd676b19163dd,1966.0,F,MG
991f678067c8392c08cd10f1bccde737d0d958d9922e6ca96d4e50ddc99067a7,1964.0,M,SP
f7a6aea01523f06be5801c30accce5d235bf122b739c4a7bcc98ee54e8c54774,1995.0,F,SP
38efb4defa788c5e044d12059bdd82ccb78cea92b85073e39859eda62a11916c,1982.0,M,BA
1510827f05f35d747913f1b6198ea17ef7ff2e38b57a26c3b5cb89becb3cc9ae,1986.0,F,SP
dfcb2eb7ee18dce981fde413706ff5a48710ad413a737679d0c9fe4d0fd45305,1986.0,F,MG
d66ad29b1f1099bebd092a8945e260845d1d5e7d5b4678b245e70f6460a8f7b9,1971.0,F,PR
a6ee5013e117a7ab1165f2b4a7d0f4eb6f6d29c0d05660f3e35e353c8033a348,1993.0,F,SP
bd5e7cba4e158e614c48566febdb2e89b6d3df125fc1e3402d3ce47a9dd78874,1996.0,F,ES
645c3dd236089a1541dafff808e69b40727de07e95e360954a217975341cd362,1969.0,M,MG
79357d951e8acf703e111ff0f444f3884901498bdb75ef2227475aac039d84e9,1978.0,F,SP
c4245ae2b3455efb33f367816fc20bc02127f01df71d1c9d36d68789f600301d,1982.0,F,SP
ed44c8659f06d66dbf67d0c6473ea890f5e8a33befae38a858a3446f80ee4215,1978.0,F,MG
cc80595f9e5ddaba6e050a0cea1e325f135726bf6d770605dc66763cc8384cab,1977.0,F,DF
9b6132147b19c6f57f8c1d1e17068d2539127ca10f5ace5b4a7a618d11500a4f,1982.0,M,SP
1070e865bbb28213ffc082dac876b51776ddfd516f456db038b50d826dc93d69,1977.0,M,SP
6c4156588bb63302e78fe8e21312607311220e275b53fccb5f4a0ebf73894d94,1990.0,M,GO
aea653ee76a8904356a7d5b8140ddb1f574e5fe17955915945e7bdc19e40ea59,1975.0,M,MG
9a52f51d78ea31c1c8532a214dce21d22f4debcd0209976b00d36720f97e93da,1989.0,M,MG
c7d5f1189577b6590cc72e451b147c452d5220e245475a6086ff6d33bcf027ab,1984.0,F,SP
745abf2d25c5e1ff69c60eafba3088264a8eade85da09cafd315f64e26ca741e,1984.0,F,RJ
7ddd28313ab3cb603ce451a9481755c62d144b4fe834eabbe1bf3e48e450ae1c,1989.0,M,AL
362799e9decbc26201110889c0e0429cd85c9f4844178977e569a66501949817,1994.0,F,SP
b171daca997b517e249c33414ca9c2833f27d4605a3719e13e22427335ffdb9f,1978.0,F,SP
71f383efca21031733fb1288cb00c48138345e71b05f03adf742dff3a4611cd7,1992.0,F,RJ
490583f1d74a79c60180fc215fcbfff4dbde0b60a5ae5c78849920fbab8ea29a,1974.0,F,MT
d01ab25e5978579cc5ac5ceb75af5e8aa4fb2ceda3987169a727827edbe02795,1985.0,F,SP
5b67e04fff2cbbff740c761535c6ca2f81932c836c8017a7ce54ac7fe188d846,1948.0,F,SP
da0bf1697949d15b8bb3aa7fda2cbe0d99fb9fd8e63b9d21125238b58ede8ae8,1989.0,F,RJ
632b5d57d31938baa44fb94a7e660905e9330d0b1b47f52237541b0c53f5d464,1993.0,F,SP
5b1555521c477a6100b624cdf70d06a1e143418f2dca039123e913b9d9c19df3,1991.0,M,SP
ef4c620c926abad5a1668159ca5668333a4e25c3c08255bc8f8a69fa52380968,1974.0,F,MT
f0cde41461d25ff90f7b92fe3f16832c0835e3e4261cf2fa0dbc6d3ea310fef3,1992.0,F,SP
8ee37fc125b9f4db3025ec4afbb2d4e7f02f7cc4c3ad918cfe95ddc9563f37e8,1988.0,M,PR
19bc4577861f015e74b8dfd19de44e522b132ee7a2554e2a489a4700af5f5e67,1974.0,M,SP
cc2fa6478f57560c9c469ae5b96f48b653ab1707795201fc7beb38c75044be6a,1994.0,F,AL
cc49ad99de427e6a2d16a3d5a1bf3baec0dc1123aaf98634bbf16e8fedf17d8b,1972.0,F,SP
3e34ef2b369f858402371f4e05f6bc72808bb582028fccab49a5a3a8b294d757,1978.0,F,ES
3fc5fe0c068581a72dd762253a548ed291e6ede45faaa01d449fed5e4f88a8f0,1970.0,F,RS
1c4fbfbe5469796ed187a88920257e8c0e95dd1dbacf6360d2b8048583a8883b,1995.0,F,BA
00669ff68e14e40693492b2767ca35eca99a83a9a8b784a5f6091d53750554ab,1964.0,M,RS
0772f9b217c05ee38eb802a7faf7043359bebd97d1729a6b3bf94666860e583f,1985.0,F,RJ
30ccdede0bc0f92e2116d760cf716dc3ac483dd119f25159247fa21eefd2c0b4,2000.0,M,SP
52fff9e5bbd4376c08379870cb437a448c06af2cdcad06d86cbf9e4ebbd0ca83,1956.0,M,MG
84cb41f7e2721f0550c1f1a62a69ce90ecd1a6324e66abeab40bddde35b70666,1995.0,F,MG
7502aa490c86c30e35fbef4b78cb524fb270af98bdc7fc20b374893e3e23fe36,1983.0,M,SP
acc39d804bfc065a3f93f340f43daebced9510e489bb5062257bae8fc68835fe,1966.0,M,RJ
8661a62eb5302c0b782d8179062195e91d327db74d0310ec0e29583a0480d8ee,1997.0,F,MG
02aab77b56e42479c80f2434accc8d526ec3c8c934995c73f782142e0970d8bc,1978.0,F,MG
5242ce4f93798183a26119353078a20697eacb050fe06a9405ca0595379a032b,1980.0,M,RJ
1c6b69424475c053cd880067ae8a5fcafad9ada7cde63e20f2c38fb186be0bcd,1998.0,F,MG
2368bec59b5245aafb5b149fcd1e675e854bfb062562aba23a43912cd29cb018,1999.0,F,MG
567381a1c3c191a74ee6d3fa8154ef9322fa0ee59360c71c84569cc51da9f201,1968.0,M,SC
7ac439873bcd3060c198dfcc5a7eb600bfd16a0d33c4c918e2e89ee26da3bb67,1972.0,F,SP
6bdc5e6792214527a587198f743f7f848d4709c9edab43b30eba3c89e469e620,1982.0,M,RS
005f08cb92ad044d6cec4e566483e8cde30487a1c3d7a00271398d7adf54e754,1996.0,M,RJ
878da9d3e9b710bf29eb6406f21d4114409ccc751b68b679751609710ad88742,1971.0,F,SP
c1db170963fa0cd9003a0416a01bcb64744acbc2b81c5ce3e6c1ffed6ed5dda6,1966.0,F,RS
0610607826e583a622f4b188df8d570a4ff5d5abc23cf8370e91e59e178660f1,1993.0,F,MG
9c110147491b7ac2502ec5f03199f70f8bde55c4ab28366f7c53b5182545e80b,1994.0,F,MG
047befdb7f637bd37816a2f99f8f1d7f51571d08992cb2ea9a8ff31987a625b7,1993.0,M,MG
720955c30c2b4748fbe8efa84320515213e15aa55c464b67e70a7a3fe4c572bc,,NOT INFORMED,NOT INFORMED
e0f20534a216f25c56caf277ae07c98b148b7f8043b5396df74433edbce7399d,1959.0,M,SP
5d5c883e6d48469602928278554ce7064d158c5a7923a37329d41296c2364d31,1994.0,F,SP
185b1caf1cc7aea3998b8c1b1a672f265caba4ad7b1e6d3ed3a8027d5f50a410,1991.0,F,SP
5a360141bb545616d70260432c6a1e07660e074db847ed46ab97c143e499b42d,1986.0,F,SP
dda6bf0e9e47b9791a22266c5e837dd3ecf8a5e2d6b5f6442d7f929e1ef8d923,1979.0,F,SP
d69cb20e5e927f7a1c046e9e59ab1798c5e27db28c12da12807bcc9eba398dbb,1973.0,F,GO
f3e74c79ef18489db38d7a1cd0875208dc8365e827921ec5966223c8c85d4f76,1956.0,F,ES
2c8a0988f058b08d4e007024cbf28f3aea1eedcc2b7ccc7180d7576dfa895b20,1989.0,M,SP
1efda4036548df58e29a9e843d3284706ddab1e2d4301c4a120c2c6803717547,1970.0,M,MG
17dfaa235687000fddad6fbee8a2ce6249f247c159a7689e607089382b637998,1977.0,M,MA
84e7faa8972d1e1e76f460c9613845032f8a86d68815b3ff8202c7256564b890,1993.0,F,SP
bd48873fdd6cd5552d83b193fd7b001ba8680e9223a51249c9e5015e65c9c67d,1990.0,F,PR
bc4d5d93c4f0eeda8385b263c1eab8aaebb510ae0ac494a23d3c8f7bd2b92414,,NOT INFORMED,NOT INFORMED
937d45e94a94b108e5d16cb5580696f07bde8a09633b6bbca2b271c8ef17a044,1974.0,F,SP
2eb8f6e886ac25af83b04bc6400f2babf3cf5d97ae4c60ff9224f33b6a1f5340,1996.0,M,RJ
76e40a02971a8776ef2a5674e7d9040e0161b117c8f22b1b7677390dd11a907b,1986.0,F,RJ
e9c350a2cf95f16e4f62e007c0f863bc194a52e6d447ca821b473123b06f2233,1980.0,F,SP
179c7c3a0abebe4cb5b74377fccaa2d3dc693944d3c7265a0c2c9b2b817094d2,1987.0,F,SP
1afde689f3ebca368e6fd0b4fe9860d4d7ea0c896bc3c59daad69911f13487a4,1969.0,F,RJ
79b48480edd1294975cc77766933570d679a468707f803785c7ba509da40acbd,1988.0,M,SP
eea8a8ad6c006b54f990a3123e1648a1edd64024de322222913d34300654004a,1992.0,F,SP
a6919bd7579601c6b2b0202470c5e4bbb188ae18e41b453332fed081d1cbc411,1967.0,M,MG
5999d3cae3b28abbc00d312105e65929dbbedd3b6c0cc9573efcd6664440e480,1980.0,M,SP
5cce3185625a26a1da759305538c0497424a064d8ae2c9542d99bfca13801f0b,1993.0,F,SP
21a78af8a80f6d99ff9b1b2a3b6c5afa1a4558f592b67110ebdec8e5fea3bcc1,1991.0,F,SP
e49d154f5534ce07460e39903506b04c01cc2d1de2dcd61aa84a11921c3d764e,1984.0,F,MG
16e0a7bb39210b90c9d36945118f4bc53da6d2a3aa52dfe603c3256ee4c60734,1986.0,F,MG
0d40e3a7ade8d1631b6f4b9388b7cc0c4f902a4c8176785751f59ef03dbab0c4,1995.0,F,MG
115cb9e0156bb49cde500d7142896412d7753965dd286cc4e9974af9d1773bcf,1994.0,F,SP
ee8104662bf0e8f522aff22b1db1b404941ed96f2fd26336b8fdee6a12930152,1981.0,F,RJ
be50348f21c863acfe6ad72f7920247effb43f8d29f2349b005fddfddd0c4a4f,1993.0,F,RJ
f3b3e16dac36ba950d9e9f22b564b3138ce24e53e522fc49cd3ba3967fdd9300,1986.0,F,RJ
1a6fc49c05a3bf4ba6d6d6f82441470c6bf07d6ff91578ab2da7dee6d9972e22,1991.0,F,SP
9fe3bfcca778bf09d294237fa955b2979af9664699839e63b6525f1d7417822e,1995.0,F,SP
c484b0cdf19909106c2263559a74212179fb5d5fdaccb4542d9610106b343968,1970.0,M,PE
7293ed76401d08342f03ca3ae53694ab9f392fbc85e7f33285f01e839a9a99b8,1976.0,M,RJ
fc825e04f96390db762e285e61cf78065f759cf3b9ff6ca078a4d7958881c760,1992.0,F,RJ
33e33ec6cd2ffd04400ac67f003a73d60240a38c75683224cec5dee1ad6af524,1970.0,F,SP
a1ff669c296baa5ee0088b5d2afcfafcc7cb3f3e93aa80d15b8fb3db0afc9fad,1970.0,M,SP
e5c8b164fa1603fd7f5eb76aa759989b4503cf2bebe80413c53b75742eb6f13f,1964.0,F,SP
7dd9138d5a4abeb81263e1510c3b36d5cdf688592a7eece937e02187fcecdc50,1978.0,F,ES
b15f11c0b74e3f2ece0e656417cd9e2509cc9da20a879d3e4e60f60aa59aabb9,,NOT INFORMED,NOT INFORMED
6bf906f329ea670e17225fb4ed48a8079f6d5050a09b346b55cc6d10116d7bfa,1981.0,F,SP
2a74fa6be80a2df0f430c6b62cf9ce5458d6ef18f9869bf408e70f92b280a810,1996.0,F,GO
98b0cece877562c3acaa5c0d2f50285d3fedda32f6528f651dbbc26525066c64,1971.0,F,SP
322ef6af081f0a2c9695801f24a12b155cf47e7d9a405a08dbef40592a64d446,1973.0,M,SP
71c10a53f49108286045bcb27ca0cc6aefe1bdec658fa7b641d6401c380aacb6,1978.0,M,SP
de3d7dc25b0cadf73c7eca0f358747218287d331083d76074a58a03d13d3fba6,1979.0,M,RJ
e5e5874dabc988a253784e5a8c984aff455e6282012524ed659c0988f9fe2c0f,1967.0,M,MG
b46534a0ce04bc8ce42539522025aa1bbe50707b689be44df8224d198374c70a,1976.0,F,SP
60ee33e2d6aea0dddbc556c30cac98ee529438e72a0f8b02cc782c66f878d99d,1986.0,F,SP
bd2955cd2edaac2d8318d01955f97eb88ad7f84dbe805062b7507067faa09e1f,1952.0,M,SP
335a752cc324fe5d18d537097c1236e5ece297f414a6582ae06cbc99b22c61b3,1989.0,F,SC
464ab3fd9e98710d449d0e7cd500648f36f262341c682b8ec6bc579d2d6b5883,1965.0,F,SP
d1893bd949cd7ed7485770ff272951db88ddc023d9af83b4f83fddfc7187d500,1974.0,F,MG
88401e766a372ffcb6eaef14623bff107e5dbff307c7fb27095743d65e0c4018,1981.0,M,SC
4e4782d4087238bf8cfce5d3f24f833da997c9efb04ac044ca1c8e9cb509f736,1988.0,M,CE
8cea32928b01fbcf4dce5e70a2035da4cde55e0d0cb1f5a4bc95d3292969858a,1975.0,F,PR
8c02d16b46f8f1e0ea443358fc5988fe6ad63bec67f7e7f1cc7c10ff04bad685,1981.0,M,SP
94555aba4a0f663f5ed72c0977c71f8ca6f36a91f9725f5d93355d1f0f96aa3f,1962.0,M,SC
25d0094be4bb935aa5d17212b0a50adca2e332817f6ed52c47ce9a6fa9c21e3a,1994.0,F,PE
18e44370d808a3793f4e1025f569f4a26a2ea851cd73b98930ba8b627b560e2b,1997.0,M,MG
0fdcdb895f578b3cf8b414f62566c26676b822d274b54623f8bee33bda5d2b5d,1990.0,F,SP
3ab309e1d97e766fc51d304d872149a47fe0e1a8950428867bf007d3bf7b9642,1981.0,F,SP
d535a83f066c51e934d8f5d97c8e2ace707cb75e64540478c203fd876cf8e6f5,1963.0,M,DF
0304f55f4439f0f06431f9bc777b3821e80710cec986bfc377a5e390c9dfec2f,1974.0,M,BA
34640bc3d59b96ef709398ce6ff89423670c9a1ac2a40acf067a48a2a1d649a4,1992.0,M,SP
675792f567263fd879a60bcb4d96cb1814c80ee1b70f60a411224c7e4ec4b53e,1987.0,M,RJ
4e5b070bd183f6344e0189ef3679aed820c15780c00554cefe160789f346e953,1998.0,F,SP
7d677a55d630cfe618c49faf77c3a71bf49b52d386be4c8dd501720d5460ab73,1979.0,F,SP
9ae8212e32b05010f9de50d7881d11f64c46086179273b5a7b2c618d4f007efa,1989.0,M,ES
f8755c75920f1341a559cac4ff775a15f9bb236dc5786fe4d75bf9981c1f488b,1982.0,M,SP
59691ae4cc7cd6d1f9cce508f769619e60e5d3b742515346bfd71e71e6cf872f,1977.0,M,SP
70cce0394251358368eee69a70737ee3a60d147bfe780db8765703a0bf4f7bee,1986.0,F,RJ
775a81566aae0832ae994e3c9cbe77de56cca060a5c5b9f437ae39fc84431281,1991.0,F,SP
8311289ba52370b15c321c20de3e30bae3b3a69ae0ae49fe3315690f7ea5e658,1994.0,F,SP
3700b51c4af2a97568db13941cd5fa0386e692433e05b75ede1324f9be15b2fc,,F,MG
db02ba0910079632d50c37889035b5b75ce292ff7eabcfc1cdd7fc821c7731a5,2000.0,F,SP
2ad5adceab50eefb98d2074c62d21aa9336cab3b6041d61cd1d8b4e3a6b9cd3a,1972.0,F,SP
5ab465a191a7aa1827ac9300a87b8c699fcfb94815a0e5439f5118b9df50212c,1986.0,M,SP
eb07b67fcd888145d8c09d43aa518756c11e33e86ccbc30610fd3a744a28d336,1994.0,F,SP
d7da29785ccb54874740739d4f1e8107b3f894811f7cd7577128c44ce461836a,1994.0,F,SP
9ec9659c3deaf4a9f4f7fe2a298079ce8b24306dc06e29149b6636e0a32726e0,1972.0,F,SP
75ffa6c7d91fde1a58f310ff5e66d065c46568c1df0d2a9e313f857f57ba2944,1970.0,F,SP
02608fb7c5d4d43058ec4c89f68d9213988d7d4cb40fee7426a678670aeb8feb,,F,PB
db929530f1e9814e905f83bab561fdaab711b807b87de4a9527453fbc0d25d14,1992.0,M,SP
4062193d9a6e749d28cd054a86e2796b1f9f8caed61474c2e7540efc3c22de14,1995.0,M,SP
b9e56aa8e682d9598f5c1fe6fba02d7b7f2235a68b93bff42bf07f89de635476,1956.0,F,SP
9376961d60c1636bcca3e6e4e02792c9d064dddf927bf7fad6dd8e44979665e5,1976.0,F,PR
ea061836f718fb4a7faf51c77b7d74761505729548f56e9d462e959c65d26091,1981.0,F,MG
6d18eb2609c3a14bf216f7fe6bace575412207666f8eb7341576a4288d3c7b02,1984.0,M,BA
b031e1da8f603735d6925f77e5dcca054f7270d33b2bc28c4123f4c02d5bc1fb,1997.0,F,RS
0c680cfa3ec672a187aaa79dd8201a078d262d60d4f2d17d585ddd248cc19ff0,,NOT INFORMED,NOT INFORMED
7440e4464cf7362ec82d491f63a64057506ac516971d9d6e261ad22a4e75df1f,1985.0,F,PR
8fd3c0b7935397519ba8de0b8589f81b5d95cceb6d22188ef909f92ad709d56d,1997.0,M,MG
66c6869cf3b5e5dbbb9e358ea27a99ae2ffe579dac0f04493129e0c4982a4a6b,,F,BA
338e51eae30eb48d2e26a675cca3034a4f481ffab41553879a4f80fd51155170,1984.0,M,SP
6368d100c9678c8cb8fc92b7557bcf16fa800f0fa3381c654fa8567cfca58f6c,1975.0,F,RJ
d090ab705259887779efe1f24790bd2b176e8b5ec5e41ef78bd30cc5a7bae8ff,1971.0,M,ES
10c48695fc9abd7ade8a7d9798df3f4003dd03741be5c289d0a18edf6a4869e2,1940.0,F,RJ
b260e60774e8534a8774f54a8621dab254d98866b327ba6f2b5dcdf169eb5593,1997.0,M,SP
e1313dcca9353a5286225f5b504f71dd2daeea80a51559f726217a4740a5aa20,1995.0,F,RJ
9fa372c95b63ac89ade3602327a068e6a322c16e1381c900d49da6ebec791569,1950.0,M,RJ
6179f7e487cbbf5b27f543703c3c125e3797da2ea454ed93cd0eebef763aaf64,1979.0,F,RJ
5573a2b4028eede74220569e9f6ef93f06de9792da4a6aadfdc5e58660b276d3,1960.0,F,SP
eb7de43d9ea9735f3d11b890974dae0fc23aff86ab6d49dd796bb5692cab70f8,1984.0,M,MA
2fe0afa35d98283f704a684e3bf3e5a992f189115f31e8f00ac06c15ef9a844f,1967.0,M,SP
b3e5f90935206ca1622d2f38a157f0e13eefae481df69723469d46f792b7c50e,1972.0,F,RS
920cd55f051c46b5e66d4a9d3893ed8b9ed39db824d32c39d33760fe8d8b8c62,1984.0,F,SP
688846f89fc93e544bada6e1807875e21ce2a710a9a60c4de26a996e11c7388a,1984.0,M,DF
9d168f241e25b0585cad41b14139376e76707086ed1572ced5125ed7967777da,1969.0,F,MG
c3508c30301e237cce4c0b46cd02f5a762864afc6e2e6f860b824f1af8d6c70b,1981.0,F,CE
91658753dae373dbbd52dfc0f6111e521ebb968085d840bf50bbb7aabab7d822,1970.0,M,SP
c3543f30a23aa7ac9fcea72f80d2acaf8517a8137115d6679a834d5cd2b7012e,1970.0,F,SP
b14b3fbad95193681db8455cbf29a3940dd113f41e36185e34cd24c3f7884965,1984.0,M,RS
6e40ce5106bb2819446dcce863dc56d94d137a0a6f2afa1cca18e73be313468f,1974.0,F,SP
194bbcade535059c81393ea4f9def33c1f0921ba9001f7b140461b602e6f9b42,1975.0,M,SP
efef872ad3f39578d24cfceb716db6cd09b3f25b70af9e561284a0cd4eef45a9,1984.0,F,SP
d296ee831d9f48a15f3f4ed92b180419df34dcb84ecee511f9f60bcb9c21552a,1990.0,F,SP
deba07055354c63dd83e823aed5a0f69f2cf4aa3a6a3260e12afee063e1eb7f3,1972.0,F,SP
a91452ba0ab8f1331849b68d23c62fab4f0650cdaa08d4bbf058ff278d9227d5,1980.0,F,RJ
1af3cea37a7195db37f4149a017c1b9587efed96659f32b97544d9219580cd4a,1980.0,M,RJ
ea6d11304d19c04b233b756cc026471c48d86f83fb41de51e0dba16f27fa4adb,1993.0,F,CE
4ab552ae82a687c692426a9b62859a5dd2759ac65e56d8b92b64fc67204cc8d8,1985.0,F,RJ
dd46dffb0cd97095a60d14204cbe16053429136d05a2f1dc81e620a632b62ec4,1953.0,M,SP
a3de34c45da65084369209685df25dddeba49339de99b8ba5279c5f47a301d9e,1983.0,F,AL
7e9816bdca369028fef6373bf1edacb88f999d5d83c29ae951e28be07589ed98,1953.0,M,SP
68cd81e4324521faa9d44c9792ac9c51eab8a07e9c5f3b91132c64f6d6cf39a8,1948.0,M,RN
c43a85719c599e7d3fb7590dff737f47b6de18b112463121cfe17ae574ca2675,1989.0,M,SP
01a6abab7884a47436a9259942e4e54839f7b620337ab31b09b7d0435508e278,1985.0,M,TO
bf07f04452cb2bdfb67544e8065919070272d789e7e382379c51c8b437f31ffa,1971.0,F,MG
644ebc5e59e92b30935ebad09f54caab9f78d9d00784fa62300f090a382b6c5d,1974.0,M,RJ
9ce8cee67d1f444341fe3826394614286301f0c60aee292dfbfdc4a9e8625c61,1978.0,F,RS
ba91da2d7e44c6d578865013ffa9510f48553e4eb32b2d87ebbebe536a1da7c3,1984.0,M,SP
fb8a1643491f7f7934b3b1b3576494a09425f19ab8a29e7a7abda9e28711e21f,1989.0,F,SP
2b33a287a90ea92aa24e29eb183fd0fa7e24181461bd0391666aca910c1f62b8,1986.0,F,SP
22fa4bc66f4bc18dc280a5c5f58b81375316927eb1bee28dc8e28c57e83bf1bc,1988.0,F,ES
415728ef387b5df16bab5680db6b50a629b4871ad2809d83675589100c681b2e,1965.0,F,RS
f33949f0b947c03f4b017411e1bb195b778022890c790f892b0555dc3d7baf6d,1990.0,M,SP
0bc531719ee407e97c99d36f6d01a047ae1d22e0a48f3fafc8b1584c46098876,1995.0,F,SP
5f56a46bb1c033a2e3d58508e7475962f277b9ea44eee9128779ea831a845c48,1980.0,F,SP
e36f49032367f4f9238144a34d5d96ab9db1bcd3ad07874ec49593210967a6f5,1965.0,M,RJ
438441b2566c4d3fcb2d3ea93d57443fcfe25b791e01015519e291f8475809e8,1960.0,F,ES
97499aa70292ac9a9ac9adc2f5ef348c7360d207afdd9e371d34c2aea39786f4,1989.0,F,RJ
afe5f806c4e69177bda5cc43717949c2699383447ab1ec8ab02658074d41fd55,1990.0,F,RJ
51b7379e60bfe0dc67a901d3e9383ae983689bcb9ab2c5ba9c7090907645036f,1975.0,F,SP
378212db620bc0013d439c268404378b70e44444bc390c02a6a66f8169a29cf9,,NOT INFORMED,NOT INFORMED
151b117f9a471d9adf627ce94fc2d0552684d127540d64690f86a2c396f74a7c,1967.0,F,SP
4f7ced7246cbc4e04a1416d33b00ac7a2ea5e1c6b7e12a621839cdc760f4257a,1985.0,F,RJ
db6f7816575e171a1e8446f8af59c3517ff10f14e08be956670c74ca154bb83e,,NOT INFORMED,NOT INFORMED
fde4150528df6c66d81f9955915c1c5c3520ba66b42eb399ec6f59939b06157c,1986.0,F,SP
18c3762c4efe38f47aa98b028daf97260ee2aba0cd471420c8b0910936bd295d,1980.0,F,SP
43007f7a5cbc5aa231561ffbaf6c70f4b7a248592e97ac7af8e3903485c51a10,1983.0,M,PB
db1d24fdad85ffdd789230961449df32d3697a99c3e5cee183cf56da2c097cd9,1972.0,F,SP
97fd7a6dc5d4ce0b57716b99015b79c88f854a60ebdee74fc5b17a4a0ac3fcf0,1995.0,F,PA
5c282bffc6612d29ac05c23cbdbc298cf948e335a6940395b0bf0f96b37e1291,,NOT INFORMED,NOT INFORMED
ff94e1849188312407a92ad41da6e2b6744cc30f299652dac96bad2e3bf5c3e1,1986.0,F,SP
04661fc8d19e70edb5180af723ffb8b26e1dca4adaf8486b88969a77880c53c1,1982.0,M,RJ
434b2e181f8a38808b49ebdd2456361f9fd85aadd019f2925f91e639da60ee48,1984.0,F,MG
422fcdb840d991052331d8f5b5abdc221244cc92401ae9a089b4a5a1b30c69dd,1965.0,M,RJ
685831c0dcda74275e9a3e0ee016774d47c58ee4807935c760c22f0f38fbb54a,1981.0,M,RJ
9c8c70279b1ed36c33dc1b18fad3d4125bc254bc0b27e2fc50671341c8884582,1990.0,F,RJ
9ea7c9604d04c7def4fd3e2c7b37c20fec7efc19dac4af2c33b28589bcfb3c06,1970.0,M,RJ
566f01a8dd4ef7d664ef4f2e1c5252f91127a19fe1d45e905142cadd25e737b3,1995.0,F,SP
ae15b37afc5713e7f84da9d08f39d68d629146ea078fa1d2d2213ef406b48290,,M,PR
c15b96c558dfb093efb73d1ccffb07eaa01ab75871edd51cc902429d6b201373,1943.0,M,SP
c5abd123a2ae6e5eb5ffb7a4c0b0244ec6321a2cee3e2150cf6af416059b2546,1957.0,M,SP
2e0c00f0f5a55b0065e5271353ffdf16ecd461d192223740b9515cde88174ce0,1986.0,M,PR
2978b46bbb89e8c3029be7c0064a47aa99c20de3538310c433b088123e879930,1983.0,F,SP
f22bf01d5263426f4c03529ef9acd3ad7fde0b0786df2cf90050c6d2bee29f71,1993.0,M,RS
90850785a8b0ff1a3c4757c72d83c41b5127df9d0f446ebc273d980ae29a98c4,,NOT INFORMED,NOT INFORMED
12c6653c7032183c278cb7533cface37372d1d6fb0c85a53cd2aa89946d25bc6,1981.0,F,SP
1ae5b474458e56a4e8b66546a501d18efec82c3c6f475a2051d608aabab5091f,1986.0,F,RS
18631b25bef6b96461ab69e42b9de388b303fa859dd54bd6702f51cc22dbdf91,,M,SP
bc5730e208ac2f29b63718795edbdf370507238dab26810ab7db8177315d7813,1971.0,F,PR
6b9f2eb86db0b1d84ceaf0b76223e337ad1d7dcfbdf338f03d434366443e9dee,1986.0,F,RN
81be5735f9ab80949ad98315bfdd912399f86e52a197f32c2b3a3849afe91a94,1985.0,F,RS
f5ce4da0f64118def0b5b488500bdbe85924cd64de4a89dc9d4d5fbd1f22b6f1,1975.0,F,ES
5eaf6d4112f32bc8a04dd569324fa6879c608a715e76d0cb3d24f4b173bf79b8,1995.0,M,BA
5ec182d528be52ebe6e3c4b36f813d1fe13e37cb4ec237bae15c34d05b87f764,1987.0,F,DF
ce7d85eae58cf54480d71311cb5a940864cb1d049b3eec4a681b6aecd1bc67c6,1992.0,F,RJ
e46fbb1e591310ec76f3be68126892b0dc716767805d564dc6948b7b97aebd6e,1989.0,F,SP
07041c8c15480f8e1bd049b330381d801e8b21f21fb35657f9013429765adb7e,1990.0,F,GO
48c6296959d5e360b5a0a360a3817b4c18ebd7fc58eb53a4d57276e332a2f113,1977.0,F,SP
0093f8b4ff261ee7f8fa4a5f7a4d18dbc42ef9903cbd96a3097080bdc7387feb,1958.0,F,SP
232dcf23bd8390cc53ee244144f7393f7022b0fda0da60d9e5c014be3b716dc6,1987.0,F,GO
3d12ca4804c42f0ac0efef5ceb5289da9a7c1743489cb0c9c0d5dc7561b70540,1970.0,M,GO
325cf755203b974eceb92b95af1dd0f4a08135fc9edcbfd2f04252864b9f1aa4,1992.0,F,SP
16d5d757b193613caca49aee7e25c5a34abd613524f1e1971d87b548cee83b3a,1984.0,F,SP
bcf7e826cb4b65c677f02067641434f59c6c65382cc581ddce1ccfdc11d9a58e,1975.0,F,RS
ac316a093153d11030f103c5f58e4319b266f86c6af0e45f8691b0c6a5485231,1986.0,F,RS
d309632f7774ca87a887ec14df0b44cd5f7ce7700eebdf4ddb31b3eff638fe88,1949.0,M,SP
bcb7503ece24f114a463c3920b57ef1205835f8c44341b736dd5ad7a39179056,1989.0,F,SP
85de3d73a170b7f94c3a2d66121e52bef80ada2bf13ce951b839259acd9ce350,1992.0,F,SP
2b7abf082444ff4a19c4ef32a5a49b937cdddcd4d2ca9039e41e6029cf97144e,1960.0,F,RJ
3bf07e0a2b5c2c9e8bc050f43db0c2715d2267ae87bf8e73e59d97235f60caf1,1989.0,F,PR
dcf21d76d67e15e94bf61987b39b758b290f2ec0a81526c1135ad369b8a3f41e,1985.0,F,AL
943f3e379b74755a98ebd1af79c4ca9b32e513b48843969ae8f099d5c12709fa,1983.0,F,MG
6ab1712c87536cfaf697a6f8b32f0a16077d75f781e102d843327d9f3bbcbdaa,,NOT INFORMED,NOT INFORMED
37f72364fedc8403cdc0fcfa8b52a428639366ab1ede12edf400b06bf387c0d4,1980.0,F,SP
2003efbc6d7d4004f3217714eb88dee2ddc230d9efb14123d81c799fb864a10d,1998.0,F,SP
8e3ca358886eabbe1ddc8c07ce3ab6a105a447291b81744d84d9826e4440f741,1967.0,M,RJ
e501decc7875f850c5f3262fa0184f5d245864f6b2e934ccc1c120b47c8e5f36,1993.0,F,SP
7bde2d4e5a0302e60c7fdf1555b71eb17a19432f12610c074e63558b61d05fa7,1998.0,M,RJ
80ee857faced1499342af9d90c9182ab848475029da6bfb29d27deda9bf7384e,1989.0,M,RS
7572697d9a7158d9ebc5addd1f1368a6d719574d20f969c5fdcc161fbabba1a3,,NOT INFORMED,NOT INFORMED
159a34d26a5b65b15b7a2c60b35e626fb693f6b143aa9be161c6814011710ed7,1982.0,M,SP
dab83d176f75770d0cf4ab57c948d84012f50f6123858e6cd5c9e34f52c85bc6,,NOT INFORMED,NOT INFORMED
77546b5f7db51793361b7036088d701807abafb0382347bf7b6ccbc1a72e6be4,1969.0,F,SP
4964791e8b8d3521a0cf0b3b95b1de1363debc2c72a2621fbb1532f0ee5f5ce0,,NOT INFORMED,NOT INFORMED
72575415ef4d65c3119474a30f671c92b427ac629e0e6dc28306d4df4868f8f0,1986.0,M,PR
79e6a07983496cbc6e1450670290a28a405ca22660d2f294d8a1679f4478b8ca,1988.0,F,MG
7e3eaf4b04a57737bf22a43085fcb9aa28dbfa205ef8cb11cecc9c629dcd7d1c,1977.0,F,PI
96cc93bcc72253dd61dbb734fb33755e78178863d809a9c9c1d4e657bdf71c55,1959.0,F,PE
471f15d188144cc308e5ce855816c5f2eb1525ffb0f150bfb75b6f21bad64a8f,,NOT INFORMED,NOT INFORMED
92b559a1646ea0b3d80ebed97e713022a8dfa22d1947ac99a7dfc3214ab18b4c,1989.0,F,RJ
966ebc2cb5bdf0014952a2fa5537499f5ad0d9efc6bd6800da9dce1a4fcdeede,1981.0,F,RS
0dbb89251f77059bb6456a65d2e0c5472239e9c4e7c0b8ad33d6688d1edfcfd9,1964.0,M,SP
5ca05ba6224e9a268faf85c4e60990346d931de31a5d55c57024ac427e22cec4,1966.0,F,PR
8c61e3c24d2442ac1d3e09ed6709cdf7eec9ed481897dda433f207de0dd59c58,,NOT INFORMED,NOT INFORMED
745d53cd732da656b1fd50a8bf7f5a886c1315de536a235e2a2b625ed97835e5,1966.0,M,SP
013c7d6c1acb168970b192add9e5701adcd3311fbbd829650437b04ac3c9f59d,1981.0,M,SP
773e066d81ad0790c6d124b1f94a9115f05d0bffbb1d53f86240c92c3cf52b21,1979.0,F,PE
ac6ddd694de06d2dfa0510132220d3ff8d91037992bd54155a3ca716620548dd,1970.0,F,RS
d7e88892ce46ff4666056e60498f0f1a6b4ceeaba91a9b8d1d315384d2cc5005,1993.0,F,MG
0f588154f1b271203517c9818673e74ae18c13ebae07d89884464be50087ef07,1973.0,M,SP
8a9fe416420bda2facbcec8e9669a9ec340d7443d46f32d35d1e2ec49d03e03f,1991.0,F,SP
03feb22b2989edaed80a347a2d43add8b219769556ef70278934b08959d752ca,1982.0,F,PR
875623ac85a7ea63ba968bb401589d3d29c914c58d4953e550c1da469c236d6a,1988.0,M,MG
f87df3884a5a57f3228380abd2b58bb0cd029b94cbdd2b903a01a619b60b44b8,1977.0,M,SP
4bf1b5879c02d3b53d3a10ad99457b4ba4961fbec1f82f240d6b9b1c69d09125,1994.0,M,PA
1d66fdaac24665ca54f04f3e26cd388ca8dd0e8e5a972c126d233aa0e59920a9,1974.0,M,SP
77c600ae14b9a6ac18a65906b7c20dd06bf8a8e93b2a4d71658fe675aec5c4ab,1975.0,M,SP
9794dd94353956e8b7fcbcb842ff2e3927318019d2cdd32c62a5829e59c0c494,1981.0,F,MG
32e8ae21e16b614390dd0337bd2c58d4f2b341b558e76050e19deb4164d7a381,1961.0,F,SP
1085a2e96e0320f9fd76f7bf9e27689d01f136278913ea9ed4c205a1b1625b25,1989.0,M,SP
514949e44756ebe84a5dee1ab7d079675787d4f8b6bf7e27b872283e88e05e3f,1965.0,F,SP
9c0d5cdbef2afee7f16f455d4d0b63b996939a30172b4ecadb461f204d6d67a2,1979.0,M,BA
6a2e22f59791e09fcdb4e2d11f90b08d20af9c523f99fa07fe73ec9b6dd5b3bd,1982.0,M,RJ
217371bc299e5139a8472fd39d27a0452b6e98b85d07f3eb454d1af911e78ec1,1980.0,M,RJ
14c595e7b690fc3d392751379061c5097474de82e9972156c9550b630ae1508b,1967.0,F,PR
6a3ed3a98c2437b2630232234912c837b9bd03e146cc16ed7580ceb714b2be21,,NOT INFORMED,NOT INFORMED
1a36525e5cc7747439c80af841f559b51c144884d57d37b68a0babebedfb38a8,,NOT INFORMED,NOT INFORMED
612b54d83c08ff5cfc1db4346ac140e5bc1f9e572129e42d13385db705e5f6cc,1976.0,M,SP
b40aa9114510d4fa3ac311de58506586e0a167452abb8e7c2c9f1c58167526d0,1981.0,F,SP
02c15d2e525ce7379abebeaccda07ae715eed710502800b7c3f1811844499247,1987.0,F,ES
011cc3a329c4d76fe1b190f1f3b254f45a448c17e68fa48857b4b7bbd41b103b,1989.0,F,MS
a2400c8e6177628a1acbd1741b1f0fd682a4df267156cb27e6f2a8f1d38fc43e,1979.0,F,SP
1d0c1350b5eec7d552c58f3da5618530df7ac34697f4573394de36f6926283d5,1973.0,F,RJ
4bfa2f6d54059a7cc5591afb5d3bae5c58391ea1b1faee6953f8e2c2277aed39,1995.0,F,SP
7fded7a7912ada994d3819241ff3b0f211ecb8935eb1d29503919fc4b4e080a6,1969.0,M,BA
b79b49eb6dc10028ea2889e83a3ad576cb929c29f16a0d424e49b0093ea6c14c,1976.0,F,BA
5aa7ad1116f565ca0007882d409611f7c09d34a78bc3dbde632985d1028fd489,1986.0,F,SP
69275b7d71d5ae7281c1d25be5209ff7de159da7cb7eb025c1eea96f8b083dc2,1982.0,F,GO
ca31ae82b9e390a5d95bb3808d980f43736a5fa81d6215c6c8b219796dd4e0a2,1983.0,F,SP
0fac24d75c18ce2930ffe873ae136edd405526dec1423c439252b32b5aff7797,1988.0,M,RJ
5501a98e7cd60b67b502d75f22fbf9ae6e9f3aa6bac3a715f5c88632d8b18894,1996.0,M,BA
0b53d539f5bab768c895853d14e174ed62af67d34ae15465474f81e9c5bc3d25,1996.0,F,PR
de416ddaa4a68824b504cba8c0ff8192cc315594ebc1974b98a8a79ea1ac78ac,1960.0,M,SP
377a2eeb60ddcfdcd58e9b329e0333c45efe051e823eeb61384f93dfb71bb53a,1965.0,F,DF
09c073a377ae8577158ee93a06ea377a4dded3b15b9650fbb9868d2c21ff0a95,1986.0,F,SP
843dd5ded9438530f281096f9cce3fbf7650c4dda61ff436891f9a23d77d2a50,1946.0,M,SP
302c2bcfd6c5dfdbed8ed36b8b2172e989ce3e3efe09df3d4645d4198b7643fe,1978.0,F,SP
966622a0f19445c8680b256828f21bf0e5721b87cd8fa0049f7b9801d59a3344,1969.0,F,RJ
08ae8bc05a5cc77926434b24e70028d06fb828cc2afdaf5c3d62861b4cadf413,1988.0,F,DF
5ee3355de7ffd16c6eebc974d596aa2935b235f6dd1fa3766b16d1a59ef8968b,1993.0,F,RJ
5b8f6bc0b0de34247a05ab19153c64ad99f1d5d5624b9e9705c55f59a5819cf5,1960.0,M,MG
985b06ceaab0d0f7c3ea8bbd57355b0849c17e36a625b4b509176d3506a8fd8d,1967.0,F,SP
aaf6f4ec6f525abf3fd2333626ca1476941d6b9846720d97714a9dd063963d44,1990.0,M,PI
5b25b16c66e2974c3fd2e1407886184e10c8a88547447bf68a4c4b83cff497e5,1996.0,F,SP
288e581ac3654a0b39498d2b8429de257975d58d4f2b3a0d6c4367f4269c4ecb,1984.0,F,SP
0149d2f31b40b1f388a3cc2d5223633aab142279203562fbf2c011a8ccbf9d44,1987.0,F,SP
f1e6f4be899683fc93a620944e12bb50680226217aa7dd786acd9316ba52b884,1993.0,M,RS
07b5dc110c21e35d0bdad5047041322b791fa9110da8f2ac2146b73c6fac4ce9,1973.0,F,SP
0f3a7550fc394babefbf66b121bcc216f6385785a5f197d0141bd4cae5c41bc3,1966.0,M,MG
ba0a9038930aca1125fb13ab5bb751b8467e85362d126741d3e37e67a0a61481,,NOT INFORMED,NOT INFORMED
dea30b3a0d6e138fc3848b325206cc3e3285d0d6769091604631031ae7fc692e,1975.0,M,SP
a896dabff9a5a536fb1122a1a4dbeb5b98495686ccacdd58805a5e1b1a9d2ed5,1983.0,M,PI
e03c5206294708b93fc38fa37edd25051e0ddba26b9ccd4d3b799e744889653e,1948.0,F,GO
5c186fac5075b3138037481b31d4ed53cc6653d8c508ae58f5a669ec0892236a,2004.0,M,MA
7f3488e89a4b8891897e6d1072fbc87ff30fb8ee65958cb9859ee994ec91c049,1955.0,F,RJ
a4413f8567f766d363842a25a422d95b371acc2b7458cbd5754cd4423d6ec366,1961.0,M,RJ
6acc57e777b6a005e426321eb35c958d599d1acd7486eb46f58b9badf793c596,1978.0,M,MG
4fd40bf7ba79cc1eb46432afc13d220d048a01c1096985def81b2be9c13c3492,1985.0,M,RJ
c5b555f71ac81167369998704e0a63f4812fa22645ee33bcb1347f9f21b4bbb2,1983.0,F,SP
89b43f4e0bdc1686a96e41c8b3b7f66d0cec3a4bbdce3b5d7364ccefbc325c3b,1975.0,M,RN
6b31a27e2cd24df8c61e696252dbe40cc8d6a3742210bf3e1005b9e825a8e6f7,1947.0,F,SP
c29b42230356735c302c2a06bd6778ce46d4cecee48d44a1011fe33e7756f3b7,1968.0,F,SP
ca7c26519eb2f37c2a73458b69d4db4add29d4506db6c1e852ec2cff785dc633,,NOT INFORMED,NOT INFORMED
70cbce10f4076d008817980f254c5213a0368c966814accbef5d3b8c9c745da1,1968.0,M,SP
f1c95362f54587407bdc1a4b99ba78fe1328b3e49fc7ffa08f725ddbee483fce,1981.0,F,RJ
e235b640e9ae98b3ae21582560af83e6e6b37ac17e5361036a76ffd939f8f7fe,1992.0,M,MT
fca26ec0ec2a14fc35c32e35d274560e6dbc0443b29fb816c2de04bcee2bf3a5,1997.0,F,MG
3d972753b31bce65ace18e3d255e88dc83eab86e27f647924c3d92a1fb8df568,1981.0,M,RJ
0cd7cd92bd8519a1fcf81583f5d95856a8be9f3a40aac4ec90dd1e0c50f2ba8c,1989.0,F,SP
5f923899ac1751165c078c75698d5bb1fcfab1a207bb5a2ab46ee23cbdbb3f91,1998.0,F,BA
a28f83a4e93c895e96608af1fef2c476d2a2b363118448f52faf41d08e317578,1950.0,M,MG
0474a20dab552c3431e5154835aab3d200e489d19a94bb13b91897afcfdb5699,1988.0,F,DF
7cce887a2d594bbd3b59d16ad221b9498c602bd877dbd913af40007eb9edfb0c,1985.0,F,PA
860b194e3cc19d259d79c080f4988cc675b5616bbaa6425e48587909059381c3,1958.0,M,SP
78c86c3405f817ca2b6a016bcfecd18163fd85c305244b37436ce3d8e94c7e92,1982.0,M,SP
27ab94b3fadc2ab3d1bcb0d6017db526fd0dd96982a974e13944252985284390,1989.0,F,BA
b278a840ccd0ba54fe8c5fbe4a4b676da457f0b9e7ac460924391485af0899a8,1984.0,M,SP
1940dd31168450673190e0c35c86f6d0c6d2b645a00f8ad57dcc8c57ea5c46fd,1992.0,F,PR
b497af4c601e32a6f6264dd2b42375a2f3ff65d99723f97c66bbbc57cd10f77c,1983.0,M,SP
f9fd8bc83d191b69f4eff4fe7f56b44eb78cf559c334b0693422f4b7fa9c02d3,1989.0,F,MG
1cd4b667b77af7d80cdbc80c0530b1189664b38814b48312229f11a9670c47a0,1987.0,M,SC
d54fa2a3f2c17e98dbb26ff66258a044d0dc0fb768f0f03437fa0325b20982bf,1983.0,M,CE
cd772f6fd95f066fb5fbec163c625181f6da0bd8f2e1b7b79424fade82bec883,1976.0,M,SP
56ba729702898bd64e48400db73506cec3cb6a5f2702da2b151a4d36b0abadc8,1973.0,F,SP
2fbbbc2e1806c90573ce6efe767794307138b5f0ff5c9a652820e60dbb00d911,,NOT INFORMED,NOT INFORMED
d6f1d35a9fd85e947c72d180aec70cbc78ae2123d01988f4051f5fcb1643b75e,1980.0,M,MG
1702ecf5bdf8d31bab434021b569cc249897a62df9009296b121c0ed37c06fa1,1987.0,F,SC
adbb45e43f41a42f1954d8056a3110b8e0d8be5075245ad4a5db7fae2f44a597,1977.0,F,SP
a3ec7271e3d213af46d75d1e2ff6b24b47834a61bb7bb7e092e7ac52df921251,1983.0,M,SP
252851bb38e91c5242fe826c08f6ec2f46eec1bc34e6982441b039d59676e06a,1989.0,F,MG
f08326dca9b76bb9a7e17c524f13cbaebe0adaf112b455c7bfd776653b68a6a6,1985.0,F,SP
6b5f3056cfc75dd25b303dc581cbb384dcbc2ce448fb11c2bcba433117582abf,1963.0,M,SP
a67fb633c465ba702c68189ae67ec663a2f67a355d20489424d21ccc7d5c4a64,1989.0,F,RJ
9e42f220359da8de0657a6ea344a95c58c22f1bf528dc8e0a97d6f70ae5cbc16,1980.0,M,MS
6a1dad8b33c6e0f203ffdc2717f77523bf0bfb2d71d8329f26df68173e43df17,1988.0,F,SP
5ec6307a468945ec4600604b18bedd00ae935aba833a55905eb6e7a0c0b4cfdc,1975.0,M,SP
1cc7014f4b831f11195a060d09bee42f1a51897df4d963189e78084c8e82599c,1980.0,M,RJ
8c113625ca06de5b021df1f0f6fed2cc32d3dbde50bb8ac26c064217eec64a8b,1964.0,F,SP
9ccdac2d79d89014d98d3ec017a3b2597349da6ea0db54b2f739ddd37a9b1401,1974.0,F,SP
3469f92d937601dd10060a949918a4c0350145b814a414a001e752d6d22dc2b0,1989.0,F,MG
0e6d04f1e4ad0c240675b4e753f5936c5ffaeef07493b43bda7a1b57897f9008,1981.0,M,SC
6fdbfb1c8fba407f9867fa6a9b197cdeda720d6daf37cc159097a48b0cb0322e,1965.0,M,SP
a31a2bf233ad988b1e47e4efac62170d3e91c13f20676eb260306e65bc88cd71,1997.0,F,SC
0a3f76a50ac4a173612cd08239bbbc715ba9601c73b3c0ea6b974d1712292491,1982.0,F,PE
59cf9f233d81b70890f948a3d6a9d99b44657b6218b56f0f74a75a304fbff15e,1989.0,F,PB
415c5739ebf5bbdf59d1f29c921760c731ea5de2f7a6e3541273abe71675a7a2,1951.0,F,GO
f479b14eff584349db3c72b787837f444d1e69e50eb54174736360eb623a8105,1998.0,M,MG
e46b9c01f0ba7d8540e6c57e5674e4c6a0e70b1f61349173387dff30b23d03f2,1985.0,F,RJ
4164b4e49511e5977b11f32c5d4db96dfeb0ec2bfc4831443008083dc0b5f9c1,1996.0,F,RN
bcbe8d7dff5f9b88db5c33dde5ce0cf44d7828e3abe65f6823a4550e130373ae,1995.0,F,RS
750429c2ffda9ca77f774951afe0d949a6300dea6081bbeda963e473be844894,1961.0,F,MA
238a6c1aa596c05b40f21ee38c80a1948dffce0c7d552754ab4b1e7a87f52478,1971.0,F,MG
1e12fe304323e99adb82ce82ff05d0c26876b83b565cd20975477adfc9787bb5,1979.0,F,ES
f24afdc8df1a0a73e7e5e6ba910a00c132860cda6d12ab16b303809c61104207,1976.0,F,MG
5a9bff4b70db645dfdaebe80ec7e68611976a52a78da77e6fd40880f26d07907,1983.0,F,MG
de38da134c25446e78290b14f62956762d073b6ee31ad212f4c5c99dc3d21718,1974.0,M,SP
4df2684e983eea4a28d11ce83e13556221dfc25641387fc55fdc29ccdd4dcbd3,1968.0,F,RS
ab000a00d3296ba30a5a40e236bffd96144e584baf616211c88a47c101590994,1984.0,F,SP
feda3512b4925d4e7f2e6c5fa4ee7cf8f8da76e9204812a7be4e2e8dda565746,1963.0,M,MG
2831e2ef4a682f77b967cade1ef9984f3341449944678110d9189974ca4fc27c,1979.0,F,SP
f54634b1a26a5c2e3d18ff26301b233517d8c9de1bb1ed01b5eeca55348f1269,1973.0,F,BA
e861f39322bd6471b71346ef0a15c5f8efce2b58e073cdc3fc376a6aa60a2bde,1989.0,F,SP
1135b37a675aadf72d4e2f97891b1809bc5cd326635b0f5bea08343d0e77d73f,1989.0,F,SP
7b6af2051212340ab51308809cd7000f717752f85ae88b17ddbb371042fc282e,1985.0,F,PR
f67a2e8128ee0dbd2af3fe24fb5d4cb4dd3b97207933dcbda86a513800da0ee1,1983.0,M,RJ
77a514ebd810d217c8a2ef20b6ee63d11d07fba4c1e231b48d9f792ffad72e76,1991.0,F,RJ
1c0944435557ecd0900a02abe5ee8b72f51da26b585ed864c7abe8a295321be8,1988.0,F,PE
983ebc3cd779410042e02696c039aae392310f9d0a226771c7470c86c6f027dd,1985.0,F,RJ
b24d93a0282560eb7b3844e083a05a6e1a3ef29096370455a2129a57749d8093,1969.0,F,SP
95aa8bf40b718dd4316d2c4bf5a37e0f7937f835c13a72ed92ef1309c1adf5f8,1975.0,F,PA
a31f002e969766bbbf7bcd0f17caa086a2cb99b95d853c6ed2a4d02ec1909d96,2000.0,M,SP
d85aabb5bc838b5f9e036add755aa9527884325a61cd4624554aa1dd0aa21784,,F,SP
7f8d3f236820d6a5cb912967c1d987af2cece52f7bce09f23480aeafb1a2c631,1982.0,F,SP
85772b2a6c9c22155f7bf926f2d539e85d36e4712774557b0d2a01ab3c89a744,1994.0,F,RS
b3200719f3eb1fb326d8a1f4ed6ff54def3d2a48a26ba051d44089ba0cc751fd,1968.0,F,RS
ea458e9ee91f9803a11b9b678bc020901e82c27e7ebdda55a76156be369c4366,1988.0,M,GO
b444b3e2d6df072cdcceddaf27cd6c00207387e1e640abf2f9c376d8715eb343,1978.0,M,RJ
0adec1788874a58bbf81fa217138f62b6e4e52bb4db44f23308e79021b7507c9,1967.0,M,PR
559adcbc8ac02cc79863bd453eaa5a12a3ab1bc5d9b08c78fae75a82ec7d9394,1991.0,M,MG
6a82354421b0ec4c5b26cca91ef55b0620e9f12c46ee81c90dc674aa97a3d753,1970.0,F,RJ
d3813d25ec685db82188649eb58afdc390f121fa2c46f603e541998bac609016,1973.0,M,SP
52ee08c52807f48906ca99f236d15ed39c9e3b54b1a9a1c0df8c2c888fc9949f,,M,GO
804290b2c70769219ab83142086280beec90d332f200f8e3002608da4a6f83b9,1964.0,M,RJ
46fa8222ccf434fc550b8016fd1ac68e6c3777815f0eb574e80a608a8abe9c94,1978.0,F,CE
4b01d11d4090f5a42b32ecb31d9823a4e675a1aefc4d643d3881c10a796f563b,,F,SP
ecc186193ca906188e3454461c1ee5ca945fdc30aee499a8157b75b0dbd275dc,1967.0,M,RJ
8cf4721f4d9f868b7d0719bd431541e51558cd5938a0c071ebb79890d0557839,1984.0,F,RS
cecfc9c4a46211817c4d0d0234830f870b268cfa3489ad223a9823153cfb330f,1960.0,M,RS
5cfb87cb7d5bc5fb4b05d36c82877517e6e9291c044c5dd419011cba83c9e8fd,1980.0,F,PR
47c87c6398e9e1d9ffa31243a732199e9435f07cf4d00621dc721ff6deddac1a,1982.0,M,RS
18ac80715710ac713c466f43883860162d1a5d13a12c755599f5447808389b98,1996.0,F,RS
558c4982c971aed6312ba89ce8dcc289ca1bc9d0b3b0bf3231df08c8aecbab1b,1978.0,F,RS
753abe473e643128dbfd57f4c8428ba646cadf0412a712e5fdd00b36d663a924,1988.0,F,SP
9f234290e4f45070eeb5e83f97914a50684c9c5c91a69faefb2064defaff96bd,1973.0,F,SP
a22d86d50f888df0f197cbb69a69f43f9b8120487b55ed116a51f51dcc9fca17,1990.0,M,RN
766f3d1bbb84db65188b6c4b2617428d8ed1652a7b2db2804fdbe086ec03eae4,1990.0,M,GO
09534e544bf95584897a0c4f50fb40ada8181f9d7557f0c343e2c926a3674f61,1987.0,F,PE
89cdf661903cbe7e8388aa1c010d7c05225716714c517c88f880c7af6abb5f85,1989.0,F,SP
9478662ad4a2b93216c394c3f2b9f93ba0f7ba2d4bce068f9053a7464978a846,1997.0,F,RJ
a59b603c56b110a64a99b068bab4d8ff2a27e1890a6acc53361b76854e93f5fb,1955.0,F,MG
6e5daf6a58590a20a0deefb99f83c6b1817674a284b9b4e6b7eb63b225f18e5a,1977.0,M,SP
d83d004797dd76e3a226a937d03f8c58cc754c36786479022f2651b73610cc77,1967.0,M,SP
a98862465dfd9294f0897d3478262752d93704586a9885991678afc79d05b308,1974.0,M,SP
6e73e7b0c27945cccad5a40ca1afe4bcef28e831996cdf212ddb875f8ea0fd05,1968.0,F,MG
cb99c64a33c1bc6c4dc4be2ac1d4626f96932c4fe6174480b6e3baf0da900eab,1957.0,M,SP
271d1ab7fe85cdb47f285ff00de4c47d05258c968a7041e7961390c849b58d25,1983.0,M,RJ
9531107d891a7ec8ea5ffc58d25f01dead890eefae3c72e5cce19c2ddaa2e30e,1974.0,F,RJ
4616069a5537aed39099ecdd54a1a441ff69c9edc1561175bc72f5d43f4cf210,1949.0,M,SP
810d6a4132d18474c6d1f6945e848011d9e32c88a3ffb2e7c02ab12880b5dbec,1994.0,F,PE
6d10d5f0c238f7fa4046164082906920f49b0db830846b78360384faceeb7036,1965.0,F,SP
84c67e29240d6f16e4abe549e629a71e849f0a8da802feb706e1fce008ccfed7,1981.0,M,SE
181c1a5d034d9e3c039cbd8f91b4a6400c6e9cfeedb96578d68acbaaeb523142,1999.0,F,TO
6eab782499bb986a0e052c05cc5ec447468f38c46247d8d3ea452641788a8d8f,1971.0,F,SP
fe4fb61e8f4635853478d13afab56e2e019fb5a17af030fd66e330eacae2c772,1993.0,F,SP
472978034352056546f6a4091b0ddcaf3f0895742a54d982aa26c0cc8171e0c9,1970.0,F,RS
c951f3a4511b554a1f34330903c320f34cfccbdf8de35773704e17f26978d9e5,1978.0,F,ES
711d70cb99c46c79dec83033d2446541072d85cc89addcc79b73c1a4eba4782e,1983.0,F,SP
ca1286c9f6e4fc3963b6e481b9477d513a7996527f424d8e29148d7a45dd2a14,1980.0,F,SP
096314e16bdd0e4661096c02e6d0e1591db14765d7a4376e56b8422e7a1ba2d2,1993.0,F,SP
7cb3f20557e3345a3a6c6ab7be87eefbbad6e0b967e5be17634029153ec9bf61,1960.0,F,MG
04940287c05e36f3c5d346856de5860421a75f1cbf08d895f7dbdf9050eaebb8,1956.0,M,SP
cc19d7c55b6aea3c963ad8a807315611ed054675afc065443cf9c503d58219a0,1993.0,M,SC
515767d44345a4377ad398ed91fee265500af592ea4ebdda1f244525aac54e91,1978.0,F,SP
b2fc96414529d82565d4721256a42cd4f2f5990ea0a56bf19ee3000c0b802def,1986.0,F,SP
51300857425cfbb864622f34369ccdcc2dd656d6ba5379f8741315412c98644b,1995.0,F,GO
97778444a0cbb6bc628a0ad44060141be6a726e24a4e59e4769eb54690c414f6,1980.0,F,SP
fa1b5590df00f038ae17ac84578fc861c4b021cc91c10b536dd7b9c9ea373623,1998.0,F,SP
95e9937f430def5f62ba13b11c679117f0cd3ea99e4dba5fe3ffe44245503420,1977.0,M,PE
cb5f528ecb6d49a55a74ea4abd6793afafca6c33d2e4277072e309b102fe032e,1949.0,F,PE
badaa57d9d3df25521d8d13d9fd1d3f0d0489eb50b9ccb8502aed004c2bb7599,1964.0,M,RJ
9fddf986d398df128127ee7cdf58c14c613463e170a23138da3fc486f5cbc2e9,1976.0,F,RJ
c8089506736169d597e1038500addc06a703d22fa5801370838438fb89568aea,1990.0,F,SP
33521cf84bf6c3574583e3f01c01b184a7993fb89ec7a1deda392e5a43321741,1967.0,F,BA
9a5641347d58934d634519ec43fdaf5b471384169dd7f12de098cf4bd31418a8,1972.0,F,PR
8c1de18c4f651d6d656c6390fc444c866f1038add9ea6da036a4beabafdf12e2,,M,SP
167415960aed34e09f67ea04e8d22094b57a93740b68feb1c9fb82aade3ee932,1994.0,F,SP
9e19ab86e03ed420cf961128bb815926bb4cedf529d9d11cd5b7ec1de28d857c,1980.0,F,SP
41c8b258e6bd269b0261901bd3e343829068ee98bd10f1d440a463f0a05cbd7e,1979.0,F,SP
1c4874161e8f149268957fa6d313c4c1e469008ab443e6aee608ef637f68f674,1989.0,F,BA
213c342aeea41bf1582e06bf13f97eb51ca61bef194cdb903c1f4da046005adc,1994.0,F,SP
1a6e3584f77e5bf1fa84297afa94dfb6589f154b9dc1b0261dc3ed6047e2e957,1967.0,M,PR
a3b69b7011bfd493386428f88e8fdac7c8af8db41b775cdbaed2c2434fa96c21,1986.0,M,CE
3dde03f95485aba31e9114ff4764f0fac09064b4936e62e216ec0327f12524ef,1968.0,F,RJ
4565c4b7d3a61a66f21ca08350cd1a7b07c8a915d1373e61fe5bb342a7898293,1988.0,F,SE
37ee8e43e8b5779e36492f243121c87196f616577fb4572a0417f846adb8ebc2,1964.0,F,MG
0feeb503549d197fdae4181dfbecd4bb1c4f45402952df6f9f982750bc8cffd7,1990.0,F,SP
49709b2d6a04a0fbb27803a29b793a7ff641164d01d3b35b4262d8b0baddba6b,1973.0,F,PR
f5eef02f8c7c8250ebd0bd1f887cc48c66f9099e6ce60e8677a09490e2bca12a,1961.0,F,SP
a81eb765c83ddf0b76603d0e120c731df7567ced60fd7d70f820d448e3e02dcc,1972.0,F,SP
4ccde5839a607f9267752a3041cd1b985426cbbfa5e60ef01bb4a0ffb9843a02,1991.0,F,RS
7263d05a55ed15a8d51280f3f84d2d2f595449e01bb9dd7be57316faec6b4980,1976.0,F,MG
a69704ddce146120f4f8c926e5d12833ccceaf2e120376e65e9ae86b8a7b9e63,1983.0,F,ES
209767a24719b4709234d61bfa074428118a32dced1507195b4227fcf447c959,1968.0,M,SP
a4b707923174bc3cf9dba72db5e8b22c3b2be8946a1690041358be7fdf75d1f2,1951.0,M,SP
620c80f8b01b4de38bab4047e0425c54040966111e4d10a3d1b60f3d4eb464ca,1997.0,F,BA
db8d5fa7e7d4062c5e5d3122252160a3a058181cfba2f24ba754610b37f26a11,1986.0,F,BA
907f3dcdc5ee52408f4ee475c315858c41d76eb727cdc43e267384f63e248575,1968.0,F,RJ
14527b97ad8b4805ebb4a00e9e7414e95302ddd09629675d91f25f78037589be,1964.0,M,RJ
39bbf5eefd2bd967c81153c529ae1f23862cc33a9bf8f462631af7814de9cf1b,1960.0,M,SP
835572b0ec592fbf35aa37b8e263c58586e897bc5b6e0020f6e32f10b81d0d3f,1981.0,F,MG
971aa0f4dd9f459d73fada1fd5616375d2088acf68e8851f7957afac1e5adfdd,1987.0,F,BA
30e4917f27be6e83a62be82b1fae8a144f5cc177396125f9fedf92436f0f08a5,1999.0,M,SP
24e44332a2b6b7ca7b51e803bec5238131cefdeedacc78c6fd122e18a21a6dbe,1976.0,F,SP
213442bb2832b4201468d1b939a7bacb8a0487ab251d39e5573f409e34664e76,1975.0,F,SP
cc8d8e27ef2dfc42c79669820410d386e2b76d7e84d46c9ede77ac5d6ac2adbf,1978.0,M,RJ
e87ca94f2b8d77c1fdc645af1b3d7829fd9c04a2b2352b060d85ef7a2b70f3ec,1966.0,F,MG
0a99200e92ab5460bead01518826d05f48374e51a509a190a4ad16507020346a,1994.0,M,SP
30a13fed6241288b5ebf680b865c00fd529ca17ea6a901118cd72de005a94c41,1928.0,M,RJ
889516e31f46564f2f8760b8b9fcf38e07bccf56fb00411ee822a083e5bd158b,1990.0,F,MG
afae9f4c9ddab51d7f5da41e910d491bb55b309404530ab1908ae643ded89db0,1993.0,F,SP
b73d1b101ef1f22d8097b0a4e1f1509e8784e6bd2e26ea91e7f72b56bd06636a,1969.0,F,RS
2bdd8f81b44dd7a58bfe25ddf4171d684c5a93327dd86391e9b43a60cf2b0420,1966.0,F,SP
f82c401c2c48cdfe416269d493495bf488692dd57b988e29872eb2fe0b0bd470,1957.0,F,SP
500e1c9fc74ed8141afcc9fe994eeecdad3ca8adada3fb8da030a61a0086098f,1979.0,F,PE
208bff5d72f8db0349062cc8c47ee946c51d30663a0a22e1d37e106d3c08bdfb,1990.0,F,SP
93d2037791726f61335268d16575087c13a57e90d8504e63f650972d18dc40a4,,NOT INFORMED,NOT INFORMED
c7803332649ac4056cce28cc8de80d03ba5b013e1915a17c431b77e489ee9913,1981.0,M,SP
4f749a23ff0bf1f6511630e56ff1db15621d0a3a341af500502daa48b8b65c57,1983.0,M,SP
30f3f6175d116e3d89cc4fffd90ccf59ff888d00e89a3ad6077ad63d004673d1,1978.0,F,SP
0df3c0e56a328193081dbc4fb948310149da8bccced386af188af64f6d576249,1991.0,F,MG
b347a203e0f4a8ac2bc753d3c7540cc427299136934f1fb90be2ef5d27dd1f8f,1970.0,M,SP
2cd19a578a18be9e2e0ede31417f936500dffe17702d64871f89c58f2968fc5e,1979.0,M,SP
a09eab4cf105633debadb1b2185df486fbd3b823b71fbcde70410a093b616ce1,1974.0,M,SP
5ac4a65c54409d8fdc93243abfe36c4ce97be75e2a6a6e3f67bbed837f2f61b7,1985.0,M,SP
769643cf5bcca95d1447a96aeb4c7cdf9a15e554118f713b47cf404c6d5dcacd,1997.0,M,BA
9d0cdb0dec5a51718ee6efba8e1addc8f06ab1ca6f77872365bff43a90c3a3a5,1986.0,M,SP
7c9669eef4681516d902a3054b3713e8c424847e7e4808c20c2b804dcf51b42d,1967.0,F,SP
07d3aa9e1d06d368ef1043da8df09d3effb4d6acc819279546daf834856c2591,1977.0,F,SP
3e9b26e1515479d78b63dd12686cc4399b7df234ce14deac2d0fd6a854b42414,1960.0,F,SP
448780202163f1422893f24206658318329c82c38e45c6bab5d3918e9195af3b,1985.0,F,SP
9566484892a0cc7185a2ca64ae7368945f1e417a56cb02e6046d9b817c57af78,1974.0,F,SP
a537d059280aee23161265fe78525a0496820ea9242e35d443f340558246a5c6,1992.0,M,SC
15bcf71f974ef08818ae3431eb8c8e97686366583aa8c6e8ff5644d3b343e13f,1993.0,F,SP
54e2927b174aaa8cdfc5df25b2c2ddc3e1afb98bb6b8fc8b5e9f99e5a06c361a,1985.0,F,SC
519990c84d3d89ef75bda210f9492a341e8b61b5c20c4b8e3782972d800205b9,1979.0,M,SP
2026243b4c915162bb40d274e06843b82193e40a9a8e9a27eaecbbc5faec5dad,1994.0,F,PE
6e85369a1d4f31dc8e742b13aac07dbee547c0ed052ba7ee95b93b548249ca02,1974.0,F,RJ
438ced1357778db76edfe9edd2d8a344fd1630cd879708755283807c8e7c5628,1996.0,M,SP
742c7192c171078011a32a09f3baef33bbfc7a65fc7794e02c13efa868fac5c1,1978.0,F,RJ
6436fc640afacda81c7add549f2e086fc792dbbf9ae79063c8b0925f24c63d0b,1988.0,F,ES
a9cacfd104888c71bb879c31c5c3288d234ea693367379dbe9b58e7032a60d04,1957.0,M,RS
255cbf29cf4b32be5c373aec88bb1cece9eb59ff7669655db47c83503bfc316d,1976.0,M,RJ
3b2ac1b5cc6c3cd29a0a8e81bd7012afe955069fdc849777a4f8347f6543c602,1982.0,M,PE
69225ea2d0b8f3382ebc90b5e6e6718bf1cb79ef3325ffd7545a12ca0ae368c0,1993.0,F,BA
eb33f720433ea637270727aef301d692b9e9b45b309fc4ba33712599bc97699a,1978.0,M,RJ
f1474079a523d66c4f0614736bb63afd188352aedf8537b7a4ec406ae73d37c4,1984.0,F,MG
95dc756a0ff62d00e2e4682e24105e01826322541f490c80b732704d0644c5c9,1980.0,F,RJ
567dc501a9b8189e688f60e508a9faf74ba80c669a19d9f655b68bb6f46d96d3,,NOT INFORMED,NOT INFORMED
dc306bfd8780965d12714e06f069e0e1a8d3d15a2f6aa65c6ca6346085817869,1988.0,F,SP
5d39a11c7be56ca303e83573557160f433a776b294316f4b389cc12e33447648,1975.0,F,TO
c74230161a969db0ed8bae4bb118f3d7b08e77119e18c669911d3b355aceda8d,1972.0,F,RJ
1578dfabe78bbb71af57454083eabcca4292c0782abbb414fa1e99e3ebe072f9,1978.0,M,SP
54adcd1da447a9aee8338396ea5ebe5f00d0258e005cf81233e983be2fe5c23d,1987.0,F,SP
9fa83c63345fc74b943c9449ef9ed49f16165f3071a13930accbdea4dd9f2153,1973.0,F,RJ
cec812e94a411cae6f6ee173f6c0ffbddad1368b9cbb1eec3f4bde875295c553,,NOT INFORMED,NOT INFORMED
09750e495e0527c7d669dff42da1d2f4c9ee6d767697a6ec0ea8f981226be705,1968.0,F,RJ
03ee468ee613c855d7add12bcc1a695b0588ccdcde4b2deb211cfd34ba1440bd,,NOT INFORMED,NOT INFORMED
4e35bbaeac6951e9bf085d61688cc6427769752a039bd69b846b14438f2e0112,1970.0,M,PE
9d950f0f29e7b40b9bea336fee51cab70a589e3969fadf06e2c60e574fc2d16b,1984.0,M,ES
f4023173c6f1cedc331b5b1dddc5bb75616ea9102e14fe8385d0298a62e5c0c2,1979.0,F,MG
9043ef101185cc93f079679aac0ba9cf61522e44b17276118189fc69c8c397d1,1984.0,F,SP
c45b60dc23608414abce98ee0d69bfe53ca08249b375f9928a92b07ef70299fb,1990.0,F,SP
21a56a8c369374d5cb4d6bf1c81b5975424d442c4e851be2d01905bb9ec0bd0c,1954.0,M,RJ
21f86fdf6a1829540a4c689f2744b971797f50526fafda7108a4eb983178d37f,1986.0,F,SP
1613548a856924f32ed92255e3d5a14dfe4ffd37aeb5ea73d603d18c1277fed6,1950.0,F,SP
81b2e0b3a6dd6c397680b5d63204e405a53c37014228ea40ad3fbba3dcbb428d,1994.0,F,SP
71906cb2aa7725dabedd912f37ab7d4665fbc824b52849b0268cf734a3b25d80,1979.0,F,SP
7840a0820e34f53c4f33491afc5bc51052523d6933aaa72f64398d413387f8c2,1985.0,M,SP
7764d8a5dc61727c0e89942e86d69d8337c91e28045c6411a496a2d4b80a0d3f,1980.0,F,SP
a3ad2e1d0b7d6c2550c96def07a257ee00ca929503191551b503767b47a0e08f,1992.0,M,MG
1dc8b282062abddcdd65aa04e6d38c281cf2330a26017710d61d645cdbee7445,1991.0,F,BA
29a49e6637092c7533f664a158c68ccf77f8576b8342a729849d21c4966c5a75,1994.0,M,SP
029b5d9ebd1e49a4bbcfa93f240382a0753ca2cc3d86c16f94f2b6244765d455,1963.0,M,SP
1c2bccf5323876ac024002a211b060449534706fe736edd334b14908bde023bc,1983.0,M,MS
0c18c40f1541834995497deb1da2af3781047991bdd6b684647e1f8c61b5983e,1977.0,F,ES
48717c2ee4fb7e58bf09f0592a4d23e40ff93ddcd3e6fb5dba984e81038c5856,1996.0,M,MG
1a74cfdd552ad8d5bb15df82c0a5d23a2e0e20365cd97b3034fa7471cf23672e,1997.0,F,SP
e0791a681fdbb6f86163b1dd0d0647f5f266a67ec3044460e0810a14c189fd14,1986.0,M,GO
b21ca1d55545e183ae32dc4a49f5770f4b6cef3218bf16d61b151f553697d16b,1986.0,F,SP
41ad627f2e5721bab35948c938f0857679c92d179bba6e1957034617a46af1be,1964.0,M,SP
f753a6a651a198fbbaf246131df363e645ed8219f8868dd55f7b5267cc4a4469,1993.0,M,DF
c583ff861daf23711283a64048c24809bffe355aa53c79220f8d7090ed813c5c,1978.0,F,RS
d2595827aa38ca0d36f2a2f159d933ed3fdd6fea5be9f530ecede8ae3aec16f4,1947.0,M,SP
0083694449b97fcc5ba1ddc2bd482542a47e828491da9c357003feb86525375a,1977.0,M,SP
568af82637871738be674597190201b55fb0b9de84cc8e7940e40a886b620811,1966.0,F,SP
87122405bb8a74e67bcafd4ffbd51e91b2fd50f58f2faf0cab154895ee0535e7,1987.0,F,RS
68b874fcecccea7703a375190085b84fe90bc5c08baf67657978a0c696dbea82,1964.0,F,SP
b619a5ebf6810e70f5c0805556b211d8dae2522f107c729299fe17b7243c30d7,1972.0,F,SP
af8598f449003f72333c648b7da2542ebf74f6b4ae12561e404a8e9c4a79bad9,1991.0,F,SP
eefa0826a1e67cedd3f55d6ab8ed86c78da650ade2c80a37012aacfc5610666f,1979.0,M,MG
37daf33ee31d60c6dd812d98d007312e2236f6ad942117165b263061a72aa230,1984.0,F,RS
5ef43561023d1124bc7f16860940a5413a1abcfc683deca8710374f03a0bd70d,1971.0,M,SP
02e15c6d119d67f9acd3f3266259d5c8ffedb5e909a42f38497981bde10192bb,1967.0,M,SP
9fc778c3e09826ccf4103300489e8b7b1bb1402543402699bb0789195b91786c,1974.0,M,SP
66c7808923cd31fcf40ae12544f7521916b02e7cfa868aa532d698e8e2ac4e9e,1948.0,M,MG
df9f8db380c3b5114e487ea8cb73d482906db91a080291b911129fa27c8e4354,1980.0,F,SP
f22352163891ba22026baff97362e5b40a2b750249cbc008d845d085abae4e74,1986.0,F,MG
0b06c5349a9642901e3ec989eb65f597fa43f4de85eabe36f7a0db0fa0f888ff,1975.0,F,SP
08a878da3bdee861dc134c39e10b17213f4cb38e2f71a882fa11ce2bc5a7b1d6,1973.0,F,SP
990644a44f9ef646ec4dd3cacf7d3a90bccc23b7f354311d2dba4d039acb3c7f,,NOT INFORMED,NOT INFORMED
5f3e2ad8570e68e40c4d785a1a62e3508bd3c35d74a7987b2d83800c6c57cb9e,1986.0,F,BA
081ea803f6bc58485232d2caef8af9240b617bc511b0fc43b0833e5d8c935bf4,1987.0,F,SP
39846dd34dcc726df185c70bc5c75cebd13933e26af098307e95148116c8f0eb,1975.0,M,PE
46f100b99cef9ae3e364d1a65111b5587fe8913eb4dd80635ef7dd2179779bab,1990.0,F,MG
014c70ab019cfafe0253b9759a5ad81abb68c0f0a06fa60b12374e24c1ff4950,1987.0,M,SP
1e4c40889e4a6753343fdcf755506ce024a70a6684bfd2765bcfc5834466ab0e,1989.0,F,PR
e7eee6a29d649d1be144211d8f0637ae451be00da2b6cbddce1a588ae1e91ea4,1966.0,M,RS
86896f09dc73dbc9639a3a5a432e431823249d8a95123ed15fecc5cb212d0901,1960.0,M,PR
81f7fcc32c7b96cc0063ca109eea22a0e86a752f25f8906f7d94d3df6b1cbff8,1969.0,M,RJ
f2b4832c6aae33c7e775195e36fae74720d636fad4d3e5522cbe1148d36fb790,1980.0,F,SP
4b2555281422d22595578871d89a95ec097d25b9bad7aff1191a794324aba20c,1991.0,F,SP
f2c52e69de4d514dcedb47d2d860845f1df7d8afbe2058ee2c8d899c29411062,1980.0,F,SP
ccafd3eaee7d866012e56e43c302764a48bb970a5aff05c24b6eac4d27ced05f,1953.0,M,ES
52e2115f4c26239750d25817d1d0b4de2ae91c43c77aff5fda5e7a58f1ca3ac6,1986.0,F,RJ
283982d6d87c11e9eca43ab0499ea49e804944aea3ab12f2b3c055c5012d13f0,1978.0,M,SP
cc4c146d43a81741437a5e41529b28e54f559026fa586dea416cf548a8bafe44,1988.0,F,DF
cda761f81f2f33e147ee459113ce428aefd549ba3fea27df7fe6befc6b340f88,1993.0,F,GO
5df63098e47a078305ee10ec71b9dd4722f4b3ef16f77247823345e83a8f729d,1992.0,F,PR
1d600f8cbd705792b4c4078e0bb185b86385d61788bea11d902fd2f18a659d1a,1994.0,F,SC
092bbc729b457685dacec0d0a510d2fa6d0463bf905b1f5c682eaf78144ee621,1984.0,M,SP
02edb0f69a4d0ae6e0fcdc903556b4eaefab30f8b92646adb808da2b6e406e88,1971.0,F,SP
a314d29913be533952b98464589b50a1cd8f602c719a58bc89233ddded17bb60,1968.0,M,SP
c0b3103ca283411da7a5cfcc60c6cae00cb0f07deebfe4c6a3d5a0a27602d7cc,1994.0,M,SP
c958d3583c31c9474c56d4ac033fa2685f42b5b788b657196407bd71fe67cd2e,1977.0,M,DF
52da5325036e4b567ca1fe668a1605169046165020c5dca4c848fc8a34d1e0ef,1974.0,F,SP
d825e15d507ba0fb764ae7e018d853d0afc021f771954cf158319619d614a329,1968.0,F,SP
b4e38a5e2ccde717db57c6d18f2436b0a72f596185977a4e6669f7900ed09858,1983.0,M,PE
2d3ff0eff97f973bf1023d7aac5ef962d3741956f4123c67429f2913b4fed5a0,1989.0,F,MG
7e7c879353e29f9a868795575352c17296e7b517ba52277389a16b0cae9b8a28,,NOT INFORMED,NOT INFORMED
9274fbcd96300c153e1fa8d8681eea550824a701f92f103dd2c8cf3f845da90c,1962.0,M,SP
2049d726a63ff8fb0d38e3c086dd1d8f7bd6f9ef13588df8f188e31d879c25c7,1992.0,F,SP
5b724c4f8d80f9c9ff396603bb9f5b06cce82e234651fdaa3f08a06cec5772ff,1994.0,F,RN
9f59ebd6341d5a132486465c1187353b98e664f0caf08848defde9c97f7ea42d,1995.0,F,SP
66bee33348edb36b9eb00cd490a077d13118000b6cd9469c2b3c3a6b97f1ced9,1990.0,F,SP
057d39072e60a07b3aa6027a196b2de36a770d0f3c8a3b0c42169c1acc62d23d,1982.0,F,SP
794afc921fc16cf47eed05175f39e9e09a60909c801afa60c21c5b042068d105,1959.0,M,SP
ca7e4c1d58ebd0d984f2b3f045499622fc0de0a74540efed2cb816c3833adb23,1999.0,F,SP
ddd9eb724b7b8c42161ae301b97e8c86cdbb5b6195c5ab0b6820a7688f800a6a,1986.0,F,SP
716e02100e29c2b0700b930393ecab3548a24d61f5d70302af977653c71d2220,1975.0,F,SP
198b6b089199d051abcffc0b7a6e53cefcf2580b556e8cfafc76dbb02bfbf9dc,1984.0,F,SP
1c34fd0ee8f35fc13f4864ffd89b9f196527381cce69964c97651630ad6e8495,1975.0,F,CE
10c00bb6a698fb155f19ab3a49455cf8a83d92295b43a41180d37749e2885b13,1990.0,F,SP
50e69e124938f600b668c00b0fdab4c6ce19e7e68339f5b09ec18ebb250cd98c,,F,MG
ced8fa41f2ee011b80e257b8d1da1d2bc911ca7b2dfa730a9080732348adf3c3,1988.0,F,PE
b5bee5fb9de500bdca056c66ce1a1132af8fe64934a9c6f35d382a987e98111d,1968.0,M,RN
def5e009beb4ce3721a1d9509791deb63d87d5b4bcb49a5465432c9f7eb361f7,1975.0,F,RJ
2ad822bfa1a72e581d537ce5cbbf6376ad3fdaed5400b11fac28d838a6e256c2,1966.0,M,PR
8a74fe69a867f41ccb1fbf847a67fdf70ba17648907506ab73f085363eb42e63,1986.0,M,SP
2e3859cc1003277140ec8585560851cc555ef4cce32f8b2a0634e94fc1344c72,1982.0,F,SP
e307b70d184a765aa6159199511c77581263723bf9d2eaa147f047478b3bc8b7,1981.0,F,SP
f218ddc642ab2d1dfd8c3032ce3ad1c5163069a0793eed810795a405453452fa,1974.0,M,PA
b45c2187724aab901c5c7652b6926820a1fe65596dbd1091c678c2b6b9c384b5,1975.0,F,SP
21871d73c55203ba0aef91a53c50265a2e900b308e767d725ee6bd6aca81e640,1996.0,F,SP
fa725fce7bb656c35208f3e3b24788f64edd83d9a60fd4373a8fe35095f7c178,,NOT INFORMED,NOT INFORMED
4f6982650c78318d9d1f2248dde3dab6da357a6af22b6ec9b7c8a871b33c80ca,1990.0,F,BA
4a92a46d6cb56772af0b8952a83681f20748cba7a290cea693aed123d0c4a0bf,1982.0,F,RJ
10831b908d6c590cd81aaedb55009b93638ffdee1dc94c823bf54e56fcede64d,1979.0,M,MG
877bd457be27994926c2bdabb71dad5d9d7920d6d87f8161dac7425f16be1506,1986.0,F,MG
ddb02f1d1f188a58cb3ed6560e152e0194a8c25ca839e7ba572e61b83915c30c,1982.0,F,RJ
4b6aede26caa8a2e1c669a0b55ccb1aa1b864987323b430a9e169195598df648,1975.0,F,SP
f095a8a05a658841e192a3b5888896ccff5827da816b4bddcc20d3f0cb8904cd,1962.0,F,RS
0f43fb302b78445720402ba09971de196dfd05ada2920f04bbae37b8342d5d3c,1985.0,M,SP
805f35c9eb03adf73eabb0ff70c6a97e7bdd629c6989906ba9855b5ce9c211a9,1960.0,M,PE
ab1cfcb04ec3969b602fe151ad4cc471213dc1de66b8e63317d8edf5057d2ff4,1984.0,M,SP
339835d4427ef7d2d0de720a7fc12c9824048f39fafd820fe2e3029ed725c7ec,1990.0,M,PI
437fcda8cf0b370c82af23a680515efbdb3f99eaeab81a31500a82293dfde6b1,1972.0,F,SP
c371db3b3677da658070da275e55e39fbb687cfeff2e4f4cd797b91c9702e50e,1985.0,F,SP
856676a9091d88e5364953683c77790e6e764e604d4117588d3765735440fda3,1954.0,F,SP
582db8d164942bb35f3ffc761335fe24ffc663f4105ffe2495ae6f79f716b766,1997.0,F,SP
583cdef591aa993202eb9f87d8375bba53ea4f0f9cd99209ba3e4c48a2d940b7,1979.0,M,SP
fc3fbd728fe09a8ce517ffbf9e2f944c38f741e07db858fc1b950b8d4add4b47,,M,SP
350794d10ca873f4ab0f61c81d1c10879d567a21eec48b5864a8972171b9a971,1985.0,M,PR
2010425059e50c50a2bb5951b60e2c681a59b4cfc6c0be3fa90568fdf368ee42,1988.0,F,PR
deb5459b8e717cc1c42b5615d552cd51a39529963d7eff18ec32a5bf73731e18,1978.0,F,RJ
6b96d0cba9b917182bce5a19479b1359f380c67e5f65bc49e07fdd7f219d15db,1951.0,F,SP
9fbbf8432afd136607c0edbdec51b6096e202ec1b74851db893e1b0b534b5c1a,1974.0,F,SP
087e659db70652806282fe5fbdd3cd1955d1dc8b452c647fdf284486ffb537f6,1974.0,F,MG
22e382512444d5396c380254ee93aee7494a9d6effe60d1b88bc2b8d11d65d02,1985.0,M,RJ
20b0e1177f259b2a260c4ab965a4a988cb8255520a705c15c5a7bcdd62b909a4,1988.0,M,SP
4163c002a58f9cad28743cf0855d67f780cfda13d27303a02c830bfbed6afe21,1963.0,F,RJ
67ac9ccae00f3b1faa7597164ad01bb243fd82e41c5bc21583783a5256c1a30f,1961.0,F,DF
47ebd859c43a90d00db7c4a2ba2c1f7675ed409fadfdcaa18785b699bb0ce090,1967.0,M,BA
a3eaeda00c7491514e763f498c11fbc3f792aca08f836526332ce35c1d2809aa,1977.0,F,SP
4d4ccedbbac4d7b4520c9fb94da01ef4ee4e92282d94b24571a12e5170818185,1982.0,F,SP
73d0005d5a1f3ab6aa73bea136abb58a4710c1b2464c9219b0353aa6988374d9,1988.0,F,SP
5f37f7bd0167389653ca936ece0d50d4ddf479df27822aaa2f50c77095d453bd,1978.0,F,MG
295e5494eb0233ddda3b9c8f6e8854c07b97298de8f01ca3458e46ece46ac12e,1997.0,F,RJ
02996acad02c81613e6edd2c6a55ca94baa13927c184a8d91e166c210bf311ff,1989.0,F,MT
ab8dbb20bdb226ba9ada551d498f777a5103b3cc514312e056e3d62d6e4847a9,1968.0,M,SP
11bf97e34879897df3ceb3767ad289e0f1510bc96407c7df94ccdf807cd7ad4e,,NOT INFORMED,NOT INFORMED
64f002c02dbda2cafd83d67eb393e5fac8f13ddf965631ca1329d75cd7a0c4b2,1980.0,F,SP
3d15aaa0a990454e4d3da2c6ca196c8483a8ab1208338c2dce667ae39ec57800,1992.0,F,RJ
15a96dd9468f4960e2f10ff93a0ae7252fe2a2a19410bbdabee506de8611d99a,1977.0,M,MG
11d2c66fe785a83a64ab4fd88958ff46001ade40e9c5aca92ac7b04c78b5bb0c,1976.0,F,SC
692dc44252ecc6267863a99235245c4bd185001b3d80cc9d76416b2ec546a22d,1988.0,F,MG
c7b444d96fd106a040934fd1a32777d596f5bfdff927210e3d5e07d0138ad80f,1975.0,M,SP
08ce16bd63a446187204216c5796be695534120705b41bd68d6fa058d6e73e8b,1992.0,F,SP
5061d026bc214f1c1bc5799c6955a01296f776733bcd5a27912b4f634a5350b2,1995.0,F,SP
a3d131b2c29d7819c15b672c38e8f7d353712e8fdbce0c18881dc5a3f0164e61,1973.0,M,RJ
6873f7096f84101895eea7b274c45f4375894092e0f8bc46e13d3c6dc30cd0c0,1997.0,F,MG
cfe08f91da890ec8c530eee9bee0cc611364150944661c662026a858f923bbeb,,NOT INFORMED,NOT INFORMED
e0f252611ded62472ba662a6bc19d9c56832748d3b05f4a619af02972698041b,1996.0,M,PB
4eb984f21f7f44b4e53b7e3390c06b0ce0e1eb6c7e2467f42c3cab877a304d9d,1990.0,M,RS
28ac4df6942e88b297bae9a1dcae39c09a15c5bea39a69f922693a4a76547190,,F,PR
bdbb7e22043333b13b9c307f9f2b532a9107c911e790af3033ad1e4097ea7167,1993.0,F,SP
251d7bda94d052a5f9acde05bf142a1be336f06da92edeecf01c5d951d8e9cac,1976.0,M,MG
c720c3eb852afa00216a8bfb69bc26648ce3a57d1a25fa655f6158662be2c334,1992.0,F,MG
6c896d6dc8a85c6e18cd755f06ab677f1a8d9410856ac5376b9e8041843cc502,1984.0,F,MG
401871c81929f87cbbbc57e7aad030ded03796c5035d399eace1b4c1ed20608a,1997.0,F,SP
8c2b1c46e93624d08b692c60ae7bb244c8c8fba54a66ab168963974be178ac71,1993.0,F,RS
907bdb3b4a4cc521f6b915f59261ad898e731293ada59c825bb4196529c08b89,,NOT INFORMED,NOT INFORMED
e57bc5036b9ee014f8555ed17161e9442c6dd43ef46ae8882fd02890ff57b51c,1992.0,F,SP
e7048d57d6d978ed7387bf8cb34b45f77aff06bf8c67f86552a41c2d39270ff0,1995.0,F,SP
7e5ded2180f176e797d5568b27cbc98639b26f2b1b6fa8f8dceac2250b067cb7,1974.0,F,PE
d488274518dcd045719abd10aa218e5c745342e91d10bd4bf3ece7dcd3db29f5,1980.0,F,SP
5bcc35ec2fb70807c0a74c95b2ae9fec584129de515fa24d66cc8cebeb58fac0,1985.0,F,DF
cee4f3bd9bd483fcf4e210a0bc9beef0ac3a32b10cb9f20b4d3545e7749b5f26,1982.0,F,SP
f45e3baf3d8e3bbb90e099aaa07968e2b2b3a28494d23f1ee5a9777f565dc914,1987.0,M,SP
876f7d8f0cc6f88d5ce14a63f7a196dd51451e0120c7ba24b8f61c32ec48b90f,1980.0,F,SP
eaf55075971c8f166b5fa3cdbc15777b1ab9487f144b51e98671dbd4485563b1,1978.0,F,RJ
c535bb6ec534820c7a92f8c51007317e0ba2bc6ae5fa7c363ae0437a8060ed83,1964.0,F,SC
fad23396b61500592e60e3c13425aa7eb6fd0dc54b09b893a497fcf71fcd334e,1960.0,F,DF
571faf4addde46358fa05a52348d1bcffc38f56c52e3b1d3e437b952ac51c538,1972.0,M,DF
853d9e6fb258cac85bcd691ca81830660a4eab9fe5dce8534d12e88ca01911a0,1992.0,M,PR
78c02bf4ec6487f6aab4513fde79e4919217001a387fb8618da75fac81375896,1985.0,F,SP
988b6e043501668cb3b430e1ca5ac7e05ab411c9b946cbfc151db508f11d425c,1992.0,M,MG
e55b5043baca3191c36172d9e54810b748c38360ad86a0d0d6b5ba1027c89cce,1979.0,M,RS
04d43368e8ed7ecf9331b090dd0ea160a211e1f8415c969e075db307925c1052,1992.0,M,RS
9535f509149231c6b0651497ffdfd30979cbcc036f523267362f7e5dfdca932b,1993.0,F,SP
f043b491407b9ac12a8eefd9b90992607b65509a0805fc85e6b314561a5c7e54,1994.0,F,SP
dc106c40d7d0da45149ceb5ec1cc2ce3f03f19fc42199cb8c896848ea9ce85e7,1950.0,F,SP
7652bf4a86d8b53fa55538a04dafc13ff564bd31b0f0441d9524948d22912dbc,1960.0,F,RJ
a930f71ac85ae19441c3d1b44b70ea78dac7944cb00055ad0ca4bc6c38c92c18,1995.0,M,RJ
c894f0068fe272d75b4af5b5c2ee08417205e71eed8e36d7da9293aae13f049b,1972.0,F,BA
9644c680497baf2f8073a15c4166634ee5de9b535f8cb476332ae7645b5baca5,1981.0,M,SP
af1b176349b57eda3c80d2e25866d8c36baf4aaa05b391b5055d7c9426351adb,1979.0,F,PE
47ff8b641173a583aec70977e99491c2f55ae49334b3a1b05b7081fb957ea59f,1990.0,F,SP
8fd7a4514e580598536a378e9faeb22328dab39aae5b46efb92b55b107f8c75b,1966.0,M,RJ
cbafb3930215a79b0e7d8411d6f935de20a8da2e8603532d2d06e71ccdf59736,1966.0,F,SP
d6bd58c873fc7f796202927935bd8c4755b24077f59952d67a9e4cecf15a9340,1977.0,F,SP
cc2fff4976cc7dccf19b33cf88280d42c05f2288314ac2acc5963add98c93648,1997.0,F,MT
c59798e53e5bbbaed66eff1b55eb163cc4b4f8a50d934f88397f6f444a356241,1968.0,M,SP
f5d2bf0db448bfdfb66819b2ea82fe3881e5cd425e6de92a3f4cf1fbb38d359c,1984.0,F,MG
c0035cab5478097bf97e8a013664e332c9a497a71c709bb64a8b6d8a9701e1b8,1987.0,F,RS
381bc01eebc206d23b88b122700e5595cbdfe539c8bc8637842713f773ad7b72,1981.0,F,SP
ea839036774405a0b1c962271c760929a0faa166347841561ce7243c14cb73ea,1976.0,M,SP
993c0cb4517dc98de6db45e83594428e961ebea3ba4917660b5a69f1c43c49af,1981.0,M,MG
66807c30bccbd9ea9640dda743f4eea8539de05ac53f3b3705a993f7f478fcac,1980.0,F,ES
934a28f5b61566f38d50357bd3e5f71c892db82ce401427c3eddd4a5e87afbfe,1998.0,F,SP
1cb7138ffaa827913ac4e1cd1d1c24d4a379730a19ea76198a71fd296abe7eba,1987.0,F,SP
8e68714275151490c18056fbe5c9f3efba71142f2baa6a11f71399e6c0902698,1992.0,F,SP
f789bb3b5d56427b34dcf34e43841709f254933b0a714c94a6559aa9e0312e08,1984.0,F,MG
9c2d783eaed1815d328458e7fe6fc1032df96a4b9fa709971b8be459e4e1859c,1968.0,M,SP
e7ae3a67b47b65f3a92db6027c433347700c5b26ad0563b254c83243b9bf9ca4,1987.0,F,SP
a61598c5d4eb8abbb873ee89763956fa0ae76522f705251341ab6690b920e0ba,1984.0,M,BA
0ed7e6f133fe2d8ac0cbafc206f0762573c133499ccd90148421e5d2070ae256,1987.0,F,RJ
4c53019b461dea3328c49dfaf9d93aec3bfaee03f8c3318a0f6fa1609b89612a,1963.0,F,SP
71dcf603b6558de53bed6050b55f7a23cf35ae6c957f76b142dbf077b56a1982,1984.0,F,SP
3e6c0954388ec7efb93049640640d53b865a63252903e720515e81e899993e89,1981.0,F,SP
6f88edc2615d37ab9a508c5aaf8bcd1d18d0585f1394a864bb4c65a8015fd408,1978.0,F,RJ
774a2003755acfa9d6a5d6fe2faeb1fa2b7f3e125a93dce1191008d882f6e628,1957.0,M,SP
846116871a2db522a74364eafa43ea8990b098802dcd708b92e406f3160d2add,1969.0,F,RS
419c20a3de41bc0783a715716d3860f404d48bc47fe538a2f998aa2657698aa8,1993.0,F,RJ
a751d552951708474461e658092231f88526ec556bb8832ccb7a9de3495c6c22,1958.0,F,SP
9f2795cd4e3794433006e8fce8d4f1f9310c421c6a4fa008cb92af2b3b7cb1b9,1987.0,F,SP
6eafa1c421e1c4b86b15686bd1d795d00218ceb51fdeada5e240c8b958944a6f,1982.0,F,RO
228f17e5c8625548789bc7f1fc1327593ea61b89caaa23b1010a180e7d74e58d,1980.0,M,RJ
3c4d760e108fb7604c6234e9bbd991128b365df03a60fa72f2003ed0dfb408b2,1994.0,F,PR
630aff567406f009f55e40081c0d3a08c1c230a46a56b6abb88c9ff7c8449d78,1992.0,M,RJ
f21c419565df9d2e8e0f1fc22bcf751a39842cee06b67211a76becff50a2dbbf,1985.0,F,BA
22420f0265c2f99eb629cd3b384042ee34496691d676bf6a27ddbb302a1d895c,1976.0,F,SP
efc88dcfe304ed1da13b4b3d31ce6f8fad5b91f7b46db800b7951fbc0800e701,1993.0,F,MG
a1ee73f8143a68ee15c6a2c07ba368ddb60e25ea4bc7092f397abd027503cc6c,1990.0,F,RJ
d6edbc6dac01261cd79c2595a319299cac3b6aeb192982d1e45b070437e2b629,1966.0,M,DF
2958a5ce516ff48757427301eb15290720c6ea5f7d2eff68f742a1282209cbbe,1972.0,F,PR
395d725ef07b4379226641056699017ca4a43e494a97d2ff085ab6d5a75fd8d5,1989.0,F,MG
18515bc635e03b3a99c2409303dd76c8ac6668d00669ff38422125dc482c84ca,1992.0,M,RJ
b84d1af72f18506d469f06b4ae0e1d7b6e35eff0fa5aed7b43126bcae35f3e3b,1966.0,F,SP
e973f7c74edfe35112910b6e55894d05379a25939e306604743b04bd0756768e,1985.0,M,RR
e6cd12bb36c1390b632b9c769998699ecff70d83f0665dadf334f01507fa5568,1990.0,F,CE
d0776667484be82761214e617589d0a69f0a2302414d9fb0989fe6dd2daf4617,1987.0,M,RJ
4f6efef1eead048b4747fca3df71a753e5bc646e705cf031c4d69fa68a3ad820,1956.0,F,MG
18fa0dc743e9e1acf2f5fdbcb75026215b67ee173931e17e777548eb6ee51d6a,1957.0,M,SP
f51cf7ed8973366f55902ffc70d6b59d027318685766beb1bf841c974a0141f2,1971.0,M,MG
f8ec1dc723c780dbbf3ffbe1dcfac5727c642b2da3d7dacb59b170f00ccafca5,1951.0,F,BA
48fcd04dc25c6ebb610132b20f4b887eba2422b492e594db42b93447ba7e19fd,1989.0,M,SP
35e0e30b9167e85fd07413b7fc5f761eba56ee46960589a00b95c2aefeb2163f,,NOT INFORMED,NOT INFORMED
3bff107454dd9f3eaf08b806aef433708bad47a0183279bb2da31676bac9d2bf,1996.0,M,ES
38fe38064bd2482fb644e3b021520c00a8aacef4f2c6806a817279599694b5a5,1984.0,F,SP
4a9c950f9fc27000102064eabba5c3f13512487f2b43cc2d6c9d83e76c8e0be8,1969.0,M,RJ
ef6e6813e2398c8125c9974514b48d82169222428994a9434821f67e199b2acb,1993.0,F,SP
df70733961c13e7f8bcc25faf11f53778aef774ac0a837b36f349e6dbff383ec,1981.0,F,MG
ba91f6caeb417a1afc36031797df5e9d3ab221995aab5f792635e48356955be8,1987.0,F,PR
f8e9c0e4bcbe7dfaba27ac05b89cec3667bfc695bab35380868fa546ff4810cb,1995.0,F,SP
3a0d9d260d5dffb72418f76f59f5997473a951bb8b9c5ac857438b1030b2dbdb,1991.0,F,RJ
c9239d373ba92cd9caddf40d008cc8558ea4e290a0f6c976b287d298665ca684,1994.0,F,SP
668fa498ece20a5cf5a2291c602bf29ccab8e3e64973c7beedb55b779e44713c,1966.0,M,DF
6c12f4d46aab52c7126d35445729c2f6ccfff7643dd6805b5e911b3276f8ec5d,1973.0,F,SP
fda4100409610ce3a6e8886f834ad21d7f51cb4142826ab4c0366e0309f06bc7,1996.0,F,MG
d57ef1a49f72407cc07db0e6d671d3a040566c7853d9497f065f64048b5fa729,1975.0,M,SP
823e89e2b0928368df61c08fd46559c6827d1b2c3a5b3e0b4eb26aef18f90bc1,1976.0,F,ES
f3fe33e0a1ecd5e25f4d00e2c5d49198276cef58bab7374d2d84428f2b71e97f,1990.0,F,MG
9dd01f49ab0466a7e5daa319de0058e5287cb8f01ff44df9d54fccea7981f165,1991.0,M,PA
90bc763c138af6a4b10bb6a2e585e760f9baa3e0fb04d5e97dfffd62b7057b85,1955.0,F,PR
9bef4e2a49b8d5676a8d2a464e8a45c841c441c2ec1611d08cba37cd37d132d9,1991.0,M,SP
e90ce2bbdf507bdfe79c9729dbe1a750ec1600b7e279ea34031440084d45b19d,1982.0,F,GO
7cdc1618addf71d063517a2bbc87a4274f8bdbbd528d2606a745bdab329cecad,,NOT INFORMED,NOT INFORMED
c40c6cc0707b48f6cea3b88762d72e8e211b1fd5301d103d4b778de24908e521,1980.0,M,SP
2a9769b9d8273cb81f61b4608e87a0dc2f04e7bf6f0192a135168b5e95b9d516,1988.0,F,MG
40a65b273368ed58271a55730f674e531da26157bd234aa15f6713a668819434,1970.0,F,MG
f50bf44ba786720dff6edc78f70210895051e4ea89eeb6709018da90ceb17970,1966.0,F,SP
c27ce91f6b71a7c6239ab6891a860e4e86a3797b242b9a83a105c84b6b1b3f75,1976.0,F,MG
e2f59fbb7dd1ea621c1fe6cda3131b9b8b5aca8a1dfb0332e180928f8a22a458,1995.0,F,MG
fc4b7efe364dc8a051e676f9d90782e20ad937f2606cff4e206f29be46639a4f,1978.0,F,SP
773fea47e59de9db2f5b17da53841109f144a1bf27b914ee537e6bf95f65da60,1999.0,F,PR
d099693b3382c0a770a8c509c55b3f7a58e85cb6eadf83ba703117056813c894,1986.0,M,DF
e41bb3cb78e8250a1f4ee522448fb22bbe8cf5be927cbf2c8dd58d26964c5cc2,1979.0,F,PR
f30ed4f63cb77917d2aef808c8123c1fe01abf3a858ad117e805903ccf7d468c,1989.0,F,SP
ef9ccd987c3b9daa2bfc62b810859067a64d321e6b80c3b0c6ab0ae477d4adde,1986.0,F,SP
53c3bf68a3f425a4d3504fae678e8f30943066da9d91aa9ad39f4a3f816dea7e,1982.0,M,SP
8642cdbc3718536de2b93f17c027d9a173be63ea6e56c8d5437e69e259cd6990,1977.0,F,MG
0a1c6ecdfd164978019e59793d04e474d9db3da0f20013ca9b2a1d2415990cd6,1974.0,F,SP
2d9bbf07739e3300b397c9411d685d096cd947ad5f86b3d8f53f85d1ed051800,1994.0,F,SC
17e82323ed93f65b464dc1130a0f8668e116894df73af0ff8698f02dc9f20e0f,1998.0,F,SP
8405d9aad71a113fe964d5c104634e1f24a147c85914b7a867b19b3c97738417,1976.0,M,SP
259217427a35d65f1c467b532cecf21aedbda67bcb0a9f92961f4372492af689,1992.0,M,RS
2c99ae068bc8d376210a9d6de1c6a99d05847f08da414519c16f35262c9a7bcd,1983.0,M,MG
27ca0b49b94d5cc52dd89a52a7f755118884e636720e457eae8c33b5913c3364,1989.0,F,RJ
7631a58e76dabfed23599fd38722c734043fa02d1d9878c4ac9f4e00ad3c9d44,1983.0,F,SP
4a5cb346392a75937fdf8ad038a1c307bae4d95d8e863dc155c6a26178ee6d2f,1981.0,F,MG
4cbd7cd18127d927980955e27ceb1843ae1a74c7ecfd6716f1ecdf6acf50bf82,1974.0,F,SP
e29d37c543df12019597d6d09d8c3eb633ffb1fb18a2e4d2767f1bc6453da682,1981.0,M,SP
bc3e71b213bafbe58f259947b1080a849d38a2c38fe13db95c9aefb93bc65838,1991.0,F,MG
48115a5478f9d85b9df332b956b4a0855d5170d870c80aa74bc1bd2989de3960,1981.0,M,RS
dfb9df562964105d94fcf9a23b33262b3dd7cf4a3c87295cd27b770be43de4c6,1981.0,F,BA
a1c5b1c435e6587b9fbd72ab3aa757acb27168e6b335c0e32d2755e9a86737e0,1994.0,F,SC
749d4bae4851d5cd665c5d1d62eecaf127428e1bb50dedaf78213455a2a7c341,1974.0,F,PR
3884367cf5b7565e02e1cd76ef4100cd632c7647fa2e2b4b4a39cd8d2b2c6200,1978.0,M,RN
75614f7fd6339dcba08733293187da5b757e81caff42d6d48cb845cc47157fb6,1955.0,M,MG
a0c5abd25fcfd571b3d42e5a9665e7188a53a7a737feea979bd49893e20e695b,1983.0,F,SP
af0e30c84c271fd9d9f4cc329da8c182c70c6e67b2fa6476898b9e1f2ea764ea,1972.0,F,SC
7d02e5f8c50813a99cd6447d2473a40b4caffd99d988c970682f338dfc4c6058,1965.0,M,MG
dd99b34cd2c276b1e819eef1240bc486c891d232569c4960b1e75a16a2bdfde5,1962.0,F,SP
164359adca399ca9ca7dcc66f9702bf61401e13782ebfe179b5f61b0c10216e2,1986.0,F,SP
d786f6fe02df5b6ea967927d1ed36a299efd3b7f6f073499bebc3e80bacba3b4,1995.0,F,MS
d162ce5d79a7d5c157d2b4bb2b47859106eff974cb8d91ef89f2194b5176c04a,1986.0,M,SP
8ce1ff5338cf17d803fd6409bf6eb7236879b30c23163993e73017c9c4d539ee,1982.0,M,SP
dc56c0c5b719b76a1453897df106f8e696a31e310c7c04d2a86d3e2b2a3377ff,1991.0,F,PR
9038ff2f9e99e877cae9b7311b24bc4de156eb9bebcf1b6c8c910718b2882181,1998.0,F,SP
1dfec3f608b805ea9f9596fe96ae1acfb6d1657821a5ab0e99b7735bb6c34c7f,1946.0,M,RJ
b7dd65f329998aac420da6cffdcf223b549521600499fb9e7781a7eafaed0d2a,1954.0,F,PR
5c22ddeb3058767968a7dabcd43d3f9582abd0783038270acdddcc22244442b4,1954.0,M,BA
91f9c47075c2b0a494f0cabef3fadf85e6c316b568467bc54b11f38261d6d776,1972.0,F,SP
bb474966b619f3f2d4b93fc718116d848f194b9dc539511a69e66b0d2cc543ee,1967.0,F,PR
79226bb9c216e5655afab98a12ad0d0df7494b51d87e2391ee2cb4891e01dcd3,1969.0,M,SP
67cadb3bccea2b9c81d7287b2d5335ebb76497986bfcb8f7b039078485cd979c,1983.0,F,SP
743a74a9317de06bfe3795828043e2dd7102d3fbce697438c818599dddb5ac82,1953.0,M,SP
c38ad3324e66f26d9db9599fada32ca02ea68a80417695b5b90870712d97793e,1978.0,M,CE
09d6081bcf2ce256a3d73e4dced8dbbd11340a40511701e214c4fed13a052773,1996.0,F,SP
8552a2d10bd3ac5978d089b7025719f3d5e376ec37f777076dc152f9f2c4c703,1991.0,F,SP
e500936a2775b5e88d2979f71a01d1d82793a166972ebe85289fc6082829f8e5,1967.0,F,SP
c2242c11397bfae711181634f72f94f5e9a3703719ab625c97cac789abb13a5c,1990.0,F,RJ
f457c46197e37ea333073ac7972acb1fe2a084c8d85f96dc53112895a8378207,1978.0,F,SP
677a7e085c623899f36a69ab65bcf6d7863722555bb41ae1dbbf7c9aa83821e0,1991.0,F,SP
9b27c7b088f94da89da37515e80ddc8560c37dc03b0eeb9c62ae62f1b70fa038,1994.0,F,RJ
5df818b9990a3c5cd224da76ef26f7ec8e364eebca01f480b6ed0930fe54711e,1973.0,F,RJ
d737da0a863485d3218c595d7faea2fb56c1be67bc56a07b94e6fc3cc3c00c5a,1987.0,F,SP
50899658e5833c97482ffcf57257d5ed0c8916a8a7369fcbe5ef9601a966d849,1972.0,M,SP
c82c212cd6c4931ee8ade42e5fb22cb203caae5893cd6055c1151fd95684bd56,1970.0,F,SP
7d40a13a92f06bcf1e6139cdc7e5410538d61459b8e8c3809c30b9e190a0b9e1,1990.0,F,GO
04aabaf84daf10b4e85024ae9d04607c1f4650abe2d3806694690e396d515700,1976.0,M,SP
84844c1ad40971285f969226f2ca04997ab6302490875adb0d34a4075870a485,1946.0,M,SP
ae20982c945fa1bac24adcfecde5de8bcc1111bad2a2a04f4404ebb7003bf42d,1968.0,F,SP
519c914e6035c3266cf38ede3f2a02a01a916aedb38b3ba34a3bb0e97766a4de,1982.0,F,MG
a5d96b8d308cb3991f858bd74a3d8ff3719bc7c58cc73a61acc1c39b9f649822,1995.0,F,MG
277d544a2debbb71de6d98f3416f3251ec2f0bf3957ffc62778e4c1963096f35,1991.0,F,MG
491e63879dc9f53bb92f8beb0d9910a60bcc9d76c53767f18d234abe79ae1622,1984.0,F,PR
322762d1bb2b5439c97a65a72b1ef71bba7bcad642e75a8ab26f49fede87ed64,1962.0,F,SP
7915182af5e2a5d801a5ee20aa8a14ad08b9d5c2aef7e814286e6cb39c0c12d7,1976.0,F,SP
3dadc83fbfe006d89aa3868d3f99b441d5f3802a54ea27cb7d8b70c76c9bf09c,1962.0,F,SP
66fda62cca3094c3c5b7105fd7e033544c6cf51859d3ce953187d8351647ce82,1989.0,F,PR
4dfb1dd1ac7641c96c99041c0f4baa6089c01b22589734cbdee94011ff7b357b,1983.0,F,SP
56f68dfd6e4233c2663a5f246baf2379724bbef8023e2c78de834656f95f725d,1982.0,M,SP
785930641fb874b2e731532b555e86e900bd8e26bc100aba387a661ae97ac964,1973.0,F,SP
9462ba4c781f9c3a46c3161e28d52d362b743a4a6cd88c4557cb47b0a51fa8b6,1989.0,F,SP
df015ab5d2312c8fbcdf512b68b0b54cd0183059f14c639ce0ff3a77ed79f784,1972.0,F,SP
621efe3cc96f7222ccb6df8daae3bb66c27006f8425a4094574e409694c998db,1989.0,F,SP
1e20b048c0f74f7f52eee639e7d9676b9d0c7cabb3ea2b0d2fdec085878711fd,1992.0,F,MG
1697ee1348536f8acaa9c6d734877cc13a6d8878ecd67cf4115ffffbe340f1ca,1985.0,F,BA
826a1a1f8b2bec39bae3b71a5714306488c358eead60c8378b7d10c0f5f8788f,1980.0,F,SC
e100bfead14d5018a16583d3c1d518172e11ed926db65d3f2df63866be3ed40e,1986.0,F,BA
407cf90723c413ad4873e4bf20521301a289b2869b1b3464bff138657b75a884,1992.0,F,RJ
0ffb1f37d00424a29611dde7707414e9412b1cc90ab9ba95c54a3064417f5b85,1976.0,F,MG
78a87fd8b69d38630c0b56ff7dca37c8f11f01b293c97e2b17117a7b3efbf502,1989.0,F,RJ
fed7782652f5f88e8d9f5fda3cb56fe7d4976b30da17b83f579286489ffc8ab3,1986.0,M,MG
82290c94e35e3953b19b584f14620fd6eae36fb3e28d343c22bf766834527577,1981.0,F,RS
a5fb5078871098dc3a2a03d73d8475059eb43cb7827915cad888eb0f1f4dfda9,1966.0,F,RS
6eeee5c878ed839f635a034f96dcac7a3433671d6baa51d3ef401d1f1a203486,1969.0,M,SP
a23a20c613a291255241c14d598bcd8eefe8b81a444f2c51eda8159abcef33bf,1968.0,M,PR
36ba00d9df454922b239214c14da27ffe66a82f922c2c1256b1e0467b9b22cac,1963.0,F,SP
24f13d7a530abbc35eee6292d9ba7a7cac8940d11180406ef4f892ada819d16f,1963.0,M,DF
5da99da8d6eb7ee6ba20325ce16787f36a70ef265e01d6bc36cdc5ce2c862592,1951.0,M,RJ
d2a8e567e892ec072d99cfcea9b1d8645a3ca365de48822d72bc01038c2127d9,1988.0,M,SP
268f3cc314525523d98d41681768b6602709f594f84bdc67de75456e82d37a83,1969.0,F,PR
06404e71a25c75955b3eae4e8bab48718df191ad4ec91222b378acd8b818b39e,1957.0,M,MG
81211951778088dac96de85e3e01a87f9c764c32907397ba9af3393770482465,1992.0,F,MG
661d4d085c713b3d17e998ad2886a38d0234709a82d84ef7dc93f9da446b5d5d,1977.0,F,RJ
def66a56560f7be71b29897fcbbd860eabf1591f730a708663465e46260256fe,1984.0,F,RJ
392245f5bb673128085c5f43a606af0ef33a83f3990ec9c48773f7576f4a18fc,1957.0,M,SP
d3de68a2a6b2601c36c1601047dc9c271a5de89a2580ba782ede4fa9b113e208,1974.0,F,PR
5a7665f20198819163a89a6b9e21c6062f2f2e88188e4b490dfc0422f407ae3f,1968.0,F,GO
e3ca03473bc43cf6c820203dfd70c5a71750c689ccc285846f873e34565dec9e,1973.0,F,SC
afb10c7e0dfd78a88f29b143293cc83c31433af64c91473697c20ece880e8e9a,1977.0,F,SP
3ac39cc83a5d67058939bd5298a10438d1fb9673dc0c8d52b74b5a9b16772c6e,1978.0,F,SP
cdac960a03aac63b6360e6713dfdec5f1500ea169cc66bb6e999b760f7727300,1977.0,F,PR
54a175ddf613482cd046cc076a4d90a0f32a601dd70fcc1aeb98b6829fd99628,1991.0,M,RJ
4ede1765bcefc8a1ce109e6cdc6bf3386cf2cb651b58a5e598cd350ee8b7930e,1986.0,F,SP
dcdb95f3fd546fc53e2e0338d26cefa3c845f3c9ad49ade517e6c8a0d0256bd4,1945.0,M,RN
15fb9b66447905ab82b17b8c0f843a8992af528099301c1e4c6d8ee5bd2ae9fa,1957.0,M,RJ
958fe9393f7d2ce03b2e347bfd46baf7504062e7d37ed16de2e15928c4843442,1966.0,F,MG
73a427ae9bcac438af61a66057eee428f5eee582486e091f9e0c33c817698afd,1968.0,F,RJ
7942c1823d47da97be5c5ac7ddd434d2a72be2da129ad0eb748d18d33f2583c7,,M,CE
91532869ca744bfb7a324a87f0cce798f00e3fd249bebef93fdbc934fb564126,1996.0,M,MG
dc80617996bf5b58e2be9c1e7ee26fd2b82051e76daa5fb0e9efa4419dc7a135,1980.0,M,PE
96051d458c723773c95b4f5e6d57a2b20c970651b87ffa8dec418d816a0067c8,1957.0,M,RJ
d9b92ef56da6908350dd43f0f6b8cce313e481396d1b0c9aacf98977c8571d92,1969.0,F,SC
c9bc63e96ac165d3d9c491f4483bc90d229a6800ec15c51f97b11dee4c6e4fd2,1987.0,F,PE
224b0bd36eb40f347147a9fd86e58128deb1d58eb410c6df2c2a4b7254c1d6b1,1994.0,M,CE
9b64fff827a635de3404c96339b227da011bdb7be5f065c481bfe71134143cc2,,NOT INFORMED,NOT INFORMED
5c385894bbcefdc1a667e14d7453189ab8157191dcabea314db7fc2788b90c0f,1994.0,F,SP
f1c943850d29edf59fd03518cca2745d0dd9b6ba821d9c175bae57dd3643f2ed,1989.0,M,DF
b29aeda0fb25a1dff413825b26f08fb39e19cdf96a03fc982bf5e4e83e338f8a,1992.0,F,PR
b004a49318fb85326a666d0b7d77641b246bb6251d1b7f496a3f2878b3558266,1983.0,M,SP
ef8d7df477a4b8ff96c9b6003b6573e7c1542a75ceee7848dd4a85233d2171d1,1985.0,F,SP
59bf849d41845009914d6801f4bb98c1499972c30e02a50d37e9e09cdbe6c3a3,2000.0,F,SP
2ad1fa5778945bdaaa121a8d52a65734ce76ae56bd69f8938f38f25f864d8d0c,1993.0,F,RJ
34b8c6f920137ebc8372f41b93e76e3bf9d41d09e4e9bff59757a70525d64c6f,1979.0,F,SP
e9719add4c4e79ad1ff466cbe6c86add51f68f372634642bd704f29b7cea9160,1968.0,M,SP
d56ce5a4b101afde65be5f8cd6682f9dbe3ff904cee9a1de173a45da1cbf91ca,1986.0,F,SP
8da42a2038dfa2756ec66da78f90e91873b7a663b78ff4f0cf36b2da2ed775d9,1986.0,F,SP
7a3d705a8bb2545d8c0259ac5d566754867cb02cd066cc18fbeadecce91df2a8,1989.0,F,RS
ca82167e41ea17b902136332266ac65c697a300378becb42b7f23fc15e51d6bb,1953.0,F,RJ
443465aef03b06cc00d533b0e72aab25a455de45be26897063847fea706a037c,1984.0,F,MG
80173fdf99fb9b9b4e177620bf884049bd69daa52bf9a1b625bbc4cfcd3c910b,1990.0,F,SP
d6863100b1d7912fc368da1351d7132308f32cc5d34d9f2ea60ff07fc8f7dd97,1980.0,M,SP
d2bcfbe2cb3fca459baff6a45e110f4ae699826a9fd382ede7a941707b82bd1c,1981.0,F,SP
b8d806f18be7c10e1c1999536e9302946026d45dfe51bdd075475011ea7fd7ba,1981.0,M,SP
12a4132b6d9a6c871255f7ed92bb1f6504892f14738a9205a08ba7982f2eed6c,1980.0,F,SP
be7ecb2933ee317195f7123c5e2db1015de8204041b9697e38f091f28e307180,1986.0,F,MG
128ea89da09d769f20af5aa3f06991d4a28dffd8e6f1932446df9e43287acdd0,1962.0,F,ES
9df7f8ec2d51c77de35c7c2db42432df8aa1d78c2b04f6c02eebbf61546c84d7,,NOT INFORMED,NOT INFORMED
8c093d3458394916832515b8f997e846de31a21d9d3bc36c618a224e96e43d1c,1994.0,F,GO
bca4262341292d23ab763e1fb9e324dcd9131a05b845aad0a6b938cb2e95e5d3,,NOT INFORMED,NOT INFORMED
afbd4206eae86baa38b5f73bbec9c373c4ca13f610a73e81afa78d03aba13be0,1983.0,F,RS
ed0a1346dc54372aa758d0d8768dd473944d0ad9b644556ac0155d533a44a6f1,1968.0,F,SP
a4591add17f591997de71e5576252a80b107025ce3c80000ff3b4899cb698d38,1986.0,M,PR
f2df3a248eee1d7391bfdb14cc6396292c6e3d1c85510cb9fdfe32b632f44f28,1977.0,F,RJ
2a9f882ecdd5a9d5256ee4c981368608faada4afe17efb5c94b94c2ad434d2fa,1994.0,F,SP
e2e32642a6bed16a6eca3e036d7c47ab6c75cabeb49cbf06dd9f7c9db0a29073,1984.0,M,SP
66686e3669dc8917ff9dcca0c05d76e493f484770419e48adfff9e5dcb4a8aad,1977.0,F,ES
6fd8893261626e7b0ea3a3cf85cf42c7a9f7666180324af8d27b9a71ac466be1,1994.0,F,RJ
4a7d3f2e992741292ce7063f02be2ec3e57dad093a6f12abc4ecd5b847609021,1960.0,M,RJ
4a0c474c44fd4a90514cc9adfae47cfb33b06d2e597b95d373163778165f4598,1951.0,F,RJ
0b0de3040f1132cd26bbbbda1c646250d69de1e2302ec143b00e45bb47bc8250,1973.0,F,SP
b0fb2e2d915f2751aa0c49c669165b6d07864f5f3d9c229baac848ccdb765193,1985.0,F,SP
eb3c23ccc527a62180a5b29d0fd37084009e3f1de0ab2991a0b71ddb8f5490e8,1981.0,M,SP
ad84ce0f724056ce976dd1956a99161ce12fe231bea529aa1237e1496799e62a,1971.0,M,SP
58779aca0f58b03d9c3e6fccb66bf1834c99aa265dfee99200b6cf6ef903ca1c,1989.0,F,SP
a67fc6e103db7000c91c7abda191d6c1a76fcb1d4dc84679d75e7bcf5724f305,1976.0,F,MG
9170432bd3dfcd603417bea14edeb9202035a3ac36c88d0203d4195ca4dfebf8,1977.0,F,ES
342da5ad6219127a83a1c4ba4fa4698dd2ce48ae767b5fe42fc76f26e01ac3e9,1983.0,F,SC
2b974e9d2f1d66ce831297abc1ba555b8481e965fb5a80fe94cd998b3ce5b028,1957.0,M,RJ
93b95eb0c08266003f3d38aacb701810df8452a2859c54fb7f171d8329b3523a,1985.0,F,RJ
7f438645ef80d47b5055ce04bb9e3b26a0552ffd7014ad828a7b34ff39b33856,1991.0,M,PR
2de5a2b5d2ab21ce5f3daff142f35cc9a66e278740c75d4d79a8bc554a32f9b9,1995.0,F,SP
f8e2513917e705bb9fcc5323e20758796228b418efe73e44d6cab3230ba6c0a1,1981.0,M,RJ
2720fa4e52334e4384d96bc99e1a49bef8483e6ea88fbef91f370e425169a625,,M,PB
631114f4ae180b05c025f20d26d971b416755ef847061f7797cd7597b251df99,1975.0,F,MG
a06eb779e07288a9970fd8283b700fbcc000cc5fd164754bb262d9e741aa444e,1957.0,F,MG
1de29f80b09f4dc3ac6315ce1c5d0abbbb71afb7920b9ebbac43d8a66a3ecb6e,1985.0,F,SP
34834ecb45b8aab4823aceec0bb54cac8d4f0478779b03dfe9efe19e1469d3a3,1961.0,F,SP
62b1f3311ae8e3283f57e56780d717216c89b4d7df3e1f5b9801d9a85358728c,1972.0,F,SC
3770aab4b90ba640b4a385aa6d116d9d51bb11118309a62f88dedf807e0870ce,1951.0,M,BA
703c98d0bc711fa789305859c7279e8ec318dfc32d25df838f73eabfeda06d99,1995.0,F,MG
dd5014190cbe560fd4a548c22927baf5a01e8cb8bdd5e4fb236d6d49904f5271,1974.0,M,MT
aa088cd3f127c96059153077f8a67a25c0b797ec9b15cce455af6f8ee7459ced,1955.0,M,SP
c71832b0c623764b844f9b3e9f8464701bfa97be750e0a2542a094f555a58086,1966.0,F,SE
fec1e5ee82f288647da3ddd0931db7d1fa870b1ee715ea0538f1482095e1814b,1951.0,F,DF
b1b652e6fb67e98b73fa26e08f846c61a02a2e20aad22ab6a83d2a4f975ab7d4,1980.0,M,MG
544445723d60a71001d89744586a797574c9617f73c433d47d2a8c579d431d27,1942.0,F,RJ
4471e3b75b9aad7321dc50da1c10bd4df4f958542d99ca018af024266e332aac,1982.0,M,SP
2d8f6981499e79c47abe453af735936324ede5bcead73725a2fa7660a5c197c2,1986.0,F,PE
99f7380153c0e03af3b9455ca9697f39f20399e0150331c198d8b514bead447c,1988.0,M,MG
c8b710cbe4a320e8744c5dea93878aeaae33c0275fd0c784e75257c4b3a99d89,1995.0,F,RJ
9cc882685daaf2eb88410cfb5c233fc340197184395fa39f1bd63d90132dd7a8,1977.0,M,GO
71748a96d49b344780ebb0d451a25c43aef3217b0ab09bd7b585341d0b1021f7,1959.0,M,RJ
725d89f41f30fe37d92954ba4029aa377ec068daed8b762636e0b1a0f3692f5b,1956.0,F,SP
a8b55abd8e24df0dc186e5f9591df053332932dd1c01933c94061b97c94a303c,1992.0,F,SP
3dcd4216f3793e776abdfce3f2ce4b3b87087293e61f696ae39accd18cb3aa8a,1983.0,F,SP
1bb3ad577c9d5fabec4bde2c6cd2d814eacec8aa0ad0c1709712e68801e0505f,1949.0,M,SP
42b6b77a4a0583cb37eeaea5a821699eaa33d9618c462fc7f73d071b53aec09b,1979.0,F,PR
dc52a066946232499acbac533491f5b6ab3e900092730eb05114a76fec72ce07,1974.0,F,SP
f4efc23fabe3743ed24b4bf442133ef714fc63a263b26cdc913ff206018395ff,1968.0,F,ES
67ff20a5a57640a934003ed57b23887ca65b863eb9e9d6e26c97dfcd1e01a8c0,1954.0,F,RJ
4dde3e205d150ff8c9ffa79932f75938c166ded6bb90ba9118ad6f9aad91450b,1980.0,F,RJ
37254f03b98a5b87544601e8386ad3be9a01abd52eccdb4cec95bc30351704c7,1954.0,M,SP
ad9ad99619cd193726e5a00fc2990dca4adb962f7bd513d15770c8efa80eeb15,1983.0,M,SP
640c84f37c84a1cb0d545b35370aa183fa8c173c4c521566862f5061fec66819,1976.0,M,RJ
3a1e64ed97789fb1692fd38d410092f6f7979905d43517748b05279ab6382e72,1971.0,M,MG
9430fc03c9ace44d1e9efa9c6f22f0efbfa0db520ca61e1e5f385553142cfa3f,1977.0,M,CE
f32e57bb2b42a0cbc9c379e2f87ec883d61f1e8df3f5a9cfdf2d2a5560841465,1985.0,M,MG
b5e5927403742e6d3ea8bce66db6e5c64b0cf9d77fff4cfb736245b1b4ed0f1a,1965.0,M,SP
f03d15f0c3da1ee2851f87d9ff1b1a5ec029511ea06c2347b6a5795866d0bbd8,1982.0,F,SP
f7377a7d2b24f07af4a853012b0da9cd85dfa5eb01834f4a57c8e27c16756733,1969.0,F,PR
dc22ca1634cd6963b83f0e85ac5ad432e0e53442b0aa4813238d228082aef4a9,1977.0,F,SP
ed4af109b4ba3bbb7013477d72692ccab66da9110dad3698e10ba02602a597dc,1976.0,F,MG
1deaa0af3263dedc60aa22ede1c2cb350178fa835b4730d35680794a8b1af27f,61.0,F,RS
94920153848ef9f3cea06713660f357e933647632ca47496405a15796e32596b,1972.0,F,GO
4a5543f9e89676282e22546372c76c8ccebec5be2c041d2d04e7f64f11056b6f,1994.0,M,MG
889555260a9e59595b407cdaed20a8e335affe1895d6fbfc2dea281f1a04c2a9,1976.0,F,RJ
8d042e6f1a34ec60d670b95d3a5403e6131e2e74a3177a6d846e1bc92f523812,1972.0,M,DF
7c0c820922b8d18701e1c471f2f15fef0cc9389760cc9dda2dfe0fb8e641d4bf,1995.0,F,RJ
b0e33d04da0aed1bba57f714c9604f3425306395e0957492f3d2469973c8b58e,1982.0,F,SP
271cd7d09f97cb67428ec312dec1a9694040e82bd933567b391ca544043c8856,1984.0,M,RJ
24eb026ce8e66464d6c9718b6690086e73a7e78fbd891f8405e2e07478228a29,1997.0,F,PR
97772005e45129ee18b5947ea60ae6d6d10e0751c81caa1e203ede8b43f48cdc,,M,SP
6e5bcaa69cc0ed7531401a950488e195bf7bef49f201ae83d226426c5705e500,1986.0,M,SP
ab1c1198448c8a1fee77580bbe30dc6b929648b0a9875d5d7f019beef2fe5d7a,1960.0,M,RS
6d9e51a3e4ea20db648fbfdd20cb87d9684e1f88c9675b3b20d9b9e4a0481ed8,1997.0,M,DF
8cd6e4a2670e646fd9d7679f1cc749e38daf5d830d674d960504c0bce7dcce30,1987.0,M,SP
55874937e584d852db5b3df918f0148c08ff7dcd5b903a739141a97f0a846532,1959.0,F,SP
cc76b760e01717e740c09393a058427d8644ea45f1b6d8a06b44080fd574dfc8,1976.0,M,RR
9a1a4edcc5e5baf03d6e263bb7373732d9a8a197c70f30c61dc53e7f5442b8c3,1981.0,F,SE
1614f0a507079a77c360dcba3a3358f2e5c16d64549a2978ec9bd64eb8e3c781,1979.0,M,ES
d1f02ddcc7ba09dea04a60a18193550fb6e759a16aa425b0bd0794b596a540c2,1986.0,M,CE
cd103728b6d4a3231bf4e6fc8b35d06acc5c755fe879895736c7df02257ec5b9,,NOT INFORMED,NOT INFORMED
46d1a459868f7d43bff446a51b0072f2dbe16de06ec7d5f729fea42c5865f3c2,1975.0,F,MG
4cd15a09a2886c689b6711363af8a479d62298f4e5a112335ef7a2483205dac3,1980.0,F,SP
9df584b231168de3ed2e2893a7b6c2bf4d32d0107c808aa806f23a97958d1282,1988.0,F,GO
645e1cdf742a3e8b54965e0655e955f6957960de1d5d6eceba18d361c8fcf37e,1995.0,F,SP
a136c19c3674be829c99087926c581ad7a62ab1e42c49b5efce6f27ce23164d6,1978.0,F,BA
516ad471088f118f8c49606a455ac33ee40ddbf7932b1b0a28514f01fdb90123,1990.0,F,BA
4898748835dbe278f41a6760df478eeb9a3f325e3049353f436afa4b9af4d3e7,1959.0,M,RS
39e9fe514d5a702b888a087e428eedc97ba829b993ce90f1a1012a58aefe3f7c,1970.0,F,SP
078b2970da2c3973424e52d9870718718ab5a7e1b6f6bb40abeee1f4d3d80762,1996.0,F,RJ
ccf74e49c56653ab6483e8c7c742978f7abe604a01862f2ee948c1c523caa339,1957.0,F,PR
ea6702979d57093a30330d9c8f510d08b358b7861e552b5243967fae529d4962,1992.0,F,SP
e239d5f4d7062a695032519108946a266c94b7e1da226199cf4e3431f5394aac,1965.0,M,PB
de776d3a96707dcfb43de1b0f45af4040b477c43c65aec661dc49855b2881746,1989.0,M,PA
d6d21fa9039e1e16e16520a59e3f5f335be28b6e0480a149aa68ebdaf694fb56,1999.0,F,MG
2fcf6102d8f3d01a2f0f4010d311546dbb82ec4423df558ffe5808fbe37d7dfd,1971.0,M,SP
0f8ab513f0c8206a282243c9f44a3991e1eecb0acdb630feadbca9eed3891698,1978.0,M,RS
855882ae41e8fffc5d61be40ee1dca938a7aac81015eddd3ed930984bafa629c,1933.0,M,SP
a3fc2cf13941cef0c85ef65590bac53d64cd707739f1d02450f296333d982da5,1998.0,F,SP
60da728b669168d964901554ddd1854cf7b4e8eebed0d317e78adba95e72b557,1994.0,F,SP
9629897c72ed369169e13658b1b80719e999ca07976490d7fdafef096d0ba07c,1953.0,M,SP
51303e3c95d7d1c873bdb60db07e6cff2aad0b992a8b5bcb05fdc01db30e867c,1981.0,F,SP
e4db28095e83b9c2750dbef4ad213010156d1f414869b512bede49b023905ce6,1987.0,F,RJ
ff735652d6a16dcbae1b19751fca10cc5c4c601392b0617ca29929550696e63a,1978.0,M,PA
854dddcac147cc401c7188979367d8841ddce97cab15e661fd7770962d7aa277,1981.0,M,SC
c92966d08b011f84c35a95c00aaf7cdf7aa27d106d430adf234efae9e437601f,1992.0,F,GO
1126ae82623f9d568f848774dc348ce1bc8893feda4e68788d3abb4dc5028181,1972.0,F,SP
cc9c2bbe679a3a966676208c99372b9cebd522916b304b0ddf64577bd8c67998,1978.0,F,MA
c05742b1b8f4a597eeecb61647c15c112780e0c0f21ec07cdaaa8a2d7e027f25,1979.0,M,SC
b47cca07b7697d1e28f56642d5ab8abbf5454a9586bb1f48dce830221a886a80,1983.0,M,PB
3d5e9ce52d3a2563fdf6465b8e4bcf1192e880d75366949e3481d2884be14130,1986.0,F,SP
fbf565db13c38d1191cb6f7ba09b6d961e490f259f97b1c0eb305341936aebdd,1990.0,F,MG
d2ee534c939dd46cdc48d43c213b79e80d789da23ec1d643636a6d8fe71913b7,1981.0,F,BA
6281c6c1f989e06e252b56d160afd9289d3c0747ca1469295de018d722e6c529,1993.0,M,RJ
4d01fe5c61d7fe7a11adaa2dc29ffc1609791b6624f19480d1d46e15e5212b72,1995.0,F,RJ
db6f7d7f8f2f5eb46389a10b366ddec8eab3cf10f335a3709337f25074abf61e,1995.0,F,RJ
3d59bb9b3a015efa2765728e28ac5190c087cf2c17a4d67856c02f8a7cf39ebe,1982.0,F,SC
ffdcf7622f1e1394813249dadf4c8f19f017adabe3f1a642b2f86007db16266d,1978.0,M,MG
9565b3c3b4b6dc9cfc539e697bca7437e181cb75e2ac89208e5143730bba2265,1976.0,F,SP
2db683787568017f7a0079f257c948913ff14b7d7c97edb1b3d5acb0ddd51a0c,1974.0,F,RS
d71ad3da26096a74b0886f27cc1f80616d956643f648a6d07cf604437a205ec4,1991.0,F,MS
a169b507bf2dd5a68bd39a3f8d37c2b56df0fa00094860f9f9843374100b583c,1992.0,M,CE
2537ce67a4c6fdf922f0e7fd759dd19c442af88b3b59bdfae6911d86995d47c2,1982.0,M,SE
74d06d045ad86e8ef6a161fbfe73242e0fc9daed0aef05469c2c7f3e1ed610f2,1988.0,F,SP
ae8aa630f0414be3b0d7477eaab86fd8183930e4164643b57a5c2e6b7ae041f4,1968.0,F,SP
22441593d69b0cbef0d732389cd317e40d719c96bab1a8da5429d36d701e021b,1974.0,F,SP
f5ef02e7f8c86c15d2af4562d79719a907da25916a8b763d380cea41d23c7ed0,1994.0,F,RJ
c0b46926b4ef25719af7deba2eb56227fb12755d9dd8b0cac69f87d5b83485dd,1970.0,M,RS
d90f3d3354bd2cc7e9088fe8704143e1d540e82bd2d2590e0c36dbf70d39c0da,1991.0,F,SP
8b6dba70fb8969b3b5afcdc11a62e174c1d763153dd255c51cd54a467a97acf8,1982.0,F,RJ
17284d9e41b4d43d762d2e2996da300cdfb5c2f00caca1bb3a11c1a3fb4be8e2,1997.0,F,SP
732624c80584e70f88c063ff2d27ed48e2076a6e57df6e08b6297c8df7631d8b,1983.0,F,SP
2371901acc0826ebed91db02ba89a0be2af520b2cfd09f57db2f320c1ade440a,1984.0,M,RS
129a796b58d61a27209bac90ad94d8076ec940807d0ce0699b8159ca177b8e4d,1977.0,M,AL
7e65f1b079de556c043331f896bcd39757743baae54eb7a9225b3e272402f79a,1977.0,F,SP
74c8647edf4b0188efb55a49be7a58949d2d547cfa5f9bf0c98708ddef2de9d7,1972.0,M,RJ
e8a5af9fdc9098580297942facddd32fe3238f2c9f5b4ecb7f4589f7c7c6e587,1991.0,M,MG
62dcab958ea19efe24b9785613e9e0e22ca59fd275f62a5e594a15f2a82cad66,1981.0,F,SP
82645384e0e631e30488f1376691101e7fff2aa132e8687435f9f49e638fd26e,1980.0,F,SP
4e208c70050eef1a1a16adaf4eb108a160f0319736f5a1bd2c278a7e678c7c9e,1946.0,M,RJ
5bdd29f92511c90f46051cd38fc4d8407972816359e8a1ae9d33b8b53b469cff,1983.0,F,SP
0c94bcfc154e32b51d677d0298157032e3d6ab907f5842ef6b344ac64f5f5b36,1989.0,F,MA
83ecbe8200a8fc7eab76cccf2e227d25fc333a3197fd87110202dc5c7c1794f2,1986.0,F,SP
132ceb7789d256bd5621a860d87ebc078d03c222644df58d29bbc8e6afd23f1f,1995.0,F,SC
204ccbf9821456f5d54ef67a52a9c1e576aae00373f814eab39eace6cdfdf106,1979.0,M,SP
fcf83eda509886086e710dfb78e9a47ff5222fb24ddf1bd4eeee73cc5b11cc75,1966.0,M,RJ
7e0ff047e29cb89697410f30392f84d4ba64c4bd74c605973dfc726cabc7dc50,1983.0,M,MG
4080040283e92615145ccee02b219c5901ca1d972929ce70af625f076c71f344,1957.0,M,MG
246a220aedda798b09c4316f93fc12bf9a2b0a0a29a003e62ee02464caae6b78,1979.0,F,MG
51282c9f4e2e0cf11832c5f374ed12cbc32d9f1df02c45b0efa631fea5397c83,1982.0,F,SP
9000e933f6e20f8ed43b19dce8887c232d09a7e70a2101095dee30fe0faa4aa2,1972.0,F,PR
a1d84400aba144ed5aed1720bacda31583e0921b9e10d2af85db25858267b960,1968.0,F,PE
4d6f1812896047a8a8542aef1a092354b6b6cef9df4ec0ded33d3e7b62b72666,1983.0,F,SP
486efe2e07855f817d941813dda69c3e5339aa14cb718650487c3679231d86d9,1992.0,F,SP
59bffc98e04d483bb0ae0df0c8c09e947aee70ebb5933cf1f0fcfa046a6329c5,1968.0,F,SP
38017653d73fc940d08d5bf9a8a2a4253eaad0f06e8754dd2ed168117c4c2bd0,1971.0,F,RJ
879615b3b083a72d84cd66cd3e7c86c46eecdd3d73ed985e83c65633fed1c589,1984.0,F,RS
5afd0cd021d94e08bba913a9d02d7bb7931d29b1ae0c63ed584743ff5e082d3a,1983.0,F,PR
6bb5bd1217fe0fd7365c801dd9104743790bb92a5e77b22ad62d47716d98d5ec,1963.0,F,SP
b95414247cece9fe15b2f8259cb53417894f2001b515eefba41db0e3fd144785,1962.0,F,SP
1475f62a4827dc11fa7c8293219c4c5d5e8c9b1abb5dbf1a8e5b61f9f1401fe8,,NOT INFORMED,NOT INFORMED
4cc6bb04938ba0ac7f0943b993813f231be9ef0a6f1396ee9a68dc8dc0c32ca9,1989.0,F,RJ
bebbcdf209867d6ab51059c09ac5459fa93d498c578f22bce7a312f168555e85,1976.0,M,BA
3c7826a3c61db368ab7acd6662942caf376e15db54d9644fcc236dc6b0d2c9c4,2000.0,F,BA
38d54eaf75f9edaa88f693e25e8582a6ea1fe5b08ea9b31b8aac183f1d706824,1969.0,F,BA
c75ff0659e631af0590e4592753869e3750f0fd617b1228b06a6149c1afb0b0a,1980.0,F,SP
cf0554ca0dedddfa618679955fdd86e74077d066cacd8ae0c621ca4c6234647a,,NOT INFORMED,NOT INFORMED
66f2ded141c35d4fe2e6c39b99761a57f14b07fb6fc5b703a5f7a8aaf88e5498,1992.0,F,SP
e76625afa8597e8557632e122e18a713891c25012a3c85341987c619f4410f6f,1985.0,F,SP
1bd56ff42057311a5be87d13ecb681b420c624f512bb3c215f15a50ae32247a6,1988.0,F,MG
02ea2e739a2727e4b2b6d11a36d2bccf2cceb651ea99f6f0af3c9458b52e0d94,1994.0,F,BA
3715ec3e41686cc4bcf71aea46193efb4bb239f20a05ba8ebd088bb412daae15,1964.0,F,SP
27f003b3b6437c49a9a762cdf6e8c528405f2df0448a87ba081933dce93064e8,1990.0,M,MG
284d994b8ee10302753876add0fe6c91bdeb295023efb8dbd25fee4c59f9cfad,1962.0,F,SC
7149c1da642b2a79e0f06cc6703cdb2c79867f47d078754d9082cbf0b4ebc0f0,1977.0,F,SP
7ca208723f06e053d2cc53e01fb3e81af68924e162dd3b5f89956fe2d50906bf,1976.0,M,SP
73291ab760c8be991b93c0a95b2059389d6826194c6402a221766c95956c7a7b,1990.0,F,SC
0088eb646037c9ae667aa79f82afb4aef09ddb4103f2be93e590fed2e164d187,1969.0,F,PR
8ed4e25106f164d21a295d258576aa1b0a5622016dc77ffc1d280bff5f4302cc,1982.0,F,SP
b6976954dcb3e9f0e15693078e7206546f83f7940184c7b0516636d3c5d4fdda,1972.0,F,SP
473c56d2de2e67008964f7492fbbcb4ea78765c6d917d61b45f4be5c994cbd59,1966.0,F,SP
b37d16c623c9570d624b43b4adea8866a21b89a6a0e4a5c169c323d5d66a86db,1985.0,F,TO
5e20f958009f634e6c82660bea8e73e13b6eca54953d310037d492c0a1cb5e6a,1965.0,F,RJ
7126e36b8c08a57e4efe4a1680003f3627ed7d19e87be853b9a0b57dd071f057,1969.0,M,RJ
d312ca0329b6e4a6d1c03b4758ec44d6e99cd2db88789b325ca14660045b0a14,1953.0,M,RJ
67e0dd4edea25027d49241f72c0f9568f28b7973dcd80edadc789ba1d32f4ef4,1968.0,F,DF
c71e149c95dd980e915cad2f2fa1d6836c836b395b8e5fcef970101242624020,1957.0,F,RJ
64374b48aed2964063c74ac990a88aa4f5306e7255dc42593b35114f35bade04,1996.0,F,MG
62d23ff2e252ab702eb6b6f7a4b3fab4f196b3206cfbe334c6225773d9db04cb,1984.0,F,SE
feb964a979abb08a5fa97465b0712faecf0afd2ab663233a7ecd1ac0194def0a,1964.0,F,SP
00017ba5c16b9ec6416ff8dc43e81590375a66a6a7f2b861017b9efdbc15c46d,1989.0,F,ES
cf8645d11737f6249d8e2d4f4b8114d43ffdb3a11d2a3cef521b0fd1bce22474,1997.0,F,SE
63a6d301bcfb4cb7552b2d5be212d1354bd9c18296a502ff0406b736632cb939,1967.0,M,PR
1145267e84d7ffeb541b6d91b491040f7f1546f99dbd028190d5f3fc4f27f085,1987.0,F,RJ
b80378e563df99847a062832d6647bb08c8049f2e5405860d96f77b47fcc413e,1968.0,F,SP
ec9073bb92452a2540955b35bfb19b252082316199366f9a7447dfffad1ec46e,1986.0,F,SP
672716646cbe296dcbed3f276d0a9c61ae89d3be94e531e5dd5ff6b640af95f5,1985.0,M,RJ
fe18c6a37c186c334b2dadec44a18f9bcf3cbe1e29705a282e80c323d8346a10,1992.0,M,MG
43b12252006318165a550c8516357576f2ea3370d900e8550a56f0280f28f29d,1976.0,F,MG
06af6d9d9931fa47bf7269567758ad480996824355ec1864a473e672cfe9553e,1996.0,F,RJ
d01f94d2ac6015637672d245e192dc0e138d761d1cbc439151ebb863ccd88103,1955.0,F,SP
29dfd6c73009d5ff5088bfec7a77118460cef10f09a20f3791ecd2416ace99fc,1984.0,M,RS
e57c428540d88a3bf96a865af04fa87329478f8588b2081af972154946a6c1be,1961.0,F,SP
254a6c67436f5e00b0fd117fb584e9343ac848bf89e4156db0cbdb488df7f711,1981.0,F,SP
a3bee8f07d6ce165dcf6f954bd2f024d2f832e2d44c1733288096bcd43d66aa5,1970.0,F,SP
e59bf342d8260277c1ab104e7169ab303d84b814fd5a2462e5ad0afb7b8b020b,1963.0,F,SP
08e022d4931abc2a7da27ee849b87e64762457489e042ff2897da2bd60b2793a,1985.0,F,MG
0c55f26ea3e7e966ec129c5da2776b30e944d33d711dcd988a1f8479f9899cf0,1991.0,M,AL
353ee88024a7c52c5ce78486fb381633c9b1e418ee78b3becd07e0b107669b9a,1985.0,F,MG
7343c6bd5fa27568dbc0a9876926100ca2dacfa8de0feabed0910c1ca629acf5,1991.0,M,PR
eff98b58fa79ae6fd769bd950106dd4d995440c6ddb68e3a3c9b3e1842abd01f,1975.0,F,SP
43bc4d737527d3dad8beb1c8a9a78a7774662e15cb0c1eb0a849f82bd801546a,1964.0,F,RJ
e3a46126b3cb181a118db9f56e7387a923c546c05f41daecb4ee07af818b0a5d,1983.0,F,SP
689185c159bac046a4aebbc4afc375bdc0cba46e997893e078ddb4f5f4f47bed,,M,SP
0b97450abc0564008d32853a725e51a6cf396f8ea3b560ad33de0e0d68893396,1984.0,F,ES
831c392ee70ecadf17daf3bd2082cd8a46c211825d0151d612d046b8cdaa1785,1988.0,F,RJ
330e64f0ebe3eada92ede8fd55ac34707f8ea9d406ce8597dcafb88f4dce17b2,1965.0,F,MG
2f2001de13a36648435c51d4dda0661758d978fa8761f3ae1568d55a59ed50c1,1991.0,F,SP
e7396a43899474d353fbb72d91647fdb7e3bbb4628e0f9bcc2a169ea2952fc86,1985.0,F,SP
8a42079d3e5246871067c9c0febce1647b7f64740edb394f716fb0c26bccb77f,1976.0,F,MG
ad5d461285f73aa713e03face52907d6d978024692c86dda267ce460258630f2,1966.0,F,BA
7e2db13bb9d3d364a2e03b4608ee09d6c99977a002bac7c0630536cba97a4b89,1977.0,F,ES
ae214b2a4c991ecf9c05a19c0ab943f2e75847cd486ac6cc9932920db68758af,1998.0,F,SP
41957a7cff7195ec55901953e00326eb814aa204da4e982408ea498edc10199d,1993.0,F,SP
d26cee311526b677ff850a5ddfb527e24b728f99656a1e9f962f655cc9fb50e5,1981.0,F,SP
b2ca0efdaf4b120a5c773f251c33877d54e0fbaa316f98008d64b039d9466659,1983.0,F,BA
5e42239d3b8da02b09290728d90ba4bb8a24e8379a590741ff9ab446386cb368,1981.0,F,MG
565cda5ee0d35829ee46d76e6c216409950765140aeff464770aa5bac013c1ea,1996.0,F,BA
044cf48783576c53781841ad8323909d46ce3a935b8b99e97dafbb3cbf4da1d4,1983.0,F,GO
9449f09d65f427aa31cdd691fe81ba4c06160afcb1cb7387ffe0dff7ffdf4f69,1970.0,F,SP
b94f03a71edf2a8f1d05746ed7e5192eddbec3cb652c5f604b2b69427281a480,1979.0,M,RJ
6b6cfa1feee8601a77b301934f86b4bf20ee96508b8c662ef8eb6382b764a9d4,1988.0,F,SP
53022ab7aa5b865acc4c2836fee0694294b3a6193acfc9b5af8f2ec722629d59,1976.0,F,SP
f2b10ca5a495d373ee5e7e1543c47ed9808413ff4950c877a19098405dffe29d,1987.0,F,RJ
00d94ac482bb2512771327fe769bb116606f508810f7a9c9789ceb21548329ee,1999.0,F,SP
daca5ba0d75d42d99053a68f12901052bae46cbc9c19f653f5b3602d20f3a4ab,1976.0,F,SP
9216b2c5d373fbe59a92c151ae95d1f457a4f14b28860e9a4f1edefd16452837,1949.0,M,SP
ff9f68d09e261ff26eeb8f1ff50549ef7d19f9fdf741a42d7a93a4ebacd5ab50,1955.0,F,SP
f0b785509f5c80528490be7c911585cf19e7e5cfd4ca689fc69f4734c64db7cc,1991.0,F,RJ
561f71d970a0071410652e8f4d5a58779aef8789289c62cbc1e1c7f129860ebe,1983.0,F,MG
005d936478562bd5e5e5bdc8426df5ad0a637f0cbb621eab4d44c3e4cf6a66e5,1958.0,F,PR
4df5bdcedadefdbe5fc87dabb7fa6bc9f0442b653ac36766057c5f83569d6f2b,1974.0,F,RJ
20d06841d6589974c1352c33eb6793bc66683d1dd7dc8478d833e68a51f2c85b,1991.0,F,PR
5d476d4b031d591c10153fd90884cdfcc4f61217edc4e33e375e39ef5857ac6c,,M,SP
2e391162b29db4e732c9a756449c69a8d75581735c209aef418e72668eb920b7,1999.0,F,MG
6082531e753c3b5ead974742b26dc77832a2bcecacb93d390ed702fc0ed82cab,1971.0,F,SC
9e399cb6282f53ae1a0251b3817c3404c5615b8519be96ab4359113bbe5925f5,1975.0,M,SE
4bb03ca0f005a5465d4b7f90a75ef55da8ffc0138b41865ec43629e9e5bc20f7,1990.0,F,MG
779b767137a9254a8c1e11ea027729045fedfcdb5e23877d6d01aeee39c7e51c,1967.0,F,MG
0a7e165b74c02eedcac2c99def29c01308a1cf68d642f43d71b8c96af2d5eaaf,,NOT INFORMED,NOT INFORMED
6ba2a8a8ef5cc745025cdcce9dd8597b2e19f4b139e24679746d04b38fe84290,1971.0,M,RJ
c59c3edc802573ce8ae62517467882f6b5b5e433fa933ccf3b2a0df4dd1f3712,1995.0,F,SP
b995f3b20e68d55fb30a270fffb83feb9a0447518a50998faade3fedaa99fa55,1984.0,F,RJ
21c239e958be103b2c20ea187c74d428ed0515c6cc98deb49eaba04d38d3fc62,1983.0,M,RJ
3a3bb075ac685b570e2e3b0bfbb65dd59c218fc021167b1131b7e9db08c64e11,1982.0,F,SP
fb2316c63037e1e73fbf7f96f50ef27f4a01454a92afd685b739c8158f79ccf8,1967.0,M,PR
7d27a5b99c86d592a18347fc1103161003bdbe8b549392b6e7ada7314c52b1aa,1954.0,F,RJ
dde124c0a5802fa9869f477077bd3148a96e82b4ccb2a37b39dc3cc5892af3f5,1992.0,M,SP
05eca9d3e4fd23caaa2db104ccc05fd9c0cf3df41ba4e9866be4205c7963c9f1,1962.0,F,RJ
063ce23a2513858982a4edaff6946e8f38ca161528b41e5883d82e3f34dfbfd2,1982.0,F,RJ
f1d7f0febfc29cc47f94785545e15bd41245b1d1003a572eba95f2265a181273,1975.0,F,SP
a655b0d17f96338932ab2440d51807fe5f734652c6fc27420c6d9dbe61e28a62,1981.0,M,MG
e65dbffb96ece3c84c9a942bdde7cad2c43a887bd040d59a07036334aaae05ae,1975.0,M,SP
19ddb4f28cf7460349c23f23b7c5e23fe6054b806fad55831a7560f06b063714,1949.0,F,RJ
ca1a126bf498310da1ac230cf9d54a9ef4e7a5b8d00d5ccb2a7973eafc10036b,1971.0,M,AL
f7645b69a046a892f9e6c5bdc5ca6288745a0b3b1c85da03934072e37a77c4cc,1983.0,F,SP
cedd2c9e7e6ca8b1426c0251c3ca98a249e589063e09acb20dba4d99727ac4ac,1995.0,F,RJ
556709baea7d6d02b7add9e53291ffbecd74b3e53bd96f4657d234dd94ce4429,1980.0,F,MG
fb9434d96dc9e95bda08a7b0dd4006030ff15c84b2a62263769c85a7db22c592,1990.0,M,PR
7362bb65acb10aa65f080c791c174001092f1a45882b81aee96883490a527ca8,1993.0,F,BA
2ac9ce73a8c974c7ab3d91d78dd7cdf09182ed740fcd92e62999c9df15a48f30,1972.0,F,SP
6b8e4b8370e1f7c8c7d93805423871dca581ce40ed52931f0419df9742411325,1965.0,F,SP
d0e18236ab6da87760088933110cb27b198d42db5d0d243450ccd11072e28890,1971.0,M,BA
4800d2f7d791004810d6624a82e1653c81c74f2a31b0276da598fc5d0cbb4a15,1965.0,F,SP
33fba58feb44700f45a7d4b58ea72ec58323171046e6185a4f5803ecf3f15edd,1989.0,F,SP
3ffcbfcfde6ee807a1d342abfdb063dedce1d0c23d27202501e9489eeb9ceb87,1977.0,F,RS
adf7c1b93cb37ee878310916160e128337fa7e2fce7cb37419435aeb4ee1c449,1994.0,F,RJ
eb10c80a1f29e4ca52b6e8a2e809f0de511e2f3e6e5b2fdc56b7f57ac10f54de,1988.0,F,GO
39e6eeb9df59ff2a5fa87dba4660e08084af502670e415864d0c5d292c1eacf8,,F,SC
f75d4163b2d957dcbccb6efd8b9d3bdab0261c12ec42330f6c88edb9313678ac,1964.0,F,SP
05fd8e25d1ca13ba0c222700ecbb06917f369dbb5dd2adb5482f45c6e1365726,1982.0,F,MG
a33c537a646fcc3069df4bf5d8a7e2ee82aadd430c94dc697dccc41d77221a13,1994.0,M,BA
b977da35ab8676f00bb255439f2a86d7f7a13180790e61e98eeca82614fa3389,1980.0,F,BA
cba3d5735c162608e0be4cbd2b418cdf293a5e5eb466c686b63e16271efc9dcc,1980.0,M,SP
0b711a049d22495896de3b267872ac3837cc1ee8bc7169fd371bc140766e011d,1992.0,F,RJ
c7f6aa38ff1ec45fad50daa17773e725d5c2815d341ecbf5a061f9a0f1532baa,1966.0,F,RJ
66c5a314a371c41507c8b7dac72daf18eb4ad0ba1ede654fcae6f5ca10217fca,,NOT INFORMED,NOT INFORMED
9fedb38ffc8bdf5209d1f30ea3f5dcd939dd8f22f40f7deaf3b8137a85e7c385,1976.0,M,SP
bd86101e289019b13f62d953b179313c919179283f08dd4ec823c1a4b05734f6,1979.0,F,SP
d66b2f7b75b2ad0f3f46f11428bdf873f73bcf2f3c4242de2f717ad492b16b96,1980.0,M,PR
b7451106d7e6bea8292aee70d511d5b30ebc4b923861b068ab11ee604b3b2203,1994.0,F,BA
a496f738ce81c3fb60495b03f075f5b5eafba23f48a8a62bae97433af5ce7820,1945.0,F,RJ
d926648207061c0edacb4afe80af176bdd7f38b14aaf33205038f62a41344176,1965.0,F,ES
e7cad712f7b5d25f7fb1d64a0a5e87d5e1338fb684fd74478f4cc79f9c08d421,1978.0,M,SP
3cd53f2ff00c97a0b0a2d7a0ffdffc61678b606054045fbc6587afd08c66d5af,1994.0,M,GO
32e027b4e75e8351db2a3c08a306fbe02c6e098ef3a47e329e22a8777c53aafa,1992.0,F,PB
4e3eeb688456ea1d4bf3a2d8eb975c3a3f5fa951713183456db96a90d29aa6b6,1980.0,F,SP
0bcf9705a9d8f094a07526082dbbfafc3e7d43932d8bbca78221238e84f363bf,1986.0,F,SP
1d5658086b0ee6fecf3e11d2ee88ca5058ba10466333c4b25421c866588677ba,1999.0,F,RJ
fced0c014208f549edfcb9fbe0e568ac080f41fd15e495d99d4e1d020f1e74c9,1989.0,M,RS
5d5fbe365b07a200e024a81171788f055da00d14d67a442ffa3567c179eadf48,1978.0,F,SP
adf3fa6fc0e7af345427dfb008a9b0eafbb55391c82c0191d0f6bbd91aa2996c,1967.0,F,SP
eff37a3182c0d96b0602873ea04628cd16056181f4e558ac456e106b033aea0c,1947.0,F,PR
7aacf9b72385ddb887a54aefda7b2e0b21c6c0d913821865f51e806906ec15e8,1988.0,M,GO
00f6ba2d76175fda370e04a08129ef0019b8bdb4d25e61e6105bd01e1ab4075a,1990.0,F,SP
7cf88025a7248d70a78f1dc33bbd4329f1d28a241e602ecd7c7d087f1f356c26,1997.0,F,SP
188cd2d893c0b8ef4aff003d0c6d1ea65c6598458837348d1da3e16713e6917f,1983.0,F,SP
d6d08e24d6246b54b2abdbd58ba3bde02a3a670998b5bf67caba5b2168a0e0c0,1976.0,F,SP
cade2b471c511bf8bb63c8d4d45d567403569273f423e2ce861f0ef90681cab1,1995.0,F,MG
c8c5c06ea31c4ae9e6b0ff86931dded7a3284f74df84e411f4dae4329fce115f,1985.0,F,DF
3da14df56b7f10a0491cfe125bd10d98ab3495f047bc5f981aa06025e6d28abb,1990.0,F,SP
baee02d3b9f336d531500729f66713182d0dab33c1c63de2f2927046b0ed4081,1981.0,F,RJ
67e8c33f8cb52c5d015f8539ef1bc2c5ab6affeb5fd85662c397adf8048ce3c2,1990.0,F,SP
4487054797d09fc6669929221b812802e9e700e326b43ec078c545bd09541e79,1967.0,M,SP
52059e633d1d3d99db67fe9b0dd9ab02313a60c27e47c021a3a50591fc2fba1e,1985.0,F,MG
a8ec4ac1f93df56206046204b907bac13740aedf60dc50d9cf75a7aa80f39787,1987.0,F,BA
d4259bfdf8d5101c56b83e44f1e8be11d56d055a478683b567567f9583e07b16,1985.0,F,SP
40d8b20b10002421ef6bdaa1ec1e9699b7a6e3b24954d7228c755d6fe6e78b78,1984.0,M,SP
3fa2522cad603e9ff42a88c9f9fea4796fb187cb43484b4c983605cd682ed57d,1976.0,M,SP
5754a1e02b96818efc192cfab7cbd3a2814c315254b4678addef07267a39e136,1996.0,F,MT
4f6651119bb14f41e36167309a54ba720d6826a3b0f2006363b186dcecb5d209,1993.0,M,MG
a9119516d63047770e64ffd4a7699dddae9df1e311be8eb02b1f5be036aea5a4,1988.0,F,MG
be821e5b08d4faee1b954c67adab2141a5eb8e6d041c17343264389d49115afd,1982.0,F,MG
8cc3a16ab301cd4dad49e60069198e773cc1c47183d25ac265c07d4f2bea10c3,1984.0,F,PR
7541455fa244971fc328c2c7c2312977ea5014644b46dde51ccaf44d4e15d716,1982.0,F,MG
77798c3c2fb1f935ff076c2841647191949e0e3ba569fe9943c8213e0b3c50bd,1959.0,M,RS
96183d328c9957ab0c7118e95f668c05ca92378cf2a6bfa6b70deaadab7eb626,1979.0,M,PB
b1c0339791811b6aacb8b44f5bf4f4c0fe9258c5c6ecbf4f9e8aa79b14d89256,1966.0,M,GO
58399496c441a8fd178aec000bcf9d2fe97f9ef56247e03a0e70202a479f9a8d,1989.0,F,MG
877f967371ea023210ad77c0c942e5afe7a6edea569ef57ae79502b8e3b90939,1976.0,F,PI
cf765ca15ab1e51711b0cb15d9830f62093ca0e88fdebc91d12172e9ad921474,1992.0,M,SP
02e9ccf07511e4033db92f8f9bd618eadd517d0410c2248cb5f8cc286bf79d7f,1978.0,F,MG
bb8b1559635f55b4c224ebe1239d7fcd2e176092677f9e39e7995d16ef3b8835,1973.0,M,SP
414d8dabf44c8f984a5b4b872af02a39a2cf742abf9da710582acd5e323d0f90,1996.0,M,RS
2f18d318354dad98f2a6b32a9ee56b71b09d8a37f1ebe3f46808fa229e475d69,1983.0,F,SP
e45c60f8c589082cc227a13743f400112279684f42a4f3e57d10fa2abbd91da7,1988.0,M,PB
9fc2b2e2a215771c4b077f44fc7a835fa2d09114575580cb041be3cceb6e7591,1984.0,F,MG
5a896d439f78227f085621fa1a12f3fe75a17c278fbd0b634033fa96aea912d3,1968.0,F,SP
914aafd061163cb5d44ca63a23da0a22fd4b93e2a9ebf919ffab58028aa12666,1974.0,F,MA
e3440b87a4fbeef0bfb278fc0ccbcd1fec8b2ce422cab21114cda13e6a611995,1981.0,F,SP
0ffe3a1f4d5b0497fbc86e6d070de2bcd8038cd47a8fb9807b1ce7235fcc98e3,,NOT INFORMED,NOT INFORMED
4f4c0ee210ff6ad05e6e3ff61ff824c3e1d39b9050bd8b71432a10c89d4f5392,1992.0,F,PA
bf2759a30645974a95a9416cbe70b25b9ba32465a5dfb34008ce4815f5c124a2,1975.0,F,SP
006c93c5948c40b5b78c1c11dd28384216d4482eea48144e3cc121fbfc6017ee,1977.0,F,BA
bbf7b34f2f9ab1d6560ce54859fd2b25ea4f088625751086facc99365b14d87a,1969.0,F,GO
ea7ee4233eea9d059dbdf50a14992934af8d1622ad05ecb89fd0e46d3bdcc91e,1966.0,M,SP
e325aadea5699ff29c2bb85161147061225a63d9f8411400083f0f5ecc6fba23,1984.0,F,AL
55d3978a92de68ca72ce3e737e3ca22623580a0d5b4c7034987b7fb3ed64651a,1974.0,F,SP
c265d3c81577139eaf8f0b5c2930d9bd20150fb9eeb65937f25e124e2676a550,1978.0,M,AL
e54986b8db5c1dea808f0af75be4965fa39ad3521ddb809ead28d6d68eaf1db6,1971.0,M,SP
c09cf93da29cb175622fc5422bdfbf4aea0abdbc5fd03f19e31ec437f16c9ca6,1990.0,F,GO
d1d690a2262c4ba6601d75efe0c41ebac26e23b5ce6add69824426129c841c92,1985.0,F,SC
150b83b03581325e5b39c0bff6ca14d05dae02801a8a04f6ffb19ef1c8c4d71e,1987.0,F,SP
370ea28e4af2c2a3beef184d2e619931b7418018b8cbb3095cd4409222eeeec0,1981.0,F,SP
21a476f696b871b6334724e4f8c2ac6191bbf87fc7bdcbdb340185ff7efd7ca4,1973.0,M,SP
e50a804eaf11a8d52a93da6ac62a1ac0580a9bf97bf6a6903ecd545d2820eddd,1951.0,F,MG
ba6797388485bf6e68fa2bd6346675d4a2b7dec0e9ba5b1a7f7c816fbb500ee4,1992.0,M,SP
b9613844d2b579a011ac8a516479b9e76ec5e4ea7db32914a26efcba75941761,1991.0,F,MG
ba8d1f748be094a191cdc1cbd8073c2bfe2acd3b8d3cdd115305ac345ced7872,1992.0,M,SP
b042cdce95da739b37e5afefdbca1b0366cd75e8845ae822cb864ac70fc886a2,1980.0,F,SP
d68cd37ce4b0cbad7db098bf4fc74df3aee0ed8a7b448eb98ce79ad3554f9254,,NOT INFORMED,NOT INFORMED
edaaa9e179122f13812baa5f7a4ca4c6c952cfbf5f01595a451af0b5a1255afc,1983.0,F,RJ
a2a735ac6dd698234e8819bc6e44b6aded9902dc45d2dc52d5d81856923a0261,1968.0,F,SC
2bcdd4938b0822401c579028e5aed51f4ee3758b1ad3721204b4438067e57339,1964.0,M,SP
3bdde277e2912e2ae20a22dbdd40661bf112608a352b5d39762d785375d707e8,1982.0,M,SP
b95370658855615d5c348799cc8aa8486a5cd211a471ef27d42c807feb914df7,1977.0,F,ES
53edc0ae3426bd56271c2d3ef242fb0013a2b0c82abe3e08e1c02f8538d7513c,1980.0,F,SP
d708c46fc081b1e8fdee326cfd1bb2572d0c6593ac3e5e69de6347864b0d7fec,1967.0,M,SP
e49cf0a3a2641520ecd01b033b65f6159405ee07ed5d91c44de24db208df0542,1974.0,F,SP
e5718a4514bc5855a3e9c204c0c7de631408051da42294c02e7dcef694bfbc00,1965.0,F,SP
1ae25fec3541c8880dd6e9bb52803ed2c223e4ba714f1ffd8ec723fb2e2fca40,1987.0,F,SP
1e2cd547c22d8417531c54685ad8546c69abb631b6639dbe7c76749a04b57590,1970.0,F,RJ
aeffafe8d8766a54708e0998c6050b1d5202bff54b409e5278b0233b9607fe8c,1988.0,F,PE
8aca175e19ef8c6695dca071a2780ad46e5e933436ba12cb9faac1087c4cde7e,1967.0,F,SP
af2430581408c09f2a39aab7b303d73cfab2695027cc162a77db7177fe224a79,1986.0,F,SP
562e37f2a8289f6eca1fadebf2dae5a8bc054e031718b62ab3c4ceec6bda4e4f,1975.0,M,SP
0bdbc6a2f9aa4e91e296e065b15f66acf234368f9158c8704ae3f9f788bc9041,1996.0,M,CE
9120f1128429329965efcf0bba2f3b7c3c139954f0ee7f91b42a4eb453d70e9b,1984.0,F,MS
b1f47f3c4f85b5b19c61a942d9709a1acef4b5c1354330d181b34cfc70e59661,1984.0,F,SP
95de0f5107439d7b3ed6e723b7cc2af5f0eecd65893db27841f828e253f879fb,1985.0,M,SP
89460ae42860b7aef656620d84f6ed06c8fa4553e6c9f73cc26bb3267a3fae96,1986.0,M,RJ
d6e7f78d6a86b24be05bbf756df4765bbca82e3a8993fb003ca40abb6def180c,1986.0,M,SP
1c0fb5d142ce29f94cc043d520be3bc18d2af927be23779fe43c5b6925f56f6a,1984.0,F,RJ
ac03dc5561d30cb5548501e70fa7636311e43a118f5a4428cd7b94b150839af8,1990.0,M,SP
a5ab60b612c14ff1ef83dc68c5b06ef72277e9b0958b0c56efbdc3ab5c7a1797,1983.0,F,SP
06d028528dd8a53eb95aa5c52b6b33d908238c28fe7490566ee71d756e27fcf0,1990.0,F,RJ
dfb7ff031db188df2ce150140c39a83ee62424ec7b03e4c877447e4659448b2e,,F,GO
c182f7197227308acc2dd810adb8e10c30b64e9b043593170bfb730cc331f577,1984.0,M,PR
a5408dfced98f10d1a28f654568d6f130d84c29564187aed3edfae57684839cf,1963.0,M,PE
b6d32538f8906e06bc4a0705f9c1073b3507124e1f84c7a2fba2964e6cfb6f49,1963.0,F,RJ
87a9581a7f13a8fd65cb1e7336602f1e811818740817b3fa36166761e47bd205,1990.0,F,PE
6ed66d0c91d2eafbdfadd0aaed62a8c9ed02f776a9e9f468003ad83de3d161b2,1993.0,F,MA
40e5b761651cd556b9a0bbc4ce4697e04c26db4f5a5f9a16a0d3618afa76b295,,NOT INFORMED,NOT INFORMED
0afa3e494e8bf36c36be0c22bece1a8fe13a06e061efcf995160f31eecd9d956,1994.0,F,GO
e16505b25e10faf269b7a2f6d012920a65abf55c4402d64b7f2e81a5d74fabad,1988.0,F,ES
47c1167f915d5835e4a78e8ed3385cbaf8473d5101b9c5c012b9ebc410b8b1a6,1988.0,F,PB
5a3ba260f169f6341a0d7bbd6efc7f3e943aa3fdf608e0ef387e0d1785ef0381,1987.0,F,SP
a7c7a0bfe21c217986d6966bd8590b7d01ed0e2e14499930f09a43faeb8c3de1,1984.0,F,GO
6cf3fae69e4bbea131883f7b2e978a679bb4b50c11a2303fec516eb416a0e3f6,1981.0,F,MG
ce7ffb78086a6e3e26a2832c1ee7f255b9f0dcabc76294dc8e73b177178b9379,1972.0,F,SP
40be70c9e0c69eadeda96a7b6e096da24b4da924eedb124508adee3d8d9baa34,,NOT INFORMED,NOT INFORMED
9a864bdf79e4c5c2667deb12ac04b8338abf9864a602de3bc69195a11bdbd220,1979.0,F,RS
a4c595da42eaf74451d6898fa94604a7754fffec666fe56f3b445dcbb0565b9a,1987.0,F,SP
201674fc892cf6f26e2915527849e0ca0e3a48ad0172d18bf94ee851e4f5d4d6,1956.0,M,SP
055167d3eef15ee7e84fd45de9831b0bc8b3a9a12f47b91b12d2de1c7ee07c77,1990.0,F,PR
3cee84863f2263476ac9106700b40a8a705d875848675b473a576641d5567467,1973.0,F,RJ
5f103458fa40e3180dbc2e7abc4ed335e4ac3c3f51a3814469c66a51285a09ae,1959.0,F,RS
828b78215ef327b866ccf5316770d91483bb8b19dcb1a22d3f521a72c1512317,1985.0,M,RJ
26ea73d41ba5131bd11b69404e58e5f1e2818d7654670dbaff82e5ed8410ea4f,1984.0,F,BA
81d8a3ea576b3245c11bb9aaf707c96d160bb6f6810f1a2215e902af4b7cdf3c,1961.0,F,SP
ad7f30490f07e30ee7c8908f76b7b5c83682255411645f9b9e2401f30c2ca3d9,1978.0,M,MG
96ecca387f98f26698f963c462dce8ef6696612fddcb823899e6697fbdfa7123,1969.0,F,RJ
a0cc90c44701957495aaf3a7ee8ee4e1f0859e174bf636c7436c5c2dfbf9cb1d,1979.0,M,SP
8f0748746bcdac43f7ae0d527a516437ef0159e501125adb08a9abfc6f0fba93,1988.0,M,RJ
a6a0f4124e9c5cc3d654d1209422856b1a39126ff82aaec9f89766d01dc59594,1993.0,M,RS
cc7dd4a4c0ab160273b51f4ad2600d42eb8104b5a5ede3a12d5f4946ac39fb82,1987.0,M,SP
b01a8a8a96a6c77eb8f5aa03ea02e2e190c706dea26ff74b0f451c98d4a11cd6,1983.0,F,RJ
b3d1333baf65613ccc947e8dac858a3b5bab1f63213d151bfb3fe3c0c1960df4,1980.0,M,MG
d7997a590b4008592865c8ce55af66ee07d98753fddff1d6005f36bf928c7495,1988.0,F,MG
830c9f00abb447473e9b9816128696488578572bcf5ecf75c31dc743444ca5cd,1996.0,M,MG
646d1102c5f1b5d71ea4e5bafed5fbdc9c81c269b9778e2b5eaf58ba1c7c4ed3,1982.0,F,RJ
b95d246cc873ed94b3599a52868cc9a21c5c6ff098748a05a912c936cce81197,1952.0,M,RJ
f57172646f52a87803a3a9bbf89a3d60d5ef7a5e4d9f6d539a603e349e06809b,1981.0,F,SP
cdd8e2a39577dfd83e2a4630b002a1914636d9fa9f67bb8abefb8bc710f48c61,1980.0,F,MG
7aa79ce00e0f270ea55682ff7f20e5ff1eef8ef8844d2a4f6161cd810702c846,1981.0,F,MG
01be0a46b958f1b4b9ec29cd74784b98b86195db9ad80853b975df129e40e254,1964.0,F,SP
06d429c5c044ae0299211fcf35a22826ea4f17856003864cdc0ccc7dea22d50a,1960.0,M,SP
8cf4a13340073c264c5e1584d81dcbbb0d1ba67c9263a4b200a59558e341f65e,,NOT INFORMED,NOT INFORMED
f8a2afd5ffd471ed67ee28ddaf22edff961201933455cc04ec05ef3c357c2e5a,,F,SC
ad2ec552f88c50487bf3f9ceb3a32ac318897429da42520a6aa29eff81c0c6b6,1988.0,F,GO
cac35f7b1fa5ca595d5b2c9e46639d956ee54fff795fdef61ce1bfa783c2ff26,1989.0,M,PE
1df9518e29e831fc00e9234f5ca618de396720bca6b18e89d374ed0372da0ca3,1979.0,F,RJ
28f9ef3d7764d3c5e1f492dc884226c5afdf07ba26bf0db12fd9492845ac3fb5,1989.0,F,SP
45043578e7834774dc9a981f9d7108c156c1c594ebc142181e4e7298ebed4dda,1986.0,F,MG
ae8e6e1a52828c9ab1765823528fd65cf05379592d325bc6047b8f1f79cdba74,1983.0,M,SP
b0c83865b2b050844f1a0de154312675dd087125917f5874bcd1d7409aa0bc46,1986.0,F,RJ
8984ee82ca36f331a31bfe02babf066d211d585f42d6f1b0557df57fc2f4718d,1986.0,M,SP
e6309dcc8e71259dc97733162046dee0e0609d0d527aa917578764c5374942ef,1951.0,M,MG
407ce4425fd786898517fcbfddf09722b018523aaa75406c119cab18a4da2cd3,1990.0,F,MG
55adda334f5d60e642f3a52937c4ac80ea0f273f3d4e1a88a324abf7b0e52ae5,1977.0,M,MG
9fed345ffdfe6d89fb0058e08339ad88f9ec8c895cd8d0291353f1229c78e58a,1976.0,F,SP
dffa36597872a9b2074978dffc880c1edde6550e895c95990edfbc3c1443b015,1985.0,M,RJ
a75ac034f07c6084c1e94e6f3f02bee77bc630381d6b06276e56e16ef2e5adff,1992.0,F,SP
95af12edd362d0f4fe435ca4324e48decde751bcffbb7a8ca295c7b4507e6941,1994.0,F,SP
dddf030dcd45756e7079e1f3150fc4ce3618d638f21a0364b2dd794131316d4e,1967.0,M,RS
e20bd4c95bb8ccc8976ae75d0730c400c6966be32f02a9b21a6735df42907252,1986.0,M,SP
7bb8c1da21bd1ad2c70e38e7de9befa27345ecc9d54ac86cfca52ead0e7220e2,1982.0,F,RS
a0170a1c05c351bd514667d5c42bff9098bff3886060075e3e9664efa342bb86,1966.0,F,GO
fceca94ff757ccc78845d54ef31fbd7da9417cbaaeb65fd397113fdcdd138d97,1988.0,F,SP
33f5e3866c088ebdb65a93b36f92e11397796cae267c00c72429483c33691762,1961.0,F,RJ
a56ceb6917b5e43a86a695b1407d290c8b1ed5c6384f1e3852d3fe3c1fb481f3,1974.0,F,DF
e15ef7502c20eeb450b5a868715d962ae3af1f4a3760a961baa99fd4b7260242,1982.0,F,PR
9ead75859f55301b7cc968ada5501f3b23782dfe0a7a2f5dc7481d9d94fcd044,1976.0,F,RJ
fc0c34a4d3391948456dbf4095c43e28b9c579e2326a8dc13c970ff86bae4fc4,1990.0,F,MG
d75e09f375f2a8259a40550dd8bff78efd53d44eafdeeb40ef7f5621dbc97030,1988.0,F,SP
9e59a0570a838696ee10f30a0e4669def9888580026f5abb480ab13fa8cda7aa,1960.0,M,RJ
1a1e79f238e91da9504846c422b9095c9c80bd078098fd0e541e84420151620d,1993.0,M,SP
c9557a3253d4b0f5e04da55e780ab997b39c1a56dadae61d01bbb3f130345ee2,1975.0,F,SP
2cce56fddfaeeecb1eccdd1115aafa3bc9000efe80fd051de819ae5f070c5d89,1984.0,F,RJ
cb4271716c062cd9117500e32348d8d074c39e5a50a73e257eac5eeb56763f47,1989.0,F,SP
c554300587fdc6ae8520f85b96024c9e898238f4e6fc612fb104aced932066bb,1978.0,F,RN
6d2cffe59d645968ad1256f0f91f618b7d2eead1f33310b2dd3ea340350b38e2,1981.0,F,RJ
d674ab2fc20dde81a6bbadf2a78f5b39d3358cf9089a2a13d86ee6b98a0a12cf,1973.0,F,SP
ef9ab08e8f1d6c4930774b3ca5c5549c5496cc74c5bd3d7e2d261424bff32fd1,1962.0,F,SP
d8af1a57852c45b7904a510b8cfa6669b1eecef3b000799800098c2b1e6a6333,1975.0,F,SP
341b5c88d94e1106bf85604a2709ad8f6b31436b359b80735543e21484d68214,1990.0,M,BA
ab907c0b0f42b7cce25135e7bb63d2bef7f44f1a4b579eb7ffa08f9a056f3433,1970.0,F,RJ
6772d97066a7ff2d5925a6b8095bcfcde4c1dcc462fda0da389927fb510dad20,1993.0,F,RJ
b956c15e9a46d6e10930e6a9e5b4fd20968e506b9baa0d15b563a89041afdf66,1978.0,M,RJ
d3b6192be89b34d99ee59d29498966a16d3b92f9f00c5136b737bd40056f49dc,1984.0,M,ES
f89014fe717151b970167f3db346d7921be143a6a1e33261503b38b0f3715919,1976.0,M,SP
558b3cbfdcb30e87869478d909a8821e30af9692f5e66a7a85a38094d1b1a3c1,1995.0,F,SP
008165a7dda3a3aa4ab2f93adc92a4d914483c0e9a47360b6620d412afcbefaa,1983.0,F,MG
26d2cd2b35d5c06296a358a9e9d91f34cd976035764641606f13474baad27552,1972.0,F,MG
9be103e1d816784916ba7eb1626092fc5da2237119dce4fee763530d24e98426,1965.0,F,SP
0cd913d3146d7e08ca0162e3582a70cbe087590598f9b3b036b3fc93b6c56f0c,1993.0,F,RS
6ca0a1b3fa3b50ffa21e61a01633fd785172ebb04268d1ec97c7c958608902ea,1952.0,M,RJ
e866cecacb7824d0808f7120188cc3c6c07b0636522fc0960c4edd7b3a95d895,1970.0,M,MG
8abf030d5f93f7489bb0bf0f44c9c7351a362b8f34eec5064ccf6d1f992b0a0d,,M,ES
ffbb4675806d179675bfdd278ee926223fe4fcc46e0c1a9dc251476ca24268ad,1983.0,F,MG
28ab45deecabbfe78f1f5266b32f78f93858efe876c5723b69589c1b4a1bec29,1983.0,F,SP
cff2344fdcb7a34b041edd1a8844572fcbb244404a14789e4f89956da953880b,1996.0,F,MG
9108d61a43aa7573d1b80859da1fcac2cc351d6930e8e7f7b1d22005c1f7c3d8,1968.0,F,SP
2b28da08a2d243136f718476bb763104e160ee49dc92f5b67cd73a2f998b52d8,1990.0,F,PB
16b0a82c0c412c2b5a1fcdce2b3af18f8151bdf7b68fabc317d5749f5ce8ce0a,1983.0,F,MG
4fb9fa7415fe034bb0e77c73476135ded0ce3ade0589327862ca102299c526d0,1959.0,F,RJ
8d76de7835679f6810708757e19543bf1f9762178a1868f794df64891af8444f,1965.0,M,SP
2a2a6f642c9fd5075d5e0dc7122318d9b31865c01ae664e6f39489ae3be19a7a,1992.0,F,SP
b5f9d02d401a6141c00795f5a454bf38b7edc90bfe5c3608decacdfdf2e507ff,1989.0,F,SP
c20baff4fd9369c9021a7baec90492077b19383be9ef3fff08dfe7fac9fa72af,1968.0,F,SP
db8a4f53a1aad04f05e13bbdb83ba3a7bf305455800f3398d38ff5171d275091,1983.0,F,RJ
6e0ae4a88c6798960ef7a9ce2cf91c3be76a4cd7e5deeef902d445ff8bef6811,1961.0,M,GO
2a807a9329f1c786342da1429e3d52e0eecc75de1f224c74e506195fc2fc0991,1977.0,M,RN
ba3349dd2f823c55a67e2fc56485cbff943125ad684c9f0d00a4da5e0cbf8dc6,,F,RJ
ab1943a6da3368ef8c21e4056b8727b9bd21bb94bd6d68a16c349d00740d4471,1986.0,F,DF
03912c5712dbbf6b1a47f57d4523ae5f0caf283a09ca77507f3f8ce0272820a0,1977.0,F,SP
a746a3d19ac6d014994ac4f60a0a785a47995da6aa4a66495223ff0b974cb95c,1986.0,F,MG
94777a19d7c420911fba28535f201a591431990ad4c09b46c625d6f1de0c8268,1977.0,F,RS
2d998b14e35f619642d471eccf0898f09b3e26536e3af26ed2b6edb01ca4e17e,1986.0,F,SP
80b927b028ad87c17c88f1b6ff42bac19331c06b19b2f94fdef24a888dce38ea,1997.0,F,SP
b7b00d868292019dd01743c5b5d35d3a6501948c2da634ea50e82dd822d2541b,,F,GO
34e5d777bc472fec49b0488d9e267dc9dd87640cebc2c0357d6d0ae23c491169,1984.0,M,MG
3c0775d15793676a7d15075cb34e821e12533d6b5085050665926df0aa569c18,1951.0,M,SP
9a110a341212d101d8f60d47e659212986c70c2d1bf9018b7f403f2c9d285d91,1981.0,F,SP
cf76970eef5f9cc70ae6f2e8937b8be26d8785ebe7d7fb2dafbc09784701a9e4,1985.0,F,BA
0a9df172e1893f7a4f8d84805e5db2a9cf953333f6ce64cb858da457cdb21a5f,1954.0,M,RJ
12eaea8d4741b218818ea56248e7a38c885d4434fb6568ea2dfdf75687341e8f,1969.0,M,SP
ba6e66ef7d9c1055b47bc57e27da88a3984b7096b152ec7ff9da042b764d2561,1992.0,F,ES
01aa4f680132a1693b2dfd3a033344ca11ee7a207eb4d64d4d6490332adfa51f,1991.0,M,DF
bb98dd17f36d2f4cead7988d0f5e5174523fb9d670dc7fed39f92b3eda744df1,1972.0,F,PR
c89d139fd89dcb1b18604ce3ae53eadb6ae689b3f7a1f80d08566f55680963d5,1975.0,F,PR
7460c7f9b22d3bfd954609752fc0781b22776c5bcdcd1541e98befe6fe7a8439,1973.0,M,SP
e4565d3b925deca31a17e127dd97ce450980923ac4dd588a59b8082275bb2caa,1988.0,F,SP
c65318519d160d673f37776a89907b26508f5031ed8a81f4d72e3c307cb6c6df,1995.0,F,MG
4db3faec17563e937705aa91a337db4852a26a78e3604df877f8c4f6d676118e,1979.0,F,SP
dae6a0b43cc8355fd5aaa483f5c9a7296cec703bbceb4dfdcc3d53d3e14bb8d2,1988.0,F,MG
2f1117d6544e8a69bea40ede1fde28626a93557e577e8b9d6cd16acea7bab41b,1982.0,M,RO
034fbee94db5b42bfa0d84e8d4d10328b3228d9484320bcfec38a46d133a1b09,1976.0,M,SP
fddea088275eaa0ab84d04ada753ef6cd0a40e4e9233a6d612369e2ca5bc2e8f,1988.0,F,SP
5ce2a87519bd84a24d71f5880ec1ff23546b44e5ea93506932afaf45aab49258,1965.0,M,SP
ceae68888e37367bc345a1fdac4e9eac3208c92d26e564e0329ed3a31a7af5de,1991.0,F,SP
d52067c4a52c1523c306c81ad9e8226b715deef18c1e31653a104ea50fe3b662,1984.0,F,MG
bfd8b962a33f0683a59d7813a6b1f123f670bdf5d9435a37e6c2628f98dd33ef,1967.0,F,SP
e6b2dd78e82bcd921bcf7c3457ca7696744282fc1081cca2a5d02d4dcebf3b33,1977.0,M,SP
76b0bf319b702db0ba9b86fd0a82e28dbac4e6469bcce4f4ea665d66269d741f,1990.0,F,SP
d5a65940172a175aa672861a191909cc5596822688e76244f8a624264856879f,1980.0,F,SP
fb25a06df264e60c876a64bac5ce082596cda029e20de7ec59f432e5b8f4c5f6,1977.0,M,RS
279fd944da31d9e71cad92f8154f47a2d44714771461e39ee1ab9a9f8ccebf83,1961.0,F,RJ
157b6efd99ac7565cf53a38f40d9078f4f0efad2771576bf5f47ee2d0cf28b56,1989.0,M,SP
8723f533df5edc2b426bec491dd2ff14ca9627223031d7c847888213cbba49a4,1982.0,F,RJ
f63de1af9f9e21cc70a407fc672d51ed10277eb223ddcb12a63d5f0531b31608,1998.0,F,RJ
f7dde04de89a2e0a6f3f2ca480c59de4744a979b96a9aff72bb5abe5dad8707f,,F,SP
f2a47284cd59d3b4e281ae642a7d7a19c52845bac7c34649ddd221ec23f43556,1965.0,F,MG
a40e96703b10901d14597d56c9e505bfe75be9bcb5b3f94c08b6a44207ce1188,1982.0,F,RJ
88ecb90e5665bac91164dd606245faccab09c0524028c3f97f961abb1f18947c,1991.0,F,CE
9193376aabf7761434baff5b76c312efb73f6a7e07bcdbbd476ec7f6e6a84181,1946.0,F,SP
514515879bee25b57a82e48a0e8381ccd63f55807577890b52b6550fe7622524,1987.0,M,SP
5ca27b72111536a983ccfe862c96611a20f6215490d3299b47fe598a125df136,1995.0,F,SC
3efb4844d26540a5d5fd1428a234d6d0a4d66fbd769f68a2a93ff68cff71039c,1961.0,F,SP
15832822708076c87ee4c970ff1ec74944121179814bcd28015f55e3d5c63ce5,1979.0,F,GO
7efb3c2a0b03f99a4d9ea90ce098e8ee929885e25668c592cf89958e3b2256e2,,F,RS
60a31862b8075b13eeff576c92ee222e9de16aa6320617a418289987521f11b9,1974.0,F,RS
204406c0034743be7a98527a83f0b4c1ced046f6713e5508ada5408a807a4764,1989.0,F,SP
7e5e018ee5b769bd968c72064ae77be784a1f4c14e903b438fa33f725d7eb25d,1990.0,M,MG
585894b0f2632bb798a6e3fd7c23ad4a79f03b205755ca6021a28a24bc232b49,,M,SP
fd4da1767a6671e0879a55d3cde482eade5bf2d0e793b3412f4aa0aec0725032,1972.0,M,SP
b561dc8d24b6adb404b52c3f1e253bdc3f67b7c8989b7d1cc2fe688017351715,1981.0,F,RJ
50dc60e119d4838de33ef5ee510b793e8c1f527518b461e0a2e9678c09a73770,1962.0,F,RJ
7ba6e16e7f0e2dc814a929637adf51e0c04e7fdb8f6b2f7ef41144752c76b6b2,1981.0,F,RJ
1356bfe0b1a8f307e233bc815f6ad079999c1c8f34fd1489c8b7b77a4c824917,1954.0,F,MG
117f8ec894f7d7e83b565f7d205a411f0f18d60253f7103033c6c43648e9f0f4,1972.0,M,PB
22453368b02efbbc267ba26b2199629c79129b6f9c9db9fd16f44a0476829b74,1998.0,F,RJ
7451f432eb7b7221aba4c6ad4c50284ba23a254220c812415fc57132e4c751a6,1992.0,F,CE
a411283fa09ea8d3bb2c588fb7d6405e526a403c03391753159ab99c2046e8cf,1960.0,F,BA
3e09eb17055f3e526616689b31ebb6acf0d5918e7133e77041c7f36d174c54f1,1973.0,F,SP
68c2f891f440f7105f27370f7e163298fe534407954449db17fe247bc019e32e,1986.0,M,PR
53c78ec44cdc545a4d21439f7f79e22f344432714c993fbf95db71a95784d990,1970.0,M,SP
a0c656ff79a9b96b99cabff6fb664515d770dc668e9c5f5fd3d4886407353dc9,1981.0,F,MG
91c36dddc73a72518515e82b9f41475019908cf03b383a15ed9ed7f8ad828525,1993.0,M,PR
bccfd5894036a5e71647a108c7f4a7a1b023dac3d949adbf147b9cd6a8e59974,1986.0,F,SP
605e4a53a48666538000be8b5a4f120dacd94c30be6ad98295a17f50bbf442ad,1965.0,F,MG
da7de4ca9c093e8a9cdafc3c1ff4ba3aed5c9c09cb460a45101c7a4a2be24b6c,1987.0,M,SP
44fa9326ea489e43eb0eec50f152446c288304d36a2e987292d665e19d8b5a58,1984.0,M,SP
d0984d2dc555195840534a5f45b06333b0ebaf54d201f6dd61ffc34e8d773a88,1967.0,F,SP
d9fcc44606a7afc99423771ac2007a3c1e9981a4134344b6dd4a2e5739512ee2,,NOT INFORMED,NOT INFORMED
5fad456ca7450342f93be7fab26809a8ced5fe121dd096010b2d2743611dfdb9,1968.0,F,SP
5437593f70bf4aafa9e5d1ac3fa4d2119b0e1db14325ab43a3e710fe9f3aab6a,1974.0,M,MG
b923af175c0a35f1f7bbfd6e7791d5765407102ad618164c2a32c5d0e54aa483,1978.0,M,SP
56abc1b153beadaf80278ca584ba5e9d0149f0dab900fe7dcd7eb86195316568,1987.0,F,SP
37d462204c00b0719e78174b05b5a34f4d1406c458aac716a5e3f2b662a17e24,1975.0,F,PI
04fdbbd0642cf0a8727d844fe64b564dbd37c98a42ca38b3963a5c79e5b9fe6a,1987.0,M,SP
d9e2d67a0298183037df6838b40269a75025dd4f1b178eec4270d4cd92195a3d,1959.0,F,DF
352c170b2e8f8ed868c8a721e703e6511da07023131657850a06f84cc3ee18b1,1998.0,F,RJ
1b72bee9c52366fafa26e88469cedc83650d5e111fdb3d5cef469191a3746244,1963.0,M,RS
11a440f2c56a68424e4e873df29459699bd086d87b356fd39ba98dae65c3bf8b,1983.0,F,MG
bde12596dceceea13a84cf9d5613a144a36a60298c49b5389025266ab8403abd,1985.0,F,PR
3deb906137f04bce1ce132b70ed89e06fcb8c9580f6b7671c9f2b19793655299,1992.0,F,MG
a0bc0156e190632a5caf2d65b7d823233ba1d116b11d98db36389cef3252dc3c,1975.0,F,RJ
12d2f09632c2cf49904d065bee6b8e07bfef4818e5db5bb8f84f0e31a5a9f6b9,1985.0,M,MG
606948e0e4082b852bd6226f595e92c9fb24f4cca8bfb22352e07298407089ac,1980.0,F,SP
0eb269f7a138128f611237e70892bd09194795012d2a1c0ee1354ad48d917bc1,1980.0,F,MG
49b9569027a6869209827c8e214959b3f5bc42758fa7e8b7bd6329586873b1f0,1960.0,F,PA
a28ff6fbcbeeb961ddd28d3fe2ded420f913227ce94af29b2257bca78c249ea7,1973.0,M,SP
dde2bf0a584b9548bb0da8045e17b635d894691f53e86304b6ca702e1b2ecdb7,1968.0,F,RS
98f6fe64cee338b3f58b7268b6893ada995701a1d0dc90071c0cd08481dfbca5,1965.0,F,RJ
82fe93a849739c5f91702433df41b2dfde036706e70148d3f9b6094cf0d0576f,1993.0,M,SP
60c6492fddd84cd5dae73e3cf6c3ba0d4c9be147eb0fb3327d39c5cb06d2c5b6,1971.0,M,PR
8c5a2cf1735f15dac8e957de2b1ff64b3ac1b87997f6f84f8bfabefa3db2b1c1,1991.0,F,SP
ee0ad9b280be7cc4d669bce612f7b0e5eafba54c4e52822966c8c6cb97bab01e,1976.0,F,RJ
87f4fd9c8e193d85b37cbb0bb272b70c818f19b841e85e2d08a3364295393613,1972.0,M,RJ
bdde8ebc5af1f2883a33cbd9e51fb28d0b5e3ee3e2aeca9f57939332049a9f71,2000.0,F,MG
3f5bb3c97afa01f418164a5e856c230ebe22bb83302807a336130c79bdf90727,1988.0,F,MG
73a83a0d659b4c6e67d4dc68ba0df028d095509ad8a9ef033cba1ed40a1eacea,1994.0,M,DF
b0f70d0cf85e98d174f12912da4215ef72cdfb59a4188dd932d23807cbdf3ce9,1969.0,M,SP
5d3565632e060d8f7d174d9d1de4e2ebc0c6b94aa3243c7fc96de245ec6b1ca6,1980.0,M,MG
fb1eeefd90ddaed7d8a1ef8558c9ceedc9bb8cc5aa6d528bdbd32869e415f1ef,1983.0,F,SP
05ec28114ecb3677e752936c7efa724b96b73fbae156bb4ffaa98e83a8528a09,1978.0,M,SP
7cf05935f0030b2534fdda32a07006fa6fb60374869bcd979f73fb1c82dcabe2,1986.0,F,PE
6440e627ae013fd8e9af08d135e1a2e23697328d976018f4bcf7d704bfd50739,1976.0,F,RJ
5c4a950e9ab3383eaafe75a3d5e2cc4bd057ef1a28312846c60e747eeeccf7ab,1971.0,F,SP
7bd31046675607dbbceee69e2a5dbab6dc9b0cb5bbf1b015c21ce31ee4b3c159,1982.0,F,SP
fc6694058c425da298c8c410b11b9f692c80e7973690b57bede00e91087b937d,1987.0,F,RJ
77c09c0ca3442d1587ba76e7723002282272cfae00db3042a72cbaae6acd401b,1987.0,F,PI
7a7ce9697089d5ab41abc6fcd4b84be9e513c1c0ca721d27dc2f2621d0889a46,1993.0,M,BA
e2c42af8ebd01e8645dd6d9e4baac97ee93cf31456da8bf8475c152b532b4118,1995.0,M,RJ
c2a47fc30a17d5572d52e82ba1c79b63faa3246b76d1025f6372ba4be65eb8b4,1972.0,M,SP
2c5a770946573e0274ddf2e50d8e230dc65476fff2f3e30dcb223290a0f8b8f8,1988.0,M,BA
cfec1668d9456365ec360d979dce0e6d3e5f74c67f2ca3acbabd003d90fcefb6,1989.0,M,SP
a7a7af954c8444b9050888d8d133e18be8fb17185b0a492c5ea5afe7047e1329,1961.0,M,SP
f1649d1357413426bc6fc2f6acd395a6cd25d40d8a4a1a585bf22cc9f57a9bb5,1986.0,F,RS
ab3ae4e13cbd0321ffcd445c1820e3c25b83ef645bbede51e66b45c66272c16d,1988.0,F,SP
9c7b69c389c0fe945cdb463c3c7d365f89d4e855d89b9eaedeea51d4c2177a26,1975.0,M,MG
1fb8a2b9c4fd2a35eca1a44ce856be24a3890bf4da06db906acee5718eb5c441,1988.0,M,SP
278e1ce03835ffc9b0932c44d590ebdd20703d4fa73717f2295c208ab1ac66bf,1970.0,F,MG
b6106159fc1118dc2032fe402d590465c12f297f90e070a1d61f90c3f793f5bb,1991.0,F,BA
a6833c5285e07000dae9ab542fdfea437963d8ee5305c44136feddf469467212,1973.0,M,CE
0220c361a51dacef8476bd4453fb35b3a1b9ee818ece15c0d7bd39f589b27bcc,1963.0,M,RN
4ee05a4907fd75ef3a42586cbfc03e411168e5499dbea8e6c0691838edd6b816,1975.0,M,PR
27587183824c9edd46df68547b5b50a4979ad4cd5f78ec6e4577b98df24d206f,1989.0,F,MG
9164fdac11266e966b02d41293a8c8576979c476096965ef78e6335051a0797c,1978.0,F,SP
c364fdaa4b1d7506e34231e18b6b5b11fa656401f5f3edc7374f3133d2f31001,1994.0,F,MG
45c4d55a61982fe20ccf7fcd080d2b38bc4774f9176bd82e7392cb08d58a4390,1981.0,F,DF
54209e9157eb40ba00d6dfe611fc9cb0ae6fe3f3f4bb5cc7506233ecf08c5af8,1968.0,F,CE
c8fa2123b3982083d15bd54ed36182efb083067014ee2bf4aecda56918bebff0,1998.0,M,SC
af8ba5fd21a4751de84982a1ca6982f54655c705e2a074caa30a7b364d2bd9b0,,M,SP
9b618f9c4cb8723a4220d93273fe2013364e69be9deecd0e043d9c3f9d11ebc3,1993.0,M,RJ
3cb89a70d183ca57e17f0b373d61eaf575d7e234c58bed5b49a6f2481c7b8957,1986.0,F,DF
01a392b0082412f5bbde03a6266911f97889f4d9825236028f2b7ef491103535,1985.0,F,PI
ff81c3a37f6bc34040f0b53de51203d3b4e971640817099e662eacd2f613be94,1976.0,F,PR
3283723f8bc1efbef5dbfda1b804064ba967ec35dd4790efd6bf94249fb6387d,1959.0,F,SP
b69229fc28222629e186e7c46d84b03313e50a4b1f1d9618718b115995cd1ab0,1986.0,F,MG
162a2793faf746f8d50ad4adca7ddf7f354a5b61001cf2d30bf61962899f70a9,1961.0,F,DF
499c5a0769fdbc4ebd1ec96b6a1460e20d08f6f3b22d466d54d74605e0053043,1991.0,F,RJ
3816a38e1c36de9c9d9ef8b52e6284b817e2fffe16c285ed3daa4d48c896fa06,1997.0,F,MG
3203907594bbf1419b363171532f554600c1d50ee64c95ebeb5f7d48c0bd3461,1990.0,F,SP
1bbb78faa3c427a7a8c076f9b96a48f657662b8164f4cf692be666b3fd531bf4,1999.0,F,SP
e86e2a353dcb8bf9c65df8f110d1ff7cc18ba2a91e3ed06c5bb0a738d5a8aecf,1993.0,F,SP
b6a458a6e11433689fe674b2654dbb94bcc407aeeafed3580876e7c5376f7be8,1990.0,F,SP
cdcb5c9997d336e1d1799a1484513a8dbcc3c743109237ea397fe798e3fdfd1b,1981.0,F,BA
9b977194a047219c4b210887ca96afd709a0e223d38ec586ea89f110fb90e341,1988.0,F,RS
ebdb6f1d9c4eefd6c6ea39fbe779ac4f4ac28f4cd3d4d101081c35827568826e,1966.0,F,PI
41cc1f8c5a4c054a379ea2cec97463154a3dee9ee76866a4d4d77b3cd06bf1bc,1982.0,M,SC
afe6750a464110ffe55efc294ced3a9d471939e33357854b56fb58f5f3dc1478,1984.0,F,MG
554e71ea7486daffd99e02f6fef7fa0d7232ed463c96e3ad85bd4ecbf5ecb73a,1964.0,F,MG
31f57a5bd156f5c44caf398fecf2d675bb0c24cf8ba764714be0d15f5424c9a6,1986.0,M,SP
8027342f7ca29810fd2f901b8d5d9fc78585af3b3e5e2f3e9ee8455a98e0524d,1984.0,F,SP
36c1c238e96e984decdcd19a42600e58317ea26aecd5ba097c565f886a38c644,1967.0,F,MG
32172801260782125d9bb4a4b955bec46193b6abf998c62c8f3c865c986adeff,1990.0,F,PR
1ee9b36c5468d4d64964cf547235fecaf98523aac5e147a0898a29eb240edaff,1989.0,F,SP
9bef0ac9674a2e320eae5479da5e1925fe020666f1e0f2883ef9f14265f1fb95,1988.0,F,SP
359b3610119ccccd98e6a23bf61e3c8f4874fb8d388cd7f8df33b24750dbb765,,NOT INFORMED,NOT INFORMED
e016a8860e46b451d2419ad86b45d97c223a981013fd209cee4158103ae19cb3,1978.0,M,PR
cde2cc8c8d39eef7a84fb962e74594af5aadf4c8260649378c485795b03605e2,1988.0,F,SP
d8f3e722e05b201ff95bd333c81881534c7a0397d476b679aa298d716942f177,1988.0,F,MG
0fad82b9bdc3e744804cffdc4e10d429e60a8f9b749271242b13acd57fbe3adf,1994.0,F,PR
714884a01b831e09f7bc9cde103e6b7c8648afafda82fb792756f5038bd47190,1983.0,F,SP
6380abaf2912e4aeac37c2a3ac8895d2e85e742ed3a3f96651061eb801e084bf,1972.0,F,MG
4fe36ff55c386031d9eb54762dd36bdbafa5460b2d0788353707c2ba9e1a49b9,1982.0,F,BA
2aacefd4088d42b14c5812950dd551a42f24c488ad11deb9119da5ef3343a98f,1980.0,F,RJ
951b8fc88968ce93ed20dab8331357f9f492ef629fc53d6c300eb463f6c2d2d4,1951.0,M,MG
535d205f645af178a608ba0a672aa9d7c57140beaa75a8e676b94255512514c3,1982.0,M,MG
87a0e2cfcd5ed5e4d2338d15d7a9d6a24c68f6df8076f2e9c2dae62a2b758185,1972.0,F,RO
eefda891ceced7e10f264d439088aaf81f1929504649661cbaac992f30728756,,F,SP
21da6d1c6d022a5c67da402d3082c7c438660f4252b7c310d7ba2b99e23af759,1986.0,F,SP
4a9ac7e8ed017d78b7cc427b00ffe3dd6e785a96866b61003464af66747e02d5,1993.0,F,SP
a88c1650fc09ef93669b6979ba4b3bb5bb060ba41214449dcdb0feaacd4a558f,1998.0,F,SP
fcd6aee506a1cdb868009fab3ecec698225d659dc2e1e2394068ac467149c078,1988.0,M,MG
2f75761d55c5838514aea0b439433bf4022330b905ac6864cb6ae03853c58675,1993.0,F,SP
b3625f2eb382ee9a788f1088ac505fbb991d65543e25d6095e13a66513091481,1986.0,F,SP
e1772399a67c082c5df5ef8db02c592997efdda461a3f153197a75cc00cf640d,1983.0,M,SP
2b71a28cbf6237e079afd5a140e2461303803f21fddcb882c0b1c2867e73468e,1988.0,F,SP
c147f0ada9365826d6b9be53f3d4d728429cd6f968faa841ec7a717146064d6c,1997.0,F,MG
d2126ea0857d214343bb4b52d6d241c78661c04835efec28333f5b4103a623c5,1967.0,F,PR
47e6a536993b20da46602be693fd82cbca3b45f2be81e959c2e1bdce9fa81ee7,1981.0,F,SC
e46056511e99b9dbaface6a6c5472d767e26d03d1f64b221e2da8e28f1ad75ee,1982.0,M,MG
b5df29e0efa60acca2735d28da079a184fe5b4247e52df5b076f9e83c80dd30e,1956.0,F,RJ
1812d07393f0a566c2e48df4e3829fc59ca6b089d1375d179e13023c9218f242,1994.0,F,SP
0921708ea8d7b51713d8661264456f93dbe94bb8a5059469a2fe2dc03bd49720,1981.0,F,RJ
89f80d188c90156ff756adb7c7eca09d78195e59ceeba3331a6d30fbfec359bc,1999.0,F,SP
85eb3b25db095412b3bd8a2ea91f5c0d28aafa20d4de327d549542a54acb22b1,1967.0,F,SP
a59cf9b86daae6f739ae8feb70f8859a9e2ef5c87698e2e6edf936630b19e5ee,1980.0,F,RJ
543004872ef2a72dff18073ef7262b9ec0cf63721a8211269e0bfa8efdeb4926,1966.0,F,SP
7e0275c60702f357b87591a83a048f0cac006f1b26f7eafe77adf6b12ce803f0,1978.0,F,SP
b6d364973837165ecd7fa6b9bb79b15c196a51f5c1cb711eaedeb6c23ba9e197,1994.0,M,ES
9ce8e4bc210f25928d2249d0bc44838525e4e6d3ddf5e4530ce5ad6b3f58bd8e,1981.0,F,SC
413d3bb8d933bea07304919dd898fddbe7e97b871fe0247deabf479618ff60f6,1980.0,F,MG
636f4e9a01a0f9e8604cf1e6ebaddc8d745644d62200a68d225abb826015904e,1985.0,F,RS
ff29f75af36a8a5efa5cadc30fb4e7adbbd94ffdb4f584351469f6d7462c4338,1996.0,F,BA
2123e8ef3ea8102309bbc663e8cb37687de86b9543314e0028168e10be811640,1995.0,F,SP
053037fb3346f9528ef644402dc8791188f4f21f0a6355c56be646a4fbea4fcc,1994.0,F,SP
0b9cea0c92ad166e112208a3e9a29a873824ba6f76342e75e51e6ebf7abd1c85,1988.0,F,SP
b866aeb5ed83a16d455d7abdd0e1aef9524189d5fc558791fcb32697827d933f,1990.0,M,SP
5197ef27cdd6492a2753de7122cfbf867b94ccaefba48d8b6babdc13c7205c51,1991.0,F,RJ
93e3b1f9358142e8e44e7cc3fa0dc064693766db54b0118c48ad43b9954866f9,1981.0,M,SP
4ac702b361c3f2fc5270ab15f1066c111a9b07e6460f0993c5f7d0f66f6883f8,1972.0,F,SP
15bb04d93a5a14247c1a9b2b25a39480e48ec3264841d806f45b73044308a892,1968.0,M,MG
eb1985217599c052a9cf71baa591ccdddec01d6651f64ac696fea4c2a55b2570,1974.0,M,RS
2a6984a62b9fd70324cc5b2475094b3a70456e07cbbc6d55157c1a2a12b0d63b,1986.0,F,RJ
2dd608961cc0057e550885d061f12f05b2406b0c1ca03b7ad83daa24d3b75dda,1947.0,M,SP
303724c5c4b9b6b7c256155b5677651821d16066cae27626d40a24d3182ede69,1988.0,F,SP
0f018dac21a48d2996d43fba8842eb9e861608c40b9b4bf1ff9d1b79fce404f6,1982.0,F,SP
6f75622303f01f0b127304ba479920d55dfd8cc58eac1d3c30a12fe97720e7aa,1976.0,F,SP
4d0ed42a418d1a5d31dab668f4f87d2f6a8c38ce8c8c870230e6fec857749948,1983.0,F,SP
f153d87720de95852cb3f76d622845eaf988363ca18186aa8a55e97389d1b95f,1969.0,F,PR
b05f3dcf450f91fa6eb5bdd47264a7f7def9b69a2aaa3eeb78b3bb4cb09a5473,1998.0,F,MG
ebe00b9562cf37932cab8c42c5e5d7cecfecca65393e1985d2c8c7fbf8d6e4e9,1980.0,M,RJ
69bbb5da3484d94a889188402265a16ba2dde05b8fddf510c6e6b69b2cee0ab0,1957.0,M,RS
33e45f0e96ae1c05a4f515590ee8542f5ececea2f1759a6091862be35d82346f,1989.0,M,MG
4a315245db288da3fa018ed024cee0b99e2d0b22538aca43548e8a66d8461d5e,1995.0,F,RN
b2290ddcdc64b6f2496a5fa98ed06c5cdf417132dfa2cc3d7dd6a1f98012dce2,1991.0,F,SP
818e4da63bd20b24ffca51e2f3ad67aa25374a76c279043fd55d683a8e4155be,,NOT INFORMED,NOT INFORMED
2dd40f334a0a0f4ccd1b370979997eac949db4d98514b81ce5846d0431e2bce5,1946.0,M,SC
b7b64aab660c3832495c8e692acaec26ad8ef1eaba496a78414d54ccfa9d68d8,1996.0,F,SP
614e0f3e4fe75c6d8665f59aa7fa72e2b1d0896bf9845a71de2967154fd7c907,1983.0,F,PA
8b9cdbb5b9c441b5515b57d74f1544fbf3ea9bd7dbfa7aa7ac994a52867e5fa8,1986.0,F,MS
e2b19995c224681a5516c33a7f7861ea74da8f74e3a1a0d50ebfeac767ec51f8,1962.0,M,DF
6ff5cdd6a58cd04fa57ec1a41b0e2b893717e65236bbb5ae86b54a06eeb3e1b9,1973.0,F,SP
a67ee38122513fbc5a510a1643fd37952dc500c72d0b982f91903e320e517772,1984.0,M,DF
3e171528ded6c02b54a3967dd3cad905b2135f5e84a8b148bf58271b023f4270,1993.0,F,RJ
2f33fdcf72bda7c78b16a41c583df1dd2339a35fb05696a89de282265955df6f,1988.0,F,BA
03efc799c8f170b148be767ebd04574c21d1d00b45fcdf773201f1a5645c4588,1966.0,F,CE
54daf1a269b264c0639a02a3855f5b6aab4548233f4d4c41083351661d360b16,1988.0,F,SP
ffb0e4ec3c2660dbadf15d2eddb5f125ad7fba3e60bf578c27943d49a612752a,1970.0,F,SP
52b914e7021f64ccc28f8bbb363a3c0e8cf0c50d759a212ceb75699e3510ca7f,1989.0,F,BA
bfd322b94ea8f394a435a68ad529b53ebb70d196e8143bfa5063b83196742615,1979.0,F,PR
108e7e79d055dfd5be4acd1cbdb79e187bbe59ff5ef3a0a26b46eff55da34d20,1958.0,F,SP
76aa1b763d50526faf9022b6efb1016d5cb455a54bddd6027a24f1e2c5adb5b1,1994.0,F,RS
e49b564a0df6155987129aabd17808240774add2227051171d5e0f9c6501cf11,1964.0,F,SP
1c7e445dea87850f964f13a23991b2729ae7243d52cd3e3ca67c4035aae56975,1965.0,M,SP
23a13d9068131d2fb32edc8fa83e057009e41057a4d5e8cc6821a65b86b1e6ac,1972.0,F,RS
d3cedb2dc0d2ddfea9f38f0460c24d93d094ea9e056c24e35f3046a3dbf5f4a3,1977.0,M,MG
0823daada0f880b1d818c5e5435f722898bded5b2962d84126975a8535420db5,1984.0,F,RJ
81c947962c23392123e833b167408b31ba2782554ac228ee6d9fa1d96c453c68,1983.0,F,SP
5c445ead956d35d0d0a54b20a2da306e4a7cdca3fb03471638f9fa42b4c72cae,1997.0,F,PE
e91b20d5c6e75a8c02ff5c0b23fecfaf2e72a179c5bc22139c9fc4df80af2fed,1993.0,F,MG
9fe2244087ccc33f34b3135cb79482c1329da0af9bdaccbe6e621ce3e0a35779,1970.0,F,RJ
554983b222c41da72e24cabb699955cc466cea6783dee45f1b761f368dbc8ef7,1971.0,F,MG
b205df6f2f57aeea77d4b42b62d194eae79c8cec437300d9468344e587715a90,1987.0,F,SP
e87bd48e0eaf63635646c83a9603f05062377aeed7a27375265bbc426d08a10f,1996.0,M,PB
3f16e73e12ce211109db24e7c711916fba1f2f0d372def9bc44c61424ef81911,1985.0,F,MG
1618c87db2c7a3d1a23216f9a0398b2dd4cc32048a144002afa993b68d1c9482,1977.0,F,MG
696d2e98dd46afd66042e5e9d1d4952e59a2f14986b0219d279854337f245906,1979.0,F,SP
f2300609f3fb67a85995be094e72dc4444d6ba38f2d28127c2abafa8e7b7773b,1963.0,F,PE
431cd951a145b7aaceb7c04723f4b63645a3c904c642f082c83f1f04bf7f3575,,NOT INFORMED,NOT INFORMED
4d69358cf41f80b6d40f41d1f13bba61833512a0c5c9d6e5640f1492a563b033,1995.0,F,PR
aa335d510e9b7f1ae5ffbe48c0b3e1445a0378a7d94150cfc431adf520f7f2ef,1953.0,F,RJ
6563b493179114f321c194b8f8143b57ad54ff5ca58a99ec7f87707cd93b34bf,,F,ES
175cb0180ae645dd7df95bfa917da27b291ce5805ee33457d578bbcb36edf566,1988.0,F,SP
0c249e045c1124f667d3d4422c79a9543b7261f4ba8fd797a621ed76bc597d33,1962.0,M,MG
0439c86834f4377f196899234c2fb5aff7ce74ae0e538d4e5b185839fbacb10d,1974.0,M,SP
bc84955fba49e33686ee049660b2eb02a7e7f476c708d467da8aebfabd728b9f,1964.0,M,MG
2cd8c01a493de960867670c58f82cf2d18a6c7e40fe84963526266cc6bf65812,1994.0,M,RJ
f77517f25fc075d4fee15e930ab77dd19bbf83d46fe7903cef950471bb5ac7b9,1990.0,F,SP
ecc5f86717b82aed3bb2e581e6dfb80356dab8b5d587e6b0d8b87dd0c86d4e7f,1997.0,F,PE
eeee55f01ad2143eb7a15f14fe2ef466ef746dba51ef81f27b4f22b22d997d9f,1981.0,F,SP
66eb90f71f502d5a89574492c684d53bfe304b68df354053cb0d645dc852d73d,1987.0,F,PE
1a96d40a2c1f5002af026d6619b3545f0ecc777ce534d70f902b3ea9010427f7,1994.0,M,CE
f12cac7196b15873049673ef23d9ad215b447720b58b63e1faf8776b3ac051cc,1984.0,F,RJ
20c12dd15ec6cf953144654efd45ca1427e69aec08f09f0e86d747e87cb377c0,,NOT INFORMED,NOT INFORMED
3cc9e5cf3b325437e3ede909b6889622793b602492f21c6145124121626ffc52,1977.0,M,SP
ff99eed85bd459006792ca18e33f06ce0f059323baba35027d2713b6a39b197e,,NOT INFORMED,NOT INFORMED
b6018de14809e4230e575979b914488d5b0ddfd9e73d3c110cb03931af279acf,1967.0,F,BA
0711ae079343247fb8689bd75f6d217833b45ca6d451b3500b2d2e3dffb7b701,1991.0,M,RJ
3f7876a935276c4b956df5722323550f4a4ed0521ff7700946d625baf7c6f5ec,1996.0,F,RJ
843ea227606466aa898f84d9a28188055adb995a73cbb60fc455f1836fa94f49,1958.0,M,SP
acb758e8abd7efe8f55715739fb3ad7caf477d3ef579de8b83a202ce172c8da2,1985.0,F,SC
25b93a66a041d2834dc1aaee0e7290ca3338e0c19f430ef67851263056908fd9,1985.0,F,SP
727184aeb2e2889d93d9603c04078c8a334603f48088fb4b3f86f2d2fbdf68b4,1977.0,M,RJ
e66a380cee284e1e530806b4f39071cfb4b4ba4a369a3ec19b3f3ac61cc1e435,,NOT INFORMED,NOT INFORMED
2b2eb7084660144f4aed3a6f05dfe71fd78f3262df231f5f09e9e8671705a7ba,1981.0,F,PE
5fadec25b69790b6718e6472b5a4a07a32add2defc45992a0a8ec52ffabc7bec,1983.0,F,BA
10f799b2d235d9d7cde846b32c8fc250721fdab72a09a97068b05011678ef920,1994.0,F,SP
6fce266c25fde74ec2eb2ca5d7cd5d2b0fa1ca9d76d6b1f40721d55f3295dbe0,1975.0,F,MS
fd980c7408c9bded876f8ea11ea1cafa2116cdef5f84ce82c3e7148ee5b0921f,1985.0,F,SP
d5de00327b6efb8f5551ae68a676c6f202216ba84e98063f18d343431c503063,1960.0,F,SP
05a1b550102ad0ff23f9ea20faea50f5665d8aeb2afa90e80c067e9f4c44d8a5,1979.0,F,SP
8e68646a36fd5feee21badc9e87fd283abe4816e791f264b7e3eaafd7d96db75,1985.0,F,SP
2590a24ecb53b9ba06236a8cc4f6e820d46ec59f72f29810122cf8742dc18f39,1984.0,F,GO
8f1c3a2e25e769dac2537cb9026ddcb2a9c5d16051b9a8a3f323f73317733d2f,1983.0,F,MG
c377e5f1bfc6b11288565d77ac7e1410438aec81c6ec9b56c9cf129a5ab51e45,1959.0,F,SP
6cb6a79dff5bd688d68ac9fe2a14cd771c9b82eac6d70de02dfc29fa2ce82a16,1955.0,F,RS
7d7af33f8a3951c9972dcd2c1450b01655b320dcc1a7ac6c5c042c7d5badae03,1969.0,M,MA
0266aad6fb2439682f88385db61b1bbd9452ad26de073967796df22087d5f127,1973.0,F,SP
3eb72259539ff1a44abcca422f6befd35ceb4e0b42b647dfd784d6235fae994a,1994.0,F,RJ
99a16037be949adb23dc52c31f4263cfb195bf6241c24fa52236093906674bd8,1988.0,F,PR
648a2fc5c1af3234ddca5b726c1fec391ef7c00d5a946ee70f08a7dcee673b5d,1963.0,M,SP
1fa1f7743176fe05e0531909ca6e5b9a33984710f0b4aba8f438038d52c0bac4,1987.0,F,RN
582e461a98f3c9cb51192b572ca8daf7235b7b7bbc902678c36b35512a440eb5,1996.0,F,BA
afcb4c1a7186d10d184aa17586234ff9d4ec541c4b544528f8b3d944e713518b,1990.0,F,SP
3d0b50d96501afa74ace165db03bafaf4e245a711ce85672d8333c6a1be3f7cb,1980.0,F,SP
0515234764b94fe562c2c5cfd55439a61401568bc61ed3f809fa38976d813344,1996.0,F,SP
c1388dbb626f56628cce29aecb4ce72f72b9177cbb7c20c88c04b884ac53b988,1955.0,F,SP
2fe7da25909e51c90e751373b1f1400c4bb22f74d5012a2482b7cbdd71aba413,1989.0,F,RJ
32b92c725ddcad87d7cfc0676e88e992cc504dadef9b20f3c8f243647ddd1e95,1974.0,F,RJ
2c4bbcef83cd7a42fcad296c08eda83ae1fe544608bfbb5d27bdce9b8162175c,1991.0,NOT INFORMED,PR
8d42fda70745290a810ee3a66d4d08fa2f23847317ed98ba7c4c6f13ed2dbf2a,1989.0,M,GO
2811282523bbfa9b9ded2d40d2b7a0926549b26a6cb9b0952f1985db30f3371e,1970.0,M,BA
c618b8eb8700b90445d26d50d05d858f25ddb8c4973205e76c3ee929cf3aeee9,1983.0,F,SP
ca6e8292e9b3f20df37d095008bf57620f0c5a197781903d5f4f0018b6b4d87f,1977.0,F,MG
aee812cff168c5c93872a3f631d541e089064ab85ddbc0b173b1ae63484a3d08,1983.0,M,RJ
d3db5cf991636639da70e6ee7984bbe03fba107c842ed1448bb82ccae601ed5a,1993.0,M,MG
53b06c0b620f77b4e362cb2d92df2d5f136f4949d7bb6899fe67cad92bcb60ca,1990.0,F,RJ
8aa94f9ae151ac45901e734ec9c0ce31ce4d9b2f929574738136c6346f52a8ef,1981.0,F,SE
62b5ee962042beb5153b2e955f106f61947c920d23a898288cb4e89769a3ca85,1992.0,F,SC
79a5b6e26e019951aab84a929f9a8618dfa202c649680f9d893ca522ff503bfd,1993.0,F,SP
e2497cd4ae13937a149555889005b6b48b08986d540dd24147bba24715371dc2,1972.0,F,RJ
329ba154acda7eff429c9aa39f3f98021243126a23466ed827701799d6b7b3c4,1990.0,F,MA
9d9e8e068355c4daf30a1c1e317795266a461d9f5002f0b855c7c082b4b7a4c7,1959.0,F,MG
488c1b5da3f76ce4990954e47db8c0f4537190416385f1f4073543be3521fb84,1980.0,F,PR
5c2e29b55b7eccccd39ae1708dad333bbd2c595d8ab4b45f44dbf650bdea0d32,1980.0,M,SP
79fa40a9b2f7ee0cc7e58fa74098f5583534ce4c5c72cb4eb737505ef84d5051,1989.0,M,RJ
511e3ea330a1d71c8ebab7cc498225bbe94a1573412a8f5632f5a14c727913d6,1985.0,F,ES
1b9e62410ad9e9ca5252ba9a876476efa2f68d5d36b1ec6254793fa66aeb6f6d,1983.0,F,PR
fb785299d3a11533ed1790de43ce27ac76c061aecf4c002d0e30f1e8cb86380e,1971.0,M,SP
cab98203949c71f8158a9a86375bb932c849c93c061cf4ed967195ff6e877ec6,1995.0,F,BA
12e48a1752bd49c69d51ff22db63f6c876286c7b485e924e6da70b8b4bf9cf83,1997.0,M,SP
08b0c695426946d3782fb473e0497891f85fb4f2f2ea35fd9336ea6290cb2501,1988.0,M,SP
896546ec64bc925ae9ddac8a81c38a44da69b41c28720668f20d93a8a9039f5c,1985.0,F,SP
fb459b99c41d967a140a0af89a467ac7dd7d41842d3a911d2fcfb183c804883d,1983.0,F,RJ
2e1089b418277c8e33bd6f9c49cedb2798e9c158356c0ee3ccfaf09025cf7ec2,1988.0,M,RJ
44a62e92b084f38dab5da420e8344f08afab6f3f56cf07bd6b8874f6d7cef35a,1952.0,M,SP
01a2c3e2446ca09cc2efda618e9ca96c96326dabc445987ca33ac3fd94f97a9b,1986.0,F,CE
c7c4904a68cd57abb0ff33bed6e5a6e0faa8c137f15d8c16f06b924abf0fdf93,1978.0,M,RJ
b796e2b2afcbe42cc83d7f0366f287eef13aef9fdfee87ef774464f108749898,1965.0,M,MG
f2419ade4d194d1340e9d71e9f8b96db6754955d389e4fb372ad5ba82f8e0049,1974.0,F,MG
317ac64c358efc3890de0207130a643892aa423e62f26f8ce589c8645841140f,1964.0,F,MA
73f60a2dc3b48567f404a46654458a65eeb87e4fd1f3f14988d5f773015aa65e,1957.0,F,SP
3c4ff08b903f0eb51c714a75f56cfb83af2a4d748e30be2019b6213af2ae7064,1991.0,M,SP
967859f0879573a2ac38839541999ef91c589f054b5d586c520549dbef1f0984,1964.0,F,PR
1d046b81c5683b916ee94886c6486df93f98b6dde4e992cbf6355f19264475be,1976.0,F,SP
f620fd3f45cb4b270311c321c2b8a70a534dc290635e9361844f53f52b29e350,1974.0,F,SP
b3601827c17f5534ebc9d524d3ba9606bc77a0cba0e0296a5ef365ced8cf5d07,1988.0,M,MG
02e69c4934c9ce511717abd3da2e4eb1cb5fb0dfbfb63d5400690e35e6e855eb,1989.0,M,SP
5dae19e67430a7644ab4a5c18248b9cf71ccaa4a8c095bfc456d295995395149,1984.0,F,RJ
87ef2d8f2d73e38495c7f890589e1ec7464e9ca051dae9e716a18a1f6ecdf8bf,1973.0,M,MG
5b60e2fa27be2349dfecf6a5b10a1814f3d4209e9fb75cf6c1fff1a9576fde70,1976.0,F,SP
0dca2973c9f12df9fcee2342822aafd6e5ee1621eb7aa022e6afd91207812885,1979.0,F,SP
7ead0a1e496cde4f27045e7ec30ad2757b4f5d0d46d991a7241dc2ce69c1b62e,,NOT INFORMED,NOT INFORMED
d0ab62adf8ec63e45c949c5d544a985228b6f91d14170d8b21523e9a2a49a424,1980.0,F,GO
f9b63f5760430262dd6cb5b39fa528ed81ca27c5f56486aa9f3be9bef04583a8,1986.0,M,SP
9f997cbf8297df7b6fbf60b951a1df7bc367b471a4947c948a998a5cbb041cdc,1964.0,M,SP
b24143d87aa29dc7a3e371794bf46f09e8ceb26de65d8ddd3fdadf0b4d77a216,1987.0,F,SC
50a77e69f92135e226267d4e2c48fcb06aa88d6e0077f01194ae3de04bb1037e,1977.0,F,SP
7dbc7a53d9164352f4d22f14500d4da99adcb499b0daa0b9a12bfb1d7c578845,1967.0,M,SP
045faf2ad36fc3b15e25d61fa7e221e633f9a1f78825d381eb6ad124d0a603a2,1985.0,M,MG
0a3c2fde9c9fc7894510ac5a86ebc3b7a1abd07627dadf213c8b127f826cfc96,1979.0,F,SP
624f69965476fc869403b85e4bae83978e51f96405d72551689b8070dab2056a,1986.0,F,SC
eef3b4718656511916df77f843b350d67d6bcaf8527c491007e0a9cd3f57a18b,1986.0,F,DF
59818085e5e9d475d91432662a4212e28e5e6825d05375f6fb037abc2f99531f,1964.0,F,PR
faaac283660b0d5cd8cefe8c2eca4f8852170899fcadba7aafca8cc41abfe685,1985.0,F,GO
71575bed4e389ee5c604fd051774fd469bca4d835a5e7ecdb2d1dd650af6438f,1977.0,F,GO
b5e43e1dcf7142f3e7d5bcd39c3472a23cb0403f3e9e06b819c3c37fd8142c10,1991.0,F,MG
b867106db16349e1e67f48f0f461b91e0580f65eaaa3e8e57985b996441f0a5a,1996.0,F,SP
ba6a085efdf6fa265cb9842044ca7603801c95882da0000c3eca3ef295271274,1989.0,F,RJ
309933d66c580ae7775936e5b674e323675f4fadc5ef670874057f7bd5e11951,1973.0,F,SP
c0356b9812396e8b65e5b33d63d8ea06b0938f24cd4b9eb278135b3468625ccb,1989.0,M,SP
d0ad6bf70fa054447bc2365153ea35283dee44224005d062e7f25c28602f0e95,1987.0,F,RS
1de0289d4bd65dc2b0703c2fb38ae98d839878ac0a81ad8e0fe36d8a146b7f39,1960.0,F,DF
62fa9b19a8885ac2bd806491dbef05b4b0751911c73b72900eeb0f908acbaf1f,1985.0,F,PR
b04289dc57068d1e34c8e986d6875c4ed2936542526eb22a5861e29c1f3ae71a,2000.0,F,SP
47a3a9448369b7e1ab87fb09c966e2e00829753ea07e771b9f45f4b26f9b9571,1987.0,F,ES
f86ff34e1c4b7806742282cce6942a62327f05e52af665143e7946d7a40d7c92,1978.0,F,SP
bda80480a4a53c75a7dda5d4d63ce4735b7d53a6f95ad723277ab79821be1b3c,1972.0,F,SP
f3f0a43749c693627c02bf2dfd9d2ba8f9dabbe090a13f44743affe3c270996a,1985.0,M,MG
c129ea37c917d9645b7e3238fafb84300fb06e591b4eb8008a76b3b464310688,1990.0,F,SP
6aede85ee4edad948f2ae5e9a047441f0f902b6eba9fc05a633a25ad3916e540,1983.0,F,SP
85c9f0bbbbf3fa5d0bfb9cb39a9989854150c5d9c3c13acdb4a47d657bf2b132,1989.0,M,DF
b6878d37bad36f799fa6534e9fa4796bbac0df8a8ef071046c4f791388f9ae5b,1974.0,F,ES
465f0b93d3c932b20e09fc30158bff9cbd86a6729a2c2e214489ba65e6b2db1c,1989.0,F,SP
4ae6ae76b4002ff0af29ad693210a1b4c8c094ce03fd6ea6774170c2ca925b65,1964.0,F,SP
f661aedfe75c2b88f3baa8e2e021170ad019a9c70a03a16788b548738ef590b4,1992.0,F,SP
bda9e9737bcba396ef62054f5d9087ba8464fd2c7c1f372c9008ced1bea4e4a9,1978.0,M,BA
6d59fed9d16515176c839f4e297120a0ed92fc879ce7373068edb97b353ac53d,1991.0,F,RJ
230b9ad4dd0e096d93e35d58e3754d68d708476606d88923a8e671c175e15608,1973.0,F,RJ
717f30a38a0c7d87b0d677089f705b8b57ff5f038c204dea8c95363b6240e3d1,1989.0,F,SP
8b917ed4ea0ce18a459652367bc6258d7b43e64b118d7fe7ce82ba1e23c8ea99,1985.0,F,MG
c97515a1fbb25b431974276951804d76514c961a79ddf695bc6241786a37f51d,1972.0,M,MG
cc7832a3606df572ccf5cc5c9785995b05c5a77e7f4e9df72266a539a6db3fa9,1970.0,F,SP
aaecc39aa11eb39bbe3a108fa501e9b9d042352461159da704bcc8012a5104d1,1962.0,F,DF
331576de889ff13977e108d7d2c697cfaa86240762d93450bbd83f9c52b220be,1981.0,M,SP
af878fa865d3723ec7c00a947bdcb4980e5d202606ba4fc8258a1d626467320a,1979.0,F,RJ
bcf7ba0d8c8ed28cbb71cec8593c0ba41aa65091ce3d5e231d9842e1c2098fa9,1995.0,F,AC
6b96848a2d61619faa5be74a7f2889e54fd98105ced97b89d1a8b5ed8356bd79,1965.0,F,SP
b76c7d00071930dc9b60031d656c6c59464b9c6e7e036cf82864ca1c59339d5d,1999.0,F,PI
703d5b65bfdaefcdacf4c04cefa0709f87bc82d846f0d4b24d8b041c6e242db0,1965.0,F,SP
52f08a7967bb34eada3b2b9d8ed3d01a8633dcae4a13b702e0d43d575758a6b9,1968.0,M,RN
087d37a66e584611f3d51e005c334b4b3e6233444c04f24eb15aed396607ef69,1972.0,F,SP
63ee09e92785c6f8488bf86d5d680da5fe26e93174b6f7b0f532993999a6e1da,1980.0,F,RS
df6cc2233c9bef92f1b91cd651c02cfe83aa94d93b46ebbfeecb823118786cfb,1960.0,F,RJ
de399b58c754a824a67be667ac9ea94bf9d6ffd7cb4d83729bb06243d211b98b,1983.0,F,SP
82e42e3910c89f0bbb033da8fa254bcf439e19bdfc60190c7ece3941575560ad,1986.0,F,MG
0a51bb6d0a81dad2845b7b3fb5720c2c808c0c68d64902d1b9361fd317dd78f5,1963.0,M,SP
076efa9163f81b18314dac44a1be5d16f869a606830440a2fb82b1fb580d8e66,1966.0,F,SP
fa2ffa1ed734a0ca562047c4bcebba656a1a377369b62d49a4c23c2c83e3c142,1973.0,M,SP
47bd25afaf9dbfc651e4a4b52b68abd0a52cd5e99f477057dfc4f0575be47334,1965.0,F,RJ
15d25b1f237110c4b7b460440a72d6569db73168d24610e476bd779497805c25,1979.0,F,PB
45e9cc086dc9b5d500e418af4a9a48c34972879276e452b857c051be3b8188b2,1963.0,F,SP
68b47f376c3101574c923dac35008ca47bd366823bd9a543b7057075cab94eb9,1971.0,M,RJ
92db2b50afa02cfc0f2c2464a4401436161fe63e08c2754e42bc16d551e64d65,1983.0,F,MG
90b8ceabe6312dfd3696028d9db7951230bde8e135e69948455fab24f73398cc,1965.0,F,GO
f18848a0a3cb4bd9ba489476bce52c2a191adeb1c2614726b71f84dc588db9bc,1977.0,F,MG
c72403a0a8131a51db43b625521f4eb28c563088fb124bce1301df8ab45bfbf6,,NOT INFORMED,NOT INFORMED
785daeeffdc6a555b432cd3645124f1d1588ea2bcc1730e74f9be0f8e5429bac,1982.0,M,PB
9ee3992fe6a6a7c2bf89f7a29fbbddfb8818669be84341ac6e2439b4f3603c59,1989.0,F,SP
a244df418a2d534726d4e3ff0cfdc23c905823669e4b5ccdfca852056d9d5731,1983.0,F,RS
14b25995e40333f880d8785369ad7c386eb135b00ab733762ca8c0957492a054,1954.0,F,SP
dac62a9c5d2b6039e82c5af9909744c2ffa2b1f08d1070ed2f30633e5996ce06,1991.0,F,SP
be12c29d8d8808405de19db8b729b4d3208a267782f76e3711598df403cdb7be,1990.0,F,SP
4b84075fc037de638404b81548e5647b9cfe3f1099bb06b310e77e0e0cd7dfdf,1990.0,M,SP
0656d6b2e6e69f6779a50c36386480672f70b3cfee0cf65f28decba807177150,1998.0,F,MG
96c08c50811286c0bf51c19ed232f136962b12324bc5678a2867255e6dfeaf2f,1983.0,F,SP
b88efa735e4061a48cca4720ee605f7992c6372a2a426f39e38906274f61e903,1987.0,M,SP
4178ebd18d79e919f50ef96d422ee4674ff9c28e2736f7c45fa4ad169b82cdf0,1989.0,F,BA
d729435b8672c7ccd9a48bd7a00e39528aa6bcd9d9bd2cb8410c003043f945c1,1983.0,M,SP
e1983931f1ded13a085397642af0f5ecdd8cd67fc38efbe1b45829b27a244b0c,1982.0,F,BA
e12114042224cf966b92ba2db6b04e40ef669b932c9275d31ddf1aed665bbcfd,1969.0,M,SP
adb606be562708ab0d18284754e3e8c4092fda2598b14313e1045d6ae4daeb91,1976.0,M,SP
760edebcb21377bca24236c6184f83223bdac687af209397843a54c50397b1c2,1988.0,M,SP
50dbde2599b50f79fcf99c13a7a414bf939bb1bec97173369421c658a80e26c0,1993.0,F,RO
c2c8d65732e104632535cd55728b032418d7b7d0ccdf4e293e131b14ff5a0332,1999.0,M,SP
029c01fa6d79d7e857216f8807f9b3fc02dea7510ea17e7b4fed014b4634a911,1968.0,F,MG
09779d307c4725be77a2eb7e2c5777a38276eaac3dcc26b995600577d1e24078,1974.0,F,MG
6b3e9117ea2b2e30de7fb3ab0c86ee1fc9acddffc02b1b44efb182667d214ba9,1963.0,F,RN
78cb19c3424b5eaa23239c0dcad82cee288302dc17e63ac7466157706a033b0e,1999.0,F,SP
34a01669f3106516e6cb83348805ebc249a964563d3c1d231f24c66b131ff16a,1956.0,M,SP
2473108a744b3f2f652141cc0ed64a438df402c796976c5d00c1ec8ae7d70566,1992.0,M,PE
c5ef312682733b36cd974e051b19187eefbe8646e08a8efa00bb9384145594a0,1997.0,M,MG
049a846bc9fed9ed15871733d6646c175cb72c0d9c6efd1270ba1f7461ea3778,1989.0,F,RS
3be7135a057229fa874340616ef9caaebf4fd3476626ce4a354f90bea0f8e7de,,F,GO
1c37c7a8446956a973999a01df025c963a4a6603d4b09c0f63c0b6cefacc7e58,1987.0,F,MT
9afa04889816bd22e7f032a3c7116c9f21eeb9e967c31191a560b0e9d75c0a19,1968.0,F,RJ
ab89c65831db9d199dd1f644ad295de5dba0ebc1abb49bbd087df967a2461232,1993.0,M,SP
53190dd51db7aa7b4aae46ebcfdab8a35e0d4041d5e89621dc8dc5d8f452c9f3,1982.0,F,SP
92422826b17b5da2a48a176d30df0ae8498dc9c21a6f0715c3683fb4d711cf61,1983.0,F,PR
4ac3092123cd7677633bde9d16685c634a0f2e7033fd0d614caef3c86c71642f,1958.0,M,MG
e94a5cad9415780168ab9aa37eba98e8174602d120728f5ca9e6d75169f9f6ba,1974.0,M,RJ
1288e568911ede72f56bd1e7d199a14929b50696043bf3b4bc3302d57d7fe808,1976.0,M,RS
d2b4f4b615c759c6dd756316ff40c4f4848469353353de90525ecb26567c73e9,1975.0,M,RJ
1937837305866bf762c8f258c1dc3be8c7d7e697f7259870a8804daedc615634,,NOT INFORMED,NOT INFORMED
8578161c3c495b769822e9855ab8f55463afcca56d28a407c1121e21d1bafa92,1986.0,F,BA
148c1474a544bc9d549110b4b1a6de984dad06f496396ed1cfb91ae63854ab18,1979.0,F,SP
87f6bbc630a41d0d5a65252113b2e9308f9064e89014541bd690967a14705cd1,1994.0,F,AL
14884a412ae5c8c22a930927338ee3627e5bae5a2ab08e409106effcfa6f41ba,1986.0,F,SP
4e10e4b71476f9efdb1d35a21594e656ed195a21fb92a10c83619e551a1829e3,,NOT INFORMED,NOT INFORMED
3333987b264496e908a81211b7385d68c434ef16c4accc3d48df8576876ac2cc,,NOT INFORMED,NOT INFORMED
3ff455846828c31eff172a57f88619a273f1759d12bb35b130921a5d4226e1cf,1964.0,F,RJ
983e03f0dc93ee786d1925c408ce4fbd864f3d645ac1b5e4b4d8fff82a02952a,1967.0,M,SP
3dd0f8059b408519fe8d6c5677085baf2ca5f4fb3f4df3e64533c80b64e0a104,,NOT INFORMED,NOT INFORMED
e5db969b2f2e1ad7c2df4f757d3c9155302d2f3155414ac7ce89cdcf338d85a4,1989.0,M,SP
d3926e1fca88d0118126b9fdc1197b6a8be86c20336141f263b4b9879de351d7,1989.0,F,BA
14c23364cce80e334730228e89b092c5e8aba74067e71776b74ad23c49833538,1977.0,F,SP
6b3e2871ed4cf34ba631f3f10316bbb544bbb3e95fde5ab3525c1e6ee4c4a5fa,1989.0,F,PR
c79739babe719810b5a4da0e5c41359121b935c8c2a3a214dbc2c30a6abbf403,1982.0,F,SP
8270e02b9500dc1eb0b7b5747b90ab9679f7d04ff0e1edb4979d89b98e192df2,1988.0,F,SP
dc0f9a06ebe9fb9f99ff55aa3a6ae8b8c5d0e0f551a048bc2affa3f6803748b1,1984.0,M,SP
62aa252dc0f50265a752fd2e14e35ccd03de6dd0aa02633501004af140da382f,1972.0,M,SP
9f537cfacbddd00f23420624bf5bb21fccd7b35ed2956f5f3748eeacf68b2ba8,1991.0,F,SP
4d25e56a526a4777cc7fe61382a9da3987b0d6254f1c5fafaf720678bb6bf969,1984.0,F,SP
5d7f8756df6e92ec28729aad384371c42cc907fb322dcd0ad2fce2171e8eaf3b,1982.0,F,SP
13337ab21de8970a37e35db9c073f1d35450eff040b55dc072204527ad875737,1980.0,M,SP
0960bd2d278d86998bf2ab34a75af831d5f71847631bf4d0868f2059fce59c19,1989.0,M,SP
f3b308dd9f8be46e88d3e65bdfc64870bc430233471c7c47e4170458ffce76ae,,NOT INFORMED,NOT INFORMED
e0c12c2b961dd36de6ff149955707560bbcedeace322974c46b8de4c13681cbd,1982.0,F,SP
fa029ae59b3877f7c901f61df39b196567816bb70eae40d3d4331a9db46fbad7,1968.0,M,SP
8bf425d6c56dc55f62721313a7d7f30de8e421ddca0045023c824ee45ed380b9,1972.0,F,MG
aeb35b1eeadeda96df9072c8f143c0626aca2f4af848d83d7800310c27eef541,1973.0,F,SP
e2dd52bcee7c78f4743d50d482ac6f83f2bb9d2cb3336b72f192c747febeec4c,1992.0,F,SP
74f2441074226af62e11db6b955de5d3b7475aa9059f63a2094947a7940385f3,1972.0,F,PR
9cdf3ae60b350d22049c5957ea3a1e55c68a23920848517a2b2352aa3c0c5f07,1988.0,F,MG
3165e21ca0dd656cf28ff14deba6170ffcd88a91ca3ef5654128df31c0166076,1991.0,F,SP
4b4144ea933390f17120c748e692f4147fd7169a24966152c89e9ad5096a763c,1967.0,F,SP
0f40f6e1074d3d024250a99ee611433238859d78491d05f3b1ffd3c1bb74ae07,1981.0,F,DF
78ad8adfb11bb0fdfbcc9ba48e77e429cc11b369047ffb5acfe1e99f725a0b1b,1989.0,F,RJ
f1b0c1a376d44b570e4bb11f250f30749852703123c327f4bef8994af9643cf6,,NOT INFORMED,NOT INFORMED
f94703f11d029460f9bf71df19d8ab77d7d766940b854b3646aa88f5db02e102,1982.0,F,SP
967e75f3ae4df2142d781e769935711c25e83f1d2bbb9105c17f9a44d83430f8,1976.0,F,SP
71743e46eae2883e4f0e1750b3d980df1880e5951ca7ed3b3eda65ebfe52d851,1976.0,F,RS
e28aea97a71bf32e650142dbeeb01742b5340a8876cb0b08ef47b53c6c67a531,1978.0,M,SP
9a42d0ecff27a2dfaae8ca8ed82842f0927533d5053505234eefa3d1302b467c,1981.0,F,PA
a659c07fe77e4c5f1433a3a2d354b438663d527a293c06996e2e6fb543555067,1995.0,F,PR
2785186a02f2b921eef0f158f271ff9dea1dfb714f6eff1633f6bf2e7f4010bc,1993.0,F,SP
76a7f592ab78c5a8c4426f3f9daf0c0323980dec025f825e79876a054990c0a8,1987.0,F,ES
b97396f27761634bb97da5b23fb0ed14221d3cd672797aff2e210c7a4970fec5,1980.0,F,BA
b6215b00e149230431b51c572d02dbca2d62c1f5b22ead406037fb23578dc1d3,1980.0,F,PR
9a40ccb64d578f41a724cebe53aa0483a9c4d716257e8d016ea8e191d90d9953,1980.0,F,MG
a04af6262352082e5b8e3efe84822ac118a83b8a4184e409347a6aa335e94817,1977.0,F,SP
15801cd6f88bf2dfe987822fc44fec5d66a96725de4a9e5f3033f1405318ee4d,1973.0,F,RJ
a9967acee209963b2a612f23d456d06776387adf00d846ac3a706f2aadd634be,1962.0,M,DF
f021d135704dff32fe8790b50ddf9bf6003f2cbbf238f7446feb72299ba287ea,1973.0,F,RS
b4b18e5762855cb7d50e4924953b4e9de3ce9cd4f24a77d5895c04dc134317e7,1974.0,F,SP
69ce6fefb574d6921c439c3857a22e625e06b08ac4edf09aff52fa12043ba8bf,1974.0,F,SP
ad8111d3a5ff6c0d369df13add8bc9b880b37478365617ba3f2ba37a3110e447,1992.0,F,BA
f1754287a951bb3f67325b4dc8615b39f32088fb9ea3948b4d4cdf0f0f48fb38,1973.0,F,RO
b308f74562861d9ab3c98a2c8a85d0dbda9cda7021fa22abd16b633d11d9cbe8,1983.0,F,SP
c1cde4bf654ad4a1adccfaeccb7ac6cd8c8d99c924bd66c0f63c741245774266,1975.0,F,SP
41b0515c90de051a25937d964cf79cd61c71e630d844d7a138a4b39c77a6a963,1976.0,M,SC
01ce69bf288c5e8a4dbac72cc46b5d0a55da54f1a17dd78b583c3c9f55afa2dd,1979.0,F,PR
da3b3e88db3d2a071bc89801c742f9d192eaf557eadddf0b4523514585220041,1968.0,F,RS
073f31562d9880cee30fa63c757abd7f937535e7d342e83e1c5cf6bb6dff0622,1994.0,M,SP
9710a01ae9bfa57b5ea61254b666f9e626d5539dd17d7c05547d18fae0bae220,1994.0,M,SE
3201ff7909b1893e2985e11a56cde5db69ce72afa70515ed119ab49f09414868,1971.0,M,SP
45aa89625f50cd846dc051b311c235548b3e7c32c451566450c1f3b22cf7ee52,1992.0,F,MG
1eec22b03f61e6f8df44210ff25afe5822cdaf261c33a165563f5f9dd796ad8f,1954.0,F,RS
70a5d2290737b80beab8d6b9259dfca4949d5f8c5558499589f31620ee3ba46d,1994.0,F,PE
f2f315d72616ecfa5f01e2da057616915f28cc1f684815e751051af83009f345,1959.0,M,PE
b257ce6a3fa5da069212990ea76c9c7d71459d341a2c91fe755ac7df5ecf4ae4,1994.0,F,SP
a8e022d943a2571e0450fa5fe051b35f7ec67a8ca5ab376179550cc705e51b02,1977.0,M,RS
404eab365d0601d73c4bcdcd2a4c838bf97539da2942eb96c33f4b98550af43f,1979.0,F,PR
8c12a4522372cb8511f10bfd94d085bcbbd08eb032bd9991fed9524374385999,1988.0,F,SP
440e62e33d0f6fd3724bab3f114716965a347277d6803bb9ef65df866b155c68,1998.0,M,RJ
a715962047c757b9ab067d7638cbba5199c4a7b8fd26145568a740e1d7633316,1990.0,F,MG
b4fc624a6bbe244243cf78c429c9fc84af261206e8f6d8aeaee087747a02e5be,1984.0,M,PE
b50ab8e22981469f1b93c7c3761d717d64122ad79dac8345e7d040cd1ba7b1f9,1969.0,M,SP
37ac5c6412e1847187a3b0f6c8db50a8d7881aa4a6b4b56f21e45759476fe00f,1974.0,F,SP
13dc71a713f7b011b00b36848ed96a686c6a7aef2fcaf010580acc42be574b38,1982.0,F,SP
3186def435cf59f4b1a2d877e447a62b361270f0a46973fa3c7dfb870d6bacbc,1974.0,F,SP
f903941f2e91f88ebe0fb692bf5f81d706425046da3f4b448a04de6aa93bda6c,,NOT INFORMED,NOT INFORMED
6742409785dde12ccc799ec3ae50860293d7f78fbba80c007de2a46c3a788c69,1959.0,F,MG
edb423c9cad4abd202dbc2e3625b4b76d331f3b8d15c06cffa01f53ccd0199f4,1985.0,F,RJ
73e309ac9831c1cf3b3db8de140dfdb113551edc42672a74904fa35b65742c28,1981.0,F,SP
9705d67d7c08e52ea3c2f0fde89261874889b665f124f1af69bb9eaa82784911,1982.0,F,RJ
2fa0c238be0f336e1892216fa89f44bd07f6b097c0d11bfec1f6ac155d5ae8fd,1986.0,F,SC
02af2d878106a09de355b67cfd0022353bf4b988e43c748bd0b5674c57341604,1976.0,F,MG
625f2db7d5deb6069fc544050a814f7334515bb893e57cc0be5cfa570bf881b8,1992.0,M,ES
116f193a2798d7b042c64ea0cbc6723efe835f56076c2ce3451c7db6745027d9,1996.0,F,RN
04f04ec1f8820255369fce829c940433add99b25acf903da3b3a6cb5d3443032,1976.0,M,RJ
8c56bc6ef9e18700768bfb7b9187131e8cbff29b153fd75faf4efa2f6869ba3e,1956.0,F,RJ
1c0c4165e8cb1633be71da352efeabae7aa9ada9d73944942141616d18c1d134,1965.0,F,RJ
e0a9329707a9e5031e0e6bb802bfa70939d68b52fde4f28c7937a50d131592ef,1991.0,F,SP
a7188213a55a940e36da5d88b3aa8066ac2606d67b13456369180406a4c7d884,1986.0,F,SP
cf46095cac5d687a2a38f80bfe2409d0269bbaa8a41fdafb42891340d017bd71,1963.0,F,SP
6224b8012f942b28c7371d3c429419adae34b5766f759a74d9bd849bc0e016c4,1971.0,M,MG
81a7f6289274597fe3fac09d558de540658c424867bfc47c7702fbe93db5914f,1973.0,M,SP
b33290a2cf9c0dac57bdf6b641a271ad09954d3a9e5f310c14db88c97a86c106,1981.0,M,MG
be59ef4f56ac2758cddf9200d249b04c8df3f3046d62e3a2db36fbe147e22026,1996.0,M,SP
0612bcc5d479ff9086b7ec0737188a40dc0bfa073d202c90190bb846a7fe1b8b,1987.0,M,SP
fea6b84caddfdf3108fd329f34b94d19ae0378419db75ba3ba270cb55cc6d4fe,1952.0,M,MG
4ac62fff2f9078fef667e1c2a78890b3e65b8f65808968698fcec6c4a42e182d,1973.0,F,SP
2f7289011ef3032381935fc56a18d33de1998d895ae40773b550779c7ebdf847,1952.0,M,RJ
711813e61e6bddb913808fcda43025d2b136c8fad857ae132e0551d9e319d3ac,1978.0,F,DF
fd62b34d83063cbda00ce87d1e821dcf163f76324b9041d1edb46a8117d00d56,1984.0,F,PE
28e6b2ed8fa57dc989049d994c81ecc15f1264a011d197f6b43595a0112a41df,1986.0,F,PR
6b3ec5ff68b58f49f5c409eab582369d4a6730c3123e534dfc7902f0e9722075,1965.0,F,PR
2edd4317f617146907f99fa361ab00966cf610b314e866d4932a6cf08384eb75,1976.0,F,SP
c8280d122ecda2497ec6eae3497ab5e438b782fc987a516b6d4ab20338a884c5,1961.0,F,RJ
f3315edb2c54eef8db88b795b09f43ab5358bced5407a468c20c225b4459549c,1979.0,F,MG
0874b9e8a84134d122e656fea820e33932859eb7775723b6a73f71783cfe54b4,1985.0,M,SP
e5d236e1360abcb98af2e97fb4f62b2169f88c0df18b99e5d9816b27231f26a6,1974.0,M,MG
74c757d2a8abf023e09c9bd548cde53c689383cb28eca600025cf1734d4c7f7c,1983.0,M,PR
fe6d6a398039c6e6ff3ff8449b99b1b180e07a343bfa4f1e74109dcfd0c75e4f,1996.0,F,SP
97664ce82047abc672841532c320f9be22713dba68090c22a88a875c66f8e32d,1986.0,F,SP
2f4990f0a4230735443b91de97840429e9d3bd04b18ae66e9af9bbeb9c5ebac5,1943.0,M,SP
8bcc44fac39fe0af5751bddc08866fc53a95fd7d62355cac7f73c263159bf8e4,1988.0,F,PA
a08a5d8be3c8902a1af7f0cad8680dcc4e8d6198ccc3b48883f689b21556a807,1977.0,F,SE
687738a27b1aa3478d3cd0b426ac94158105d30561de8fa8c8a145de04c87646,1980.0,M,SP
450e95b8d91f13a9197ec0b87f81643230f861367a868df1b3548eee7e78de4b,1980.0,M,DF
04966fef579f7a4c3f9013d9301089e75b04468545657177fbc070395909b881,1982.0,F,SP
b779b9e103fd7812c7eb7d987e06b23adf4f7ddce1abfca5eb3b7c78d9f8767b,1982.0,M,ES
22d19fc4662fb5902f9e9b9416bbfb51ef4b04b35b17fba9e9c57fb82f3a4b34,1973.0,M,SP
80a8655e1981fc50563bb1c82dcbf8d7b1019372927d91bb6ef532344d5c6fb7,1977.0,M,PE
f66ab747d1eb32b4499eacc77ecbb664559a8fc03660ad1aedb7ffb3f666df83,1982.0,F,PA
615384aad104c3087cb9dbd146027b1d6b1fadfe139716cff3850e23c7f0b3e9,1946.0,F,SP
5e7151add3489f437dedd13c1b5862e2b6f432c5e875cd20d47925d760405fca,1973.0,M,SP
05ba6ebf13e5620e6ac50a7c5b4ceb9e4532d5af44d7788ae2afa53bd1405204,1998.0,F,PB
29d8e17c285754e24caeb4aaca0dd559468f00333631cfc1032f15358e950898,1985.0,M,SP
eeda4e942628a0fed84c03dafacfec45c95f3da6cb477ba64cb5272ba268a2a5,1963.0,F,SP
bf30b301dba5f58c83aa78d28bba631843602538b9ae907b8d0061a3b12d42ac,1973.0,F,SC
fdb87549734a7aec70f15944a5a084b20ba53490d7d6b4545462be7f879c7b1e,1982.0,M,SP
aa9ac8e83406df34f3a085599d73ff6cdcbae742b878db1a856edc1b0757d652,1975.0,M,MG
41afaa3504e4d702604df030a54458f47318d24367c4fdb15140819f70d1bf77,2000.0,F,SP
6ab784c80e729263fcabb647d5687068bdf6cd3c8bba251a4a721fff326e000e,1992.0,F,DF
c0e8d56124a43f6ed45aa7649e5455aeba76d0cf79dbaec36554e36750cd8c9b,1978.0,F,SP
72e01bfdd454bcb52545f8d2c22fb50603d01f182cf5bfd693aae78359740e8d,1988.0,F,SC
5df4751e3d0dd195e0aa89655c13a55a58d54407b809164b20968d8f602e6018,1982.0,F,RJ
bdd7ec3f9b761895f5d7eea15c7f2754bf5bd99fca6dd1045bdce71fbeee2f92,,F,BA
b8125f8c911f66a4c858c40c92d7fe3bfd00a8014363d6ef969e9402678bdaf0,,NOT INFORMED,NOT INFORMED
9318a1ba88bb362d4073fc99c92443b23ba8890afddaea379d5392b6fb7a3538,1977.0,F,PB
f0bbb88e616e89e0f9b9ebb080ceebc5f2b1f2eb65b1814a5c35ab719aa73fbb,1975.0,M,SP
05082a0c2ad4d26c909b321bcd2a440d0282388c69916cd3cb2905c578b84c2d,1986.0,M,RS
0236af342dd653cc088d7b9ddff5242e2cff84f1a1e0fbe308059854c610ada2,1996.0,F,MG
a44c12845dd023e6cd1c9c5d151bd507d20599153e582a53a7160c7354eb304b,1983.0,F,SP
c71a211e3a5d2704f60a6cb62142df20833d0df329f15b610133151ef6e2a0be,1976.0,F,SP
71e4f4dc9bef0a2883c7247550d37be8d619c70d24deb079c5c61221bf74b1e3,1956.0,F,SP
0042684f9ac8bf601249e5d2fad58f7d3be1c60c0e518b104e159d83d3e6ade8,,NOT INFORMED,NOT INFORMED
2fdbbdd8f01b0f96c12e6557877a87676ada155a9dee2afcac25e5b440cf12ed,1975.0,M,SP
9055ec2ced581f07c06b8f43c30d3e190b372ce2de8c5cb250c337385c5dedf6,1989.0,F,SP
f704d29ade496e6016056783268bf8d2264deab7c662393afe2bc88c5559011f,2000.0,F,PE
e5be00922ca4119e48453d3b4a88154927825a77e50081541f5dc0e366b9a5a7,1994.0,M,SP
40105ef48769f021f1c965cabd927f0fe3281860d9a8fb5c3619d2621355821e,1999.0,F,CE
a423ace02c77de901b47bb9043d945e087d045bfe3b3bb9d8c7bc816e8a85481,1991.0,F,SP
75c4e385baa868ceb4957f4a9d101f2acdc2ecc419f6594972becb361e0a1820,1977.0,F,SP
8b74afac57a59e5f8da32461b7ba245d757f0b03139a822609c818da147b7d24,1991.0,F,MG
96cf1bd49b5ee2a437aa9af461853e51f5005e2660405e550da6aca838c6f954,1983.0,F,SP
62d8fe803a2ce9dada1e3b8763d815a66c80373144023fca4348b4fb60f0a1ae,1974.0,F,SP
74acbc07087c57fe6b44aa750a0ec8930462555382cb180833dc95508901ef5f,1999.0,F,PE
957d1fb816dfc6010dd54bb6d011a7ba9d4085bf9aa3c50480e03f4ff9be49e9,1974.0,M,SP
26ef168f4c5c457d6e1d871ace5be87c4ebd0182b0631d89c9ab5c049d6066a7,1989.0,F,SP
d2749d71e2ae57174bd46abc7c329cd1cdb6fea3efde42be0a47f06d6f469fc8,1989.0,F,MG
3cc481da4d932dfa0ddb324b87177d436c8e7fe381bf8770751fe052efedb7ae,1977.0,M,SP
a1158ec5e2422bc7c8f39416628c796b57980d236c27f3d173118c7d11a5072d,1977.0,M,SP
4c5b6bd28b01670d14a985b0a0d62dd9ceed58a290983a4ad719ff8cf66a653e,1983.0,F,SP
8bca45afe4e9e5ee6da7ade411ac0bfdc8dba2f02780b52abf766e0897fce3a7,1966.0,M,SP
e22a35e6ba4d49c6cfc5d01cd5a18713e8951232b9223e317e06711b36e0c6a8,1983.0,F,SP
ea6f734323fea54437835bac7f2ba9757ecbcdae88114f508e902d4cfbdb3b9c,1978.0,F,BA
7bf7ac3ce35cdc9f6a882fc4850c2a0b867c097ea9a5c0df3f0317a7b26b8fad,1987.0,F,SP
61ba4fe4017cc95a30eac5eb6f92fb776f2809b6a4736b697db409199ae2d9df,1954.0,F,SC
b2c26ce167ba3f9affb05eb1be7e586fcd88db34bbd21ee9fcc2c5193605a9e7,1962.0,M,SP
0534781867612985b6ea2746b4e98a147ebba40052a3ea21fcb09c04dad4f135,1972.0,F,MG
bcde4404d1ca40d5e91dc75f5511636aaa449c82ca90acdaf6e5790536c98fd4,,NOT INFORMED,NOT INFORMED
f10edeb3bed1dd2ce27960f1d9cc63a05939cb0f9395e9e7a4c6a3d5d04e9531,2001.0,F,MG
ee0ec30adeaa80d77f7647f32c0706df7dba13da487d1117a31c8ef5177bf0c8,1962.0,F,SP
4dd15ac476de35fb3f828d1fb8f2f94a4d4cb3f4cea72264c3c5601c4af6d132,1988.0,F,GO
b1f018644a7b142ac54fea5b8ce5947a98fae1aafc5e684ce639cf8c56db6ce7,1967.0,F,ES
535f38facefb67c4f62803b5d45be80d10b3e037015a46c5b3b32775d0ccb253,1980.0,F,MG
07a9b22b744811122faf08bcc8756e627b8783e03901dd3afbe24b2b45d06f4c,1978.0,F,PE
dad4edef1171554715f510472c9ce90a7209a85bfad996d1c90431ca2d47d55a,1991.0,F,SP
e496f831022bbafc26591ea99837557b424ce439a00f5742ddfa2b65930ec02e,1995.0,F,MG
ae64459ab3a4fffd8bdce7e7f08f1f43bc85aafd3f9155b57fc53ef2124dcc2a,1994.0,M,SP
b5091e750183ac19847b89217f1a4ce63fbcd0ffd71325e057b7bbed22992056,1988.0,F,SP
c1eaf7c3195319e17d39d7162928cedea38af9a2d326dcaa9baa5f585390ba74,1968.0,F,PA
35be4e79459d4b69c786f783a930d20f19c6cd6ab558e5a84bb8f5a951916630,1981.0,F,MG
2eaa96fa8c0ad761be1a23e0459097bb765a20eaa91563d5a0e2a13a69f5bb3b,1963.0,M,SP
121435253b25e1b4ed3fdbebcd12c5efcebf377a86837c0afb1f6148910a49d6,1983.0,M,SP
06980948352b5c1088367714614ff9a2f9c85c76183e638bc645560648990018,1985.0,F,SP
58d2de95fc62173b39558115488db1cb27ef5a9fd3d66a109988356a57b2f802,1999.0,F,SP
28627be2abce62483667c5aad08cc02cfddeb3e444e5f3cd35faf1d31f1a10d4,1977.0,M,SP
c1d5ed8aec8e547bb54185b1a727a23248b60db37c5290d9702adff7588e26b5,1951.0,M,MG
ed8bb552188b463d95b6f77c18f1feb4f87ea8bcee7f73eeeff7950150c66161,1987.0,F,SP
744c5827e66d3be45a8a6724777684dbdff83937361df4f3574d56e064ee6716,,NOT INFORMED,NOT INFORMED
79a98e3bbdf79cf96b5ec8b60900d4cb516807d31243312d7a0c08379cee050d,1994.0,M,SP
af500d3192fc1f8a991981a7f8d0658279fe67e60e3b72d1a17238446e85f6e7,1994.0,F,PR
432e76fe02931d3dc17ba84631ff6bd11e2501a08dc802f3c3c21480e464a0f9,1997.0,F,SC
3e1cafa46f3a9683e0e1936665029614763797481057fd00bdb5263f8187fc81,1979.0,F,DF
4f83a1272b90a4761334f7808a87efb331270a24acc21f702a8358776fcd7a15,1987.0,F,ES
2e012269796d6a2fbd31eb58d16c54d45910ce41cafab8182d9a17eadbdc32cf,1982.0,M,SC
efc1589e242bc0a16949a6acaa1357eb3e5fababd96877a539cc01ad08dab567,1985.0,F,SP
a9777b453e3adf1e1241f32c0292146072225bf03b0873ceb390858d1e1386d7,1950.0,M,RJ
54a4aa39292abfb795ca1d6956c5d63ab1f90f587b23abae3925b38c72e0d6ed,1982.0,F,BA
748ee406af30a1eb4c35b9469075e87d1ec814f43a0df9f4cfe93e99d88e1422,1978.0,F,ES
e6bef4e6cdda0aa056e604eff19401894cd35708320003339cefb84edfffd600,1976.0,F,SP
d31d21f29fce48d4d2b7e9e0a6933198062a8db7bf37bcf9b0c5795a35281dc9,1973.0,M,SP
e6ecf413068f34320ea035170d201bd8a554a082a77acece668be066e11932e4,1983.0,F,RJ
7f51e1184eef6c98b21568388706fddf5c672ff6577c4b124f16a248d441bb91,1978.0,F,MG
5aae65563daa17b78d8c7ea4396844df88e707e38d5548bcf1690e5b7d143a9a,1997.0,F,SP
088192734e37eed2491cb43ac614a921a32399b58c4eda95a24f377d32f41dfd,1991.0,F,SP
2c1fe84e783fdc3ec3667b73158ba752b9d8585d621bfc4cbd72404016c3b84b,1981.0,F,GO
7063cfdcd45b280d177693d6d65b7c3ec5b01d4d4c0d670f268c9c72c6e1dfc6,1973.0,F,SP
690856c68f9bf7ca93d2fc8f9856d20382506c1952bb798245506bc3c938910f,1981.0,M,RJ
4ab2abbf198559866055d79a1e34ac3235ff1eb8220b35dd6b75f4486f8aa514,1966.0,M,SP
55f846e8006f4aff7d7206dbb56178abf922d275a39f2cb660389f66ba5b99de,1980.0,M,SP
92787af60a32681a61ce44d2c9421e76c34ea1d77c4ac9805e3851f5729189d0,1985.0,F,RJ
05e3ab2c7df5d39d234c6d3fa36dedb1c91b1222b6393c1c67616e45252efdd2,1954.0,M,RJ
8497193509d1942b3107368a5c80bf6c57a383d53e60a86dec9575804e3b6e9d,1981.0,M,RN
04311030b27233dcf0625e30264d2fbdbf6f8397d829cfc7efc3105a57355f98,1997.0,M,SP
6d6b718205d6e799b9c8b3e6321a98c7f60190a82cd7e7d9c4b82f66bbeaed81,1994.0,M,SP
130e018e76b9e4f35c21040177e98bcbc3cd39ba466d8e9f3d62472961b93d26,1963.0,F,SP
a71c3cdbefd85d93caad47d0590bad7890123b2164bb2d7e5b32d43718d326be,1963.0,M,SP
55309cf96b85aa231ec87c0792c0dae22bacd6f25ba7577d66f58bb3f4ee37f5,1981.0,F,MG
b2f5ccffd07316a6dcd69b2f314e967e985751d0ab4dccab311b5a2d4bf90679,1956.0,F,SP
e6268d63075cfdf41d1889946ea39631e372f2d9fe2cc2686bfa22b72156f114,1988.0,F,PR
4860c3976ac02071bb3e39b20540955c4bee2fed5f30305cae21303bc7149225,1984.0,F,SP
8404d0290006fd805eb79f4d9b3ec3a925a4a384cb3478a5cf242ef7c26d0f87,1968.0,F,SP
08faea6bf546cd1a0e01cb3937833229fcdd714e15236b4f7c3a855efbf2df86,1958.0,F,SP
1aba40bc13dd4d38d89c61b4ee0398bbe9e75036c9b161a9cd197468163d042b,1956.0,M,SP
d151a4a25c7c0cb30ebdce5099b9051d9287d62ea82063879e16df7700bc3ae0,1982.0,F,SP
332670e913b65aa5b67adf9028c6283ba78cacf6d213423fb8b0708da4d42dc5,1955.0,M,MG
c539a819db137603df6b9ad0ca6744db5d3ff6200e334765536658827ae7261d,,NOT INFORMED,NOT INFORMED
dbd8845d17c4e235347c4e8117279fe1857d6714d47163129be1a40557dac412,1988.0,M,SP
5f93ee1db93f81abc1265cc6bcbd27eddee2a09ef69eed18857eedd790b090bf,1974.0,M,SP
f71d329dbd7d1584d9ae477913e32428ee7c416fbbde0dd6bbf75e5306e81e6c,2001.0,F,MG
022be50b382ac1ea685d0e6d26787cd45ffd75730398c9ba3caf8cd6b88c9973,1960.0,F,SP
4f3dc661798b7f8bb80047b04943ca66f0fbf184efed11be4847ea7cb7a9a25b,1956.0,F,SP
bd4ac54e0b21bf8141ec39ea08c573d333aaa464ff1975d47cd8486399642023,1991.0,F,BA
d05d21698c14ca4abce3e9b00dae99d13b45f5750f9c921ed71e6eaa95f81d22,1976.0,F,SP
82e606baa011a6250f8b0981c85aabf428a759d69e29e6df917e65943deb65a6,1970.0,F,SP
d653b8ac7c3fc94a93a53605500a753ec438f51a1489da89bdfbf4ffe6f2f9ad,1981.0,M,BA
f9ecb9b53d70cb688be88aeb3e56019eafed69a67289faa3088534c226019714,1995.0,F,MG
18a1119f7fbebecd16788e06f09210ff6f41b61e6d82a1d1d755be7b8132606d,1998.0,F,RJ
f424a3683857ffab032df1b9ba4223aa5f53def13b7f56382bfd590ad8ddb796,1985.0,F,SP
4c211450a040a5240f730bd1c6e8a66a1cee13e99cfd049dae30b9faf6043014,1979.0,F,SP
88d754ffd8fbb980cd6b4cc5747f3e40dc6535744dfe026345b9ffd8215fdfca,1976.0,M,SP
c1cbc4f232c3e0f06e1aa1e46bbdd54b4dc1f5b3a4244a42cf5c72e0d7dea25e,1976.0,F,RJ
0da57d731a5e5e416fc27b584ebd5a03eca1344a2397599082dfb83a36f1a248,1984.0,F,RJ
17fe5bc40b8fcce708247a3e88012fd531b298cf10eb1446dddbc6341ee02434,1983.0,F,SP
de2c71f9d93c5b025d717b1378a9e1cd732131e04e8e70e175c219b7e2929f75,1971.0,M,SP
b30eb41b058b3a7e6ee4668e836fe6d555aaa413c10faee803b9cf30fd681f59,1978.0,F,SP
d0b62e8dc6a1c96a675bae0b4dd54899ee4c906a144b75ea5656018d41f2f8f8,1978.0,F,BA
63674c26ba8639b63e46a9a587f6ac2ac471c8641cc51e04836864fe3cb7b465,,F,MG
3637a40970f2d1163ab536d2e4fe1d717ba7717113e02124c1a9faa48761d85c,1976.0,M,SP
49d86d4e4dbc5527dbcdaaab7122195e613d241098160e065acb5cb8a043c3b7,1991.0,F,MG
97081b47fac797e72007e3265d4e021a5d5fd6771b37026947efeb811f857f58,1984.0,F,PR
1442a8c5f814d3a1a3d1b3937c17a20690a97e83522ea600d25705608cdc25db,1956.0,M,ES
fd2db65948e738364eca95dd47c9168e8cd642dd6ec5ca615af077274817ce2c,1992.0,F,SP
38e93c2106b431ddfaeab02c75dff0718b0ec68070b8baf80e04a7bc694073ab,1984.0,M,SP
c994adf1fafd028f9a2e8f012de5a73e0cff5fc4d7e84dd6c4efdd7a2dd10994,1967.0,M,SP
79a580900c5210514b48adf42e2a347ad8ff31d4faf845f7800b6a32b6a6cd19,1999.0,M,SC
cd5a8ece557848084eeafa7caa971e0acba12dd4d0ae03cf6a92cd9c66f57e41,1952.0,M,BA
9c5541711eca2fdf8c27f2d38b031be31ac17118e1e560e2379827c7559580a1,1966.0,F,CE
ef223417cdf403f750af23be0fce55cd68529c87efc574b4b2bfb92858e0ed5f,1981.0,F,MG
d05bc5022f8cc5fd6520764ba83d2f216951b9976ef1696c6d6f18b5b43fc4eb,1955.0,F,DF
c8e76b7919cdad546ba58107f158f85bb2cc8c396e6261b0b3246986314e29c5,1978.0,F,CE
ef9a17ee76a22d367991dcdd125865b99257a3fc7291fc676449e088cd83d00b,1984.0,F,RJ
bc78e181dafbafe6952ed8ab8849b8a7a800c92decd7568bb6db8119fa2c0abd,1963.0,M,TO
ab76d284cb2f2b8185be04ec935ef4208b2c725b45a4867b4de8db0b81b25aea,1972.0,M,SP
d08f87fa11af2b446e0a8b50732fb38e4ad46650e12747f4fa8cd317332d8c39,1963.0,F,RS
b26bcdb4e6a780b9fd130786c542501f9118aed2332b53da6daa2f2df5cc65a0,1983.0,M,MG
e3d5435327367b7e60a6e0bdc7354cddb4dc730983e46afbab921b78a5f4c7fd,1955.0,F,SP
fd87355d9c5c4f00dc3023fecfbe2c9ec5f548feac2f1289cadf1be91b1c9326,1984.0,F,CE
93b966e6215526344a0b9300b9e57bd5d8ef0bf0dbd64577aa96be3be6142960,1951.0,M,SP
956c0db784ea46175b2c20f7240fa585005253fb9906bbbb5c8244ff6300bd4e,1978.0,F,SP
3cef3b1b1b8292da180c3bdaaf24123e659805ea05861253ad69abb4465745a4,1986.0,F,BA
617328db5585c49b715bce2536cd8837deecb969c0caf1bb766991b76e9e72f3,1988.0,M,SP
aa4550973a3501d45492a74a8aaab523d51e5563b7515702dcb845de4b5f0a60,1982.0,M,SP
140c3bbea178741c0b3cf3b966a52a70db3b0391b7df7889288223c9d8185257,1989.0,F,MG
b9260b660fbfd0ec37098b2c2207fada9c386b8dc14a839a530635a2630cbbc5,1974.0,F,SP
65c920ebe9c60d15b2f2c222a820f57b5cf92c242253625f6bbc13193067ec0d,1967.0,F,RJ
fb23f96cfb09b0f956fa8523c4358541ba5a812dba994d5ffae4a192ecac4de7,1981.0,F,RS
b68e40dbaf7e56206b94c8f0be984d5e9124966c4dac7efd98ef76d196d5ec38,1968.0,M,MG
f84c32bd3624dfbd6c111280b8c8d4517a55c2edfb89059a3cbb94038fb065e0,1964.0,M,RS
4b895222d88c7f4443be19764749cdaaf70848e961538428d58b06aecd03d993,1960.0,F,PE
3bc1cf907c0bd33a52420ca84cb51322722961f43ed7867a9de2b7b42d9ce042,1971.0,F,RJ
2cba7b9ba90fef3c3f9dcd21f43e9befe5b455ebb0ad3aea1c97636d91478a03,1972.0,F,SP
96ba10f18fbee995150e3686e345c9cda0615c66bedcf14f7f0a56b9620d25ba,1981.0,F,SP
8152ab21ca1231256afdb56c51c598f608291443060481c4a81549f29972c4fa,1963.0,M,SP
a53b1609f76e0224feadfaa12d6a00e4711ae7d83d0a1938cbd44ba3040b544f,1979.0,F,SP
448a6b0fb40a7a3e8a9efa1ab8213f7a7d5c0bbb303350cae9a8ae9d4e11e679,1988.0,F,SP
c9c38cf7757da1f309b97c772d97d0cc2563b17eabc69f013ae751cb249b354c,1979.0,F,RJ
6c87469a4a6a75da8f96fb526529df62e8eac6752b30a34a7a4aecd13cd1c224,1974.0,M,SP
8a31d432f720ce8eec6e4734037adf4f1bd66685716a0003c1d2551918cbcd55,1985.0,M,MG
8c8f65f55b8b229378f1dedd5bcdbd7ed4d233d8004578d95b79568d3ed7c940,1957.0,F,PE
4277d119f050b40703c77c05d2dc165b92bc984f2ae2359f2ecc3d28ab5627f5,1970.0,F,SP
abd533f1062499617947778cafc436ead7cf11f2fa699ae3b7e3bdba17cbd4a8,1981.0,F,BA
a28f95260b2726b88930bd45a9127f44d45e66cef1ba00d3247ca58ae7462c45,1983.0,F,SP
8d1ef514e3ec8877a855f163f2b054fd6c5de238f991b6b1ab70ae7894d048a5,1983.0,M,PR
c654db7f81f1b97b4ddd6028167a1cbdfc42280ef2a212f98599d7fa975cc58e,1987.0,F,SC
f0d4d6123812f5ece1ee6b3a3f5748a1c17c06c7661034937e0c522471e25faa,1984.0,F,SP
b5ad080ffb66e9a41ebb67441a577c328aa1ed250f590e6ab794ef7cd0a517b9,1982.0,F,GO
3a667f7c02ffd29d5483fda57422efa27b698517e2459a101c67d3d89c83203f,1992.0,F,SP
abbdcc7d60707139686fb2d0cbc8852da3a1cc5f9b940b2eeb8ea3d87870e85b,1989.0,M,MG
55c9c6f247ba5479244cc1b3587d85242c93acaa2f721a493576f54618608a39,1995.0,F,MG
5a0d343c951dcfbd7c0c3705bc9a72e54356f5a48380a1d3a99a3f1e6acb48c6,1974.0,F,MG
fefbf3f56b06c12a1841e9239efaa14689de7c3e2b3c254ad337b697fca2888b,1986.0,F,SP
52fe5694d58a5e6e6dc45a0408b4ce6236d906b5a68535642c2575e4b0d32280,1983.0,F,MG
f7ea1a274e48d5224fa163f7ab790c45e1a215835421b6434671889bc290454f,1967.0,F,RJ
4addbc02aa53aed835f5dd264dabbd3dc0aefd89ea2c29c31f5e01b687351a57,1973.0,F,SP
59222a01c052afa2031c5bb59a0c5b8261687fb981c4c98c2df80f4fca83b982,,NOT INFORMED,NOT INFORMED
636f386ac97dfae42d0f9d22841d06a9ed11d8bfa57df7797b7bd0786bd6771c,1973.0,F,SP
bc74e7ec1f778674a38ad8d157aba2bc5a47188584620c583b6e8e8a864ca0c6,1955.0,F,RJ
8f8bec8b6b050ea92f94bf767f3077bf8d55ca0bf36a89ec694f906cf3f6fad8,1969.0,M,MG
e7cddb4c80f4b73f99d41e1f44f5906282bcd2070e5185324314b7575b89a787,1989.0,F,PR
90810c7ac883531ded8313851306b8bb335f04b8205ccde6aecd180cf7bf95e6,1956.0,F,MT
db0df8e2527408a54a94344f2a05e2ee714ffd9358b0feb01c997ac70509f3fa,1972.0,F,SP
9ec0645987ff7c5ef2d833d2f4fad1bcccb3a3dc7db2bf1ac0720314265be1b4,1979.0,F,RJ
d353ab820c3323aebea6b7b9ed9811a8d9534bf17a7fc4d0bd1f17546fa8c195,1995.0,M,MG
874c33b8e8ea687d43004fbe72e07559700ab5da94f6d8acec945a630b0e1213,1990.0,F,RS
ff67d13883d034c13387fcd268287f1a3049d9de80dde1595b662fb53bb74e36,1967.0,F,CE
704a2c01fdae7cdf560939f3f25ff36691ed68152191978eaa44b5c9fcd85fc5,1972.0,F,SP
16b8712e559526592470da081e918033ed85e17bce9076284033201d7ee00a92,1980.0,F,SP
1996e7597fadc25c7d25b948769bbbb02325206dfc36b155e6f9d7bd215c1523,1960.0,F,RJ
ebcf0fd0e8500244fc6c97a43eaecb712b0a81c962e6b8b09d86a1885a801a81,1980.0,F,PI
789d8a140369981e6bb5b99a1b1290044835482ac18320139a397f89af3bf172,1972.0,F,RJ
5ab28386be998ec2ccd424aa8fdab4141bb62c53cddfe6b04b6763482135df8a,1988.0,F,MG
c87bf4223ab73e89795e45840364b3ac27bde5d5f268bef874d85c3dab6b97b0,1995.0,F,MS
061ad6d82b32ccbb85bee449bfcc8213ad8e2d9c529382be7ad25640eac10a0a,1997.0,F,MG
b6a0e9fe3e052b1aa5012fe43fd923efbdc326dcf0b059d07e8944d430c149f7,1983.0,F,ES
6022dc97b509752ba9a7b4d84f03fe78a719a46a6d92e3997d57e15056874314,1984.0,F,DF
31111b729e58d9642544ca73631f1015910c7394dfed37fc7ae8726693d6e2a5,1966.0,M,SP
940c7d60b7ce165dbf512af4873d3decd0711f0f89b199c912dc3eb92f6599bf,1978.0,M,SE
f66d9bee4274b2fb4b8067cb5f48107042847b55d1fc0cb448acefbf1248e255,1982.0,M,RS
10493cd38a0ccd651122738ce88d86d6b47dd6bbc1cc407bf51969dcb231e067,1981.0,M,MG
0262e06f4b6a8610589011e3f90467725371e09c9d5befcc72bad51fa9fd264d,1957.0,F,SP
e149568388c0243ab37de97dfc27fa20c6d0e6df95cfc3910e6bb52d739dc784,1972.0,F,SP
1bae4b07c95111ef9083a35e43b833c4d2f466e5c7d83da79ed64630b42be025,1978.0,F,SP
0dd68fb1ae92ede02792a907ca920a5d3e200ca2d5af028e60410a9c8ddbb8be,1948.0,F,MG
b7a00cda93306ed1b7834a714e1505cb25617d9feee291ce230a948e75ad7f97,1963.0,F,PE
941dfed7c20a82eb5acb28170c56cc9a00028ca912485c4acd4e41031a9dc160,1982.0,F,MT
c92e9952eae9f81f893d015727156fcac9e9ffadc2a8fbcfe9ac6206c97ed72b,1969.0,F,SP
bd78e93ce0dd987775d7ca6a37b1e42cecefe20b528b6e57e957111079c1c6ca,1978.0,M,RJ
a23f44c72e776a8792a7dc28218d7cb0e049b90105bf9496cac688104baf125b,1975.0,F,BA
30ca8d8389d8b5157a2c219e8799c55f19a7cee45781be6f9ff8bf7cf5657f82,1949.0,F,BA
0e8e14555b7099ab8a0a8849b74667083be111dee34dde9d762bca472d6b89e1,1961.0,F,RS
8231639ba674cd0397826cc955718d6a3dd5f07c5841d4352af2e31ada65525a,1965.0,F,SP
c023e2d2771749646807e32c847a22500d6d0c62f3cc57221c6488538a96664e,1987.0,F,SP
4484fdf8cc7bb080ae8b4954c220958d0939c45c580969622e2fc6a28fc4e518,1980.0,M,MG
a2ca6c33ee3923f4b2d9671701b4fafe4cf56c8b4da2bd03a0fea9ba31423a41,1978.0,F,PR
8ab8f261070642a8b0b54c58a89708386e5805d8c299bf7175c728b5cc1cd92e,1949.0,F,SP
b1324ec2b97ca7bb3739467afa36f75c03721d3e145801fa5862776d855e8123,1977.0,F,SP
b5cfb50e9a843ac62227b4126fdae019997fe4edffae00553e2772eafc13f197,1985.0,F,SP
93d54d22c2225d90f86622cf0833b403ec85a58602c573f72d78b86581ccae15,1981.0,F,SP
f83b7c8f902d53c7acbe5055e86dca437724b267ec8688e964fe74c2a517413e,1978.0,F,SP
5675806ef38dd9c9f6f32c55da727d1376a4106fed788f19ec00f92f343f01de,1993.0,F,BA
e8dbc214e636e539ab18102ac1bff99770274318a9c8e3c14e6c714fbe438736,1973.0,F,PB
30b874c021b69714936ae77b579610784ddfd3836bca5e2321f1365715dcd13a,1984.0,M,SC
1451c3b043c4cf910eb1b6cb586bc1a927a4f9cf2920767a3dc4dd824fc64b03,1987.0,M,PI
c0b838fc78ecad63e788547a645766bebe0c0844c10d517d7c966ac87fa9bc86,1972.0,F,SP
31e1290e9d8a7c7302e489f58c17566a437bdebc377364121de2896fa919c180,1963.0,F,SP
2f5b9d2cfdd143be187514ed88cd70367ddd12a258859fc8d20fb2755bbade3f,1971.0,M,BA
02a66e135b001e382be95e7f1fe389a0d313f2c84e546a252a5cb69e1b980ecb,1962.0,F,RJ
ad1c711374f021b2a62568e04747734c55cc823e9f80ce4213320cf62c4581dc,1976.0,F,SP
1ce54804e6b78c3f30f701b11dcfba65000c15ceec3f5ce0baf07c67c75bb125,1984.0,F,PR
545ec978bf9cc86db2c709dd0cc376e6858d7c38932d511ab69a133a4b204f71,1960.0,M,SP
3a038d4b6094cc086cf36a32846bf2e0f861e0115b629df5aed3843a9c81b40d,1970.0,M,RS
f2ff77abc076a3afe13b42380f577dc910fddae0cf0b33337e58ec08f551316c,1991.0,F,CE
92040c7e8d9aaefdf200c5be09e0180f5058a91e63e64f97a6b8b30d165833c5,1984.0,M,RJ
559b482c0a8c0f014e91ad141d2bda4839968ba3537fb2da2728e3e7585aaeaa,1977.0,F,RJ
1909d9313194e3e43fc977eaed51596fe0d56495d59af471d083bba6bf156226,1997.0,F,CE
f0b72d3949e5810160fd10008c33f561f42691158c3d8812edb42c8174306bbd,1963.0,F,SP
bb3817ac7e261f5ebdc546b8c276c5ab56184019729b674c280ba02541da39b3,1971.0,F,RJ
77cdab3bc4f144949edbaf84ed1654d763016fa066be7cad8c24b65471355385,1958.0,F,BA
50e6c92cc493f2b3eecd42eee7623682d0ccd5381c6afca091cc5a9012edd0ba,1968.0,F,GO
735486a83b915166ec3ea0c1a06e582fe2a2d18efa5f69107e93d72fe5d8446d,,NOT INFORMED,NOT INFORMED
f03ef79596f8db4d540605c1c11bd106ecfe3ec201aba1e8cd25f80647a6fca3,1985.0,M,TO
44fb06bfbbcf904e2486ac5700a3ac41347e508cab3060e9f18a19ba23a8165b,1999.0,F,BA
57407c522907968ede106b41e1ed542d79f75ce55662c68b62dd8ce481ace20c,1960.0,M,MG
a634b2dfda62f69fad08c297cd3826a4918a778c814505807d38cd1fd70724fb,1995.0,M,PR
1dedac2b35acf38ccab112a1b2444c22d342a86300db71d0dfb19bfc9f1a3d66,1981.0,M,RJ
dd0d7e30c72583ff75026694d404d46d255b7bb4abd369d4b0c50fd52f164e16,1979.0,F,ES
aa3ab9a86a15ebc196e77a177c2528f53bed0f6e84c5c01e55c48cf258f7397a,1990.0,F,MG
35216b5c3c640fb8e087bc777cc67314a53ac6dca771f4c98be5d40c77272e17,1958.0,F,BA
509d6262b7cbb49ec15c6b366c1f150d38e0de156095f0de674aa140e0d68b3a,1962.0,F,SP
c434dc9a86b0105ca80e11aa2f0a96e4a757e6263fe83c2390b27a40c0df534d,1977.0,M,SP
1f75c8d980fb0e5cc93527c0799c0d3f02ecaa293adf3ff52e63b14823ca259c,1983.0,F,SC
5cd9722ff6565853c67f3cbdb2978e611f2da2bb10ec16b0e1a6b4c0f3e5c28f,1991.0,F,PR
5028cf190c5b8c9647b9e134fe128dae79da2f6973ab54a362b10ad463e8d268,1967.0,M,PR
f4f98e5456ef98ac19b0793b29a41b1a3b836098b1c6b5c1f2b56523b96451ae,1987.0,F,SP
435500ef527b62e45877ec4ad26acdd3e55a4fd8e7ba484037c282bb91db8b43,1957.0,F,SP
a10864b75da2ef673f30e8ed90255cd0e2b81091105ca8b6a146b28f1ff2cc7e,1976.0,F,MS
33371d1e71b1778d2136bb52112b6d594b1f6cbd0a69960640f5517c8f6a2fc5,1995.0,F,RJ
85865bbc827ae842506e38f321ea188259d21bd848ef2c0129ae286fb9c92216,1989.0,F,SP
1b73df84d0ecde0f46c2dda149aa96fbd235a6ea8fce757bc7b48a431c96d52a,1979.0,M,RJ
7474c2f51f23a3766aedc42b2e74aea9aea2c14e9024be74bccb61dac4689faf,1982.0,F,SP
c354954f44bde322df73930ccf83286aa330de9b1a618eca82363adf07788e9e,1976.0,M,MG
c60930de1d40db5111c92389e7f80f61591d0935127a6a50ea29c7f5146dcb4c,1971.0,F,SP
1e63bdd0a251483074ae6340f34b6a0ee244be1fdca5b8400845a4ec38e8c9b4,1974.0,F,RJ
17882e807aa1fc30f87250b20c24674507b1ea219c960ad30cc8534f9cf04b57,1950.0,M,SP
c7b8460727d78a17807124edf3ae7937739472fa8c2453781f13f3ed3e66292e,1971.0,F,BA
39e21517e0098f7a951a5efd5a201fda29830177acc4af823c0d19dac6d0b6e7,1978.0,F,SP
816aa443e7698bfe696a95320480a853206c85875fa2af922869425ce8a8fe8b,1968.0,M,SP
9fe63f81a9b6b300bc2ebd049cbe4549660bd9fed2227b6d2caacd3e24646b00,1982.0,F,MG
099584eaa9ae73dc435f034d4bd316061b7c976ef1945349678d06bc06ddd924,,NOT INFORMED,NOT INFORMED
40233d1a578851746f9aac7945f81c9eed0e4b024cede64ca22ae78f8be23979,1990.0,M,RJ
8beaf1e734f346b08802d40baf7d9581f645f9e6294092b30f2adc3b7b719950,1968.0,F,RJ
76ca7047f7fa685b9061d1b3a7951462a22a21b37579b786f172378ebd7ef895,1938.0,F,BA
0f37c025a40a9d82aaed071f8f003ad7bd95bf3b617140a42133ddb04cc38687,1963.0,F,RJ
df75072787e312cbf729f48678c9e71f6cb6b529c8d4184a673a6ec8053d9d42,1983.0,F,SP
f64716eb92d6e962809967bdfc963ba5880d1e8af0b508ec382dcf34a779170c,1991.0,M,RS
85a10564a7ed3bac0bd3770881c50a1b660a5008c0ed4ced3ec03379c27fdddd,1969.0,M,SP
0b85483310384b4ec51909eeabec0f5419dba03dde583f026604acbcfba97ac2,1976.0,F,SP
267d36468234c2bca4a66791742bf4ff9c9dfe5081bb7c2e728d17970f216851,1977.0,F,RS
3bf41b42b1dd688d618da4f5ee53e5f77bbdeb10aaba99a0e6f5560ecd52f53e,1998.0,F,GO
e02fa665cd6f0f0c4228b9bd87b6bf93a97dabc23ea0166da578e72cfe9631ac,1962.0,F,SP
7f9ffe5eb51caff5c174cb0ff848542cfc50758fd459fb4ba2f0a6429f8606cd,1987.0,F,SP
9c0e346c0703b98a749cdbe1e1adf3251a9df80ea23227e57bfec0dd4dcc7185,1978.0,F,DF
4989e3c4b82a877cba19cc8d259faa5e7866689d79057be8a0510d89b36be70d,1993.0,M,BA
c1ac2aebc07943d9b8baa2d289abd1998d7bf951c86a7c6ff61276998fed8d78,1980.0,F,BA
f01d37a64303b70c9ca00ef48d9fb34aaf79e3bcf8b80c02b9336652d3ae070b,1954.0,M,ES
72f98077fbc81f937976215ab16d85b8b4fad329396dec5092681c67d1eadfa2,1963.0,M,ES
4524ba46c920f7387846df091581ff9a32644102b8830043819cd0ea13965b6e,1970.0,F,MT
b7b37baf14cc3e689faa486fead2e960e23fcc44af03f56c6d136b5ea003583c,1958.0,F,RS
59a5e8c7da13cd756836538c6f4f5565bc1606bf901a6c304f1601be3b3f679c,1994.0,M,CE
545496faf06ccb9b7b0da022f5afd28503ea032359ca28b3b6c98e3ad1c46999,1999.0,F,SC
983008ecbf3f58675be9d826ba721a1745f74a186c40eafb70c3112267a8ac70,1979.0,M,BA
524d253b78fa79a3b7dc272970b4cbe90cc83a1273cf35a8e93084861924be7c,1975.0,F,RJ
b45ee37287da7d5e31a5b5e78d9bf437f27afd94124cb767b5cd939e6a021c45,1998.0,M,MG
140f3382f7977d15baebda69025c873cf0d486ff09192a584a12a04d3763a8b5,1981.0,F,RJ
f9afd1072e82bec3adc4a00ec53881958664c0cc621d5606b1bca5549a4c9f8f,1978.0,M,SP
de613a440e4554cd1815398f5af986356a87d7801c332064421b6e1b83bb827e,1961.0,F,RJ
3e6b4f28608ba3fc2efe0414ec7f3aeb9a1ec8f2d293e3e55306200c8d594f45,1987.0,M,SP
d020a81fd38c9d90a2eb8de7122f20f3029f43060164e7d983f8aa5e707b6c2a,1983.0,F,SP
56a343108779b23a72e59aa45f7b12e883c54d87402f05658a2a44bd98375521,1989.0,F,SP
3b473ffc297b601a799fc00831d101e45120125e801cbf5398d05e058dee1011,1954.0,F,SP
1758463290ca2e6c627ca271704b1041258a422b3f9d5f7d65a57b50cb5dbb13,1983.0,F,RJ
babbbc889480a10437b4f051ea007a7d3c55cc30911e115ac4f1776f6dfc6e6f,1985.0,M,SP
67f0d4cfdd7d5d601f1e9641f5b9e2975c174e1a33535c6c957be610a00d45e2,1978.0,F,BA
5059de7f5153ad27fe40b586f16a5ecb6b558cf9c3d9616438fdd46952e4a8f5,1966.0,M,SP
72ae8c38361fc71b912296b48217d8aea2db2510ebbe318144ceef1646c0673c,1982.0,M,SP
0d06532cbd5a7ebe5e8c1c336ac6796a4784456aa2c2f6bf7d6f8ec548302714,1966.0,M,SP
e99d14fcaa8caffc77cd660effbe4f34f60673aee282d2b9fd5cf81c476db067,1985.0,F,CE
28dba5575b4e5d19f6d7297038607830ecc94f82ae627c808fc3c52207da4ce2,1993.0,F,SP
4e0f0a58ad4692faf7aff5e72c9ba23dc00059f7f5ae494928c5657e89b47fe2,1944.0,M,RS
0bb81e1ff1ab460f917f20e23523111ae6fab0970cc7bf2b14f3b4139408e704,1992.0,F,BA
d6aaddd970c6332defa4e30537b3a9382840c0d34eb3906fffd1f52d6dcbe0ba,1977.0,F,SP
51506e11d4983514017613cdaf1363a190f11e5be582ff25fdc8180d1936dabd,1981.0,F,BA
b2ef45d2afc616079880be09cd8813d85093d9d225cf6a500d6fa1708a9134f9,1991.0,M,MG
15a49ae09a66a096925e09561576fdd6c9527ea0fb0052b7e68e4a9b044ad89f,1957.0,F,SP
67b678e8bf008eb14b77d88dd7157dea44036c7cdfb81c605595d6271727f04e,1975.0,F,PE
64c6672ed58f6b9ae55ff98e25a7df981fd19cb62f75622d33d6aac49e2c6e4e,1993.0,F,SP
3bb79304db0e160bbf40bb514dab574ca3c18683f1fb8532eb0d249ec79ee917,,NOT INFORMED,NOT INFORMED
177dfec9a169a424f3a8d98d2ff583c301849ad326c743e4ab0740cb01b09432,1996.0,F,SP
94341e5a2860c3082f48d6442b809cb9a217b575714b1616a3048cb9edc2a427,1981.0,M,ES
84a548751ab4053c41b94d744bf1c40516efd2158b181f4c546584470c9745a8,1965.0,F,PR
48ad42d94e8c90f81f370827e008189d045031d954ff38411d4ebbc73c454f18,1999.0,F,SP
5ec1702937cd48a15cc61026eadb17e85f7d64c96debaa992da2edc7b908dba0,1984.0,F,PE
b7221a3142fca1c2703fb8cd527775ad35f458ba939aa4f91b1990506f0a0d24,1956.0,M,MG
2040e4d6ba6c27e2230977e7e08c704396465dc086e08299a2bb3f02c37fc8c6,1984.0,F,BA
f9cf0f246bdf453f690d9334f820a697644ebe88a3fceca8268dcfb3c75ce60d,1954.0,M,SP
b9f5ed2c320c68ea3403937173aa2aadd40d9c60265ad0c0289c3b70564a7652,1981.0,F,BA
8ed23e60186414ccdc68ed359efe63021cc4b4eeb10dea65b747be99c681dd7a,1980.0,F,AC
48aa38dd510515f99936b10b101e211ff10542c0bf6d97e3540b0cf3ecfc9a01,1975.0,F,MG
617e7e794bfb7b104c3fa6174b6deaec7613b08dcc1e30d29ecb3e4abfdaffff,1970.0,M,SP
de9b65c08ee54efd933dcf1768e77717837efd202e7bf94a013d1a50033b3843,1958.0,M,CE
acea48902aaa3fbb4e2e6fbe7b613d6d3985185bce78421fe39d139e4f25d6a5,1990.0,M,SC
cc9e3c3faec9daba126f4644cf458e2e3bb8947f38284c5a70ca9ac51d3a1091,,F,PR
507a76a8ca0e8af1536c5b935bca3c4d2882063760b1502a40d1b63bfb191eaf,1957.0,M,SP
c81c1f3ca03433028d02bac7772fbf26995b84c72d24514503703945aa70486c,1991.0,F,SC
9a18f9aa5ce9eab8968fba79f643812d683881d444d9b92f74e6c7fdf91ce661,1984.0,F,PI
66eb158033e7cc09b7ad7b090fdce5bd8c9821da463468b87e4930cba1451702,1986.0,M,MG
81c36f5be35ede6fbb92a0cc8f05458ad1f7a0988b3ff322d1b545a46ac11569,1986.0,F,SP
8a55fb800987ee3d43962892822f31b8fcd8c8d0e06cc98556b184ce4d42371a,1979.0,F,MG
c3c206c05eec04f3336c0af51ae69a89503a30439cabfe518185534157b172f3,1977.0,F,MG
1c8e3e0f9d085db9c31468ee579abd96ad48ee9d64f3e9f14d2a62179a3c849c,1984.0,F,SP
087bc3d1ff0df58390936525ddd7f7c43b623566a7f3d57eea6fc291d6e929b5,1992.0,F,SP
84dd92ae6c721db43797427741b6b85b7e3f53326abd201cb10e848bb2c39632,1988.0,F,SP
ddae080840213ba9304aa2020bb6270eda4b716fb48a1a746afec2f44426e00d,1960.0,F,PR
01777ab5a046699b848fc9f8d8a4e76ad7728eec8e0d755b9aa77b6f0528c11c,1976.0,F,BA
351d323c5306bc0d24c74bab023e8a833a61b4fe6f6f386667e8218c94626609,1989.0,F,SP
e26090e78c0f055e158bc3b6d46d159fb5ca22f1eb39889a4815b5433e1c5751,1955.0,F,BA
dc1939dcb7cd384a246c954d75b5e29de3dae7150253d299011d1f44b361b8ed,1978.0,F,SP
0ff0828de50a5b739a6cf3ac6b76adf4b290e361347773a87cd86173a5f58ec0,1979.0,M,MG
04fcb8050078bbd41f9e23229fba988ddf463627fa80240b4b5ddcedf4f7b3a3,2000.0,F,SP
0786b3ed212f66466e68d04cd6aea71fa4a87e3f0b5de686a1147b9b0ccee8f3,1963.0,M,GO
a5cbc4aa6bfb1f17d20ab49d1400d8fb7903a7a194523cc03081db85b3b9d1e8,1980.0,F,SP
9e114c34d784d007e09f991b783b96c7a2536e882f16fea3107cd0d4046aa2f8,,NOT INFORMED,NOT INFORMED
f5852e6330d769ede5ec8646cd41585c504c07fb7fe8713907ea5715d1ad16f7,1971.0,M,DF
23aabab9c5d9f3e81769a0762bef386be839ee2bd7b514bad00a27ddead390b2,1972.0,M,SP
edb7f3d16bf1f6863f57de0d4d3ec6f7e73577f41310dd4767bdb34a70a07f02,1997.0,F,RS
8c8c8ff2b8e45f80a9133d426d942ce0c38096aa751148cc94d17541e1a66b9a,1991.0,F,PB
2251bf652100e04a071b589a2ad1fb9a09a021e43c26d0d974d22a9ec5cc5730,1978.0,F,MG
b922d42d0d286d033b4bc61dfc97e9d79b375d74d7d8f9e2507e75d9cc2337a0,1958.0,F,SP
6d79251ef182440d28455922d01d8bc3a645a1f2b3abf0fdb339b4e34eeb349e,1967.0,F,RJ
9b25625deef47242c77bf13234458595f9783e44ff2467b68db45b4c2dcc29b1,1983.0,F,MG
d18a0d2fe767aaa2ba537e226ef5bc6d6636a5c10dd88bb8bd6e43cc3a086de6,1995.0,F,CE
7d7318b3307d0d863082c3d992c25c6d27462f692dfb40570927866a37565289,1993.0,F,BA
78c26928dee3ed357bfd97cc12c10689e68c4b6ca60c173740adc24dd4c1b206,1989.0,F,MA
a3fb21feb255499ba9ebd89175001a480b6190ba88a14a0be4b42ce67c8907af,1990.0,F,GO
2226b5a9c090c6da71ec8abb83db72471d21ac17148a6f2b5a41133fca83734c,1984.0,F,SP
6bf851f2b1db56f2f38e2153f501f30a3eb6a491f94824ad88187471110e1031,1964.0,F,RJ
3b696589af6937a4001bd8c88aab860a2e3e7a32d2fc07f2f35b1a3f9c55bb61,1966.0,F,GO
04c5ce9ecf2a53d28fb9100a35ed80d3eab8f829b77d41df2b42db8dffe58d75,1959.0,M,SP
09e532eb6a3f72ebc6a90b420000b1d8e265febc4e47da946c6ba6cd31751a03,1966.0,F,SP
fbf2fe035a0eda6068b95c5bd908f172bed1bab2300b0655fcc32c464c78554c,1988.0,M,SP
50efbe5715900e6aa7a8b48f04e7d6c2c06fbd858800000fa6d26fa885267973,1984.0,M,TO
1ea18feaddae3d98603ddab520500c50984f68b3ff4edc1eb40a14a35a1bf0e9,1976.0,F,SP
756d7b42f135a79fd28abd3e3d7d040bd791161339531cf76220133863c40a10,1980.0,M,SP
54a40b6849dc05440f677aa185a25bc3aa996c29ff591bfc3f1836e3ebad3445,1961.0,M,RJ
9363194484ab67ed0836e9d3d3a061ae76b8f6daa0da67c966d5d008947d217b,1978.0,F,SP
862a775cf1205b1bd03bbf900fa129a57c002a21c1052d15cf7e13f119087f53,1971.0,M,SC
ba71027c7d9c304ad1ccaf239c97cb84b63fb798f39b494e7e3d694985e22fb0,1992.0,M,RS
72a18a8d7aa1f253de4d6fb9f723c2347b27958099004be2a1cbd752a933216c,1965.0,M,RJ
a682de1ac92540988ca6cc50debaa560500903ccda4b649095bf28a628796bd8,1983.0,M,SP
50d9941d43c42184939549ceda026858b7cd35b9f6df0ca0d5a975c762450348,1985.0,F,SP
c75fd504b6cca8594e7f4dd5fd42eda67470dc14ef2ead82791bf073e59e5d16,1972.0,F,RJ
6fa557650959d856fec27e513ed6df7b8909d71c2e14076a018ba86ade3ef39b,1958.0,M,RJ
c6c3a5d8933c46b0ea151d0fb94b8859746b97b28bbad85f34288cde8b298ddf,1969.0,M,SP
11843159617ba17f48a6f245c653ee61bd2d97ba0649a5ee31ce0e4684a1b031,,NOT INFORMED,NOT INFORMED
d1e7714d98dcfbb5c0d63b0043046c625d87ddb87daf27c6e13cacabc8398c6c,1971.0,F,PE
a32adc1d07c570624e21a4aa4b709d4249cf0dddb4f9221ff1d79b0cf4ea64d4,1973.0,F,ES
54554f9ffd15faab7148369c17afff5d7c775004c3c17572e52dedcf2db8e65d,1985.0,F,SP
f1520d9ce95fc8985437477bac0de90608cb081c810564482d8efba0aa28ffaa,1988.0,M,MG
44ea8b57377efddb07ba6bd48c3c3eae6e7335dd7af63fdd6284e29122fc7723,1974.0,M,RJ
4872964c8a8f4307293e4c8a08fb2d1d2f89716f24229db2a5a71fa0b87b3b2d,1972.0,F,CE
5dfc67934160b1e6665abfa9aeb20d6af2a7c8539887adefced4b9090be61f86,1982.0,F,GO
4f12df20f119a692c8d6c12aab5404d3592d38e6644f6f46768521cd68acdac7,1996.0,F,RJ
c48c6950530b1ae721b45c6bfdbcc1a189ddddb6ffa4a90c72913067821815f1,1998.0,F,RJ
a4a60a93c24e76983bcfbd140b3e542870cf592e6bea033d059c19ccba32e385,1985.0,F,SC
fa6dda5bd183b1fbc5811a17ad8127aa148173fd31b3803e908166634d87a6db,1998.0,F,SP
3ae8d1aed669530d835b3543dd4b404a91e4c96860eefde96e2e7c4e8a72230c,1991.0,M,RJ
a4d62b448ff2174763c5e30f7ff2e6c01783bd2651c1286b1d7a27c2b203bd56,1974.0,F,RS
4db7cff6e156671b30396d697fae73b32c1a1d57f70c27204fb4f817cbf268e6,1976.0,F,RJ
48890417bfbe7fd902547cdcdcc80169090d2d92539c748091d4dba9b0636edf,1989.0,F,SP
02472d22f0e69a048adc54ced6c0d50989e02b8ba68d279ff943cf902a3859e8,1982.0,F,RS
c48c7a64d1ba500553f156760739db2f16261ea3de2a4331e8d88390c51cce6a,1982.0,F,RJ
94758d9b33c6a88c4df381dc7405b12947b0b71cba8b09e72f0438552beac59a,1977.0,F,SP
cd0479e4ddc8e465a03f5457b9cfa91aeccf6f62da764c1c445b89e941f29e5e,1977.0,M,SP
249f4d424c98a916d38e7cf1d12115fe11943e5eacc15cfaa2c8a9a67b92b85b,1968.0,F,SP
62aacc3b1f2d71f2d6ef4853de48b617dbc98e7d68e7c2fd78c0453a5a671b8d,1974.0,F,RJ
3624c68b444bada7a301c1f49ac8d0c794049ca2d4919629c6ab34febf8923a3,1979.0,F,BA
b0e698450185325cee1a7fc46d5dd41936ae43bc00226ab2e7e5569bdbe62ffd,1953.0,M,SP
51c50f807fc4dda7a9def09b77af43ffaa794aea34e44c87e629e51bd49fd86b,1966.0,F,SP
2d06e743a515e2a1b231cc529677fa0c920db220cfd95943a39a9a2b7c6d87d2,1971.0,F,RS
a26e0bdee99b112e56aef2ba2134f1c9d8967ec64f063f3983534a2cddd38a44,1980.0,F,ES
e26653c13ee24be062acecb1d530781dd75aa9617ee590d81c5c4ac028932af8,1973.0,F,SP
6f26e79ed5ede4dba5bfeebc439404aab6720eae8ce0ffa51f9c21e93c42c6f1,1977.0,F,SP
9168d201d4487fad205e8d4d8cff31bb711c3ddeae4a7d46588d767878903372,1988.0,F,MS
7e7b0240904eb0fbf74c6e5aab1e29310f4cad493aaa191c8e0b95c8451134ca,1977.0,M,GO
0a934bdbf31c06a2cc354e181a02a902ce141b155583b2d03528b303d4236a3a,1988.0,F,RJ
ba44e728b8d28beac2e282a57e23bb1c7558b443fd4e00c0cee0af47f1b1c48f,,NOT INFORMED,NOT INFORMED
6661d5196918c3de49c23016cff98cdfa2871c57fb67b14060b8e915f32fa241,1996.0,F,CE
b615fd4e46e1e0d4ae8e97ef8863168d9f56644af877d26cf47723da9a4f7c47,1971.0,M,RJ
7e2978cef2afcc718d02d18fced3ad21f2ba73dbeba0e0db4d275168172f1350,1986.0,F,SP
5299f2c3ef67431cc35e4b9f6dd5059f1ca28984019f6bcd275f284465227014,1978.0,F,RJ
f6395064e02b118d193fe605a3a200643f1eb035ce448d599f881bef06da9a66,1978.0,F,SP
667262664567e895b5a2592c94739c52da107b5e22ebfa600d7d99f5e8fa6d2a,1967.0,F,SP
8ec5de89fd271c10736823e841a250f5426bcb2f72becfd650c86d319df3dfcd,1991.0,F,ES
2caaaad8d1293aff0674796f9b7ad7b8717754a5e8f3101757af3a618078d195,1978.0,F,SP
4f761ba1855930ddf5ce9174fa01d2fe623717ba68e2e017c7ca4a99813f12a4,1985.0,F,MG
c401fea55129953ee0db77b1eaa3e55d12f1e4d919f4a2ec7da56b6d322f7506,1958.0,F,PR
35c3c0254aeb89ddc29b3bc9c36a6281501b1c640b857ae1a26b81ca2df11f30,,F,SP
4fc06fe86178da055bbc4e5bf9155356120f87a4d017ea83e093c22a545c7524,1969.0,F,SP
1a71b492e05b2e6b304ee43f5819e0795f3bcf0d243ef46920c45f9f4a85ad29,1986.0,F,SP
1d6315059f900e68878c04151f285ca532cb47c0533ac39db78f4a5b91023762,1957.0,M,BA
b2e86f44488638606090117f4ee15f21d22b3a6d654385f281d01bf575a16d69,,NOT INFORMED,NOT INFORMED
6376082edc556f75224dae11c7dc4c2a70c1f9c078278b7c868f4454883c7d45,1976.0,F,SP
8d4f46fda9b33b51ab951a7c81cc0113cc081b8e4a0fa0b607468cb78ac7e3f7,1968.0,F,SP
668843ade743ec7caff585d0c671d0944032a462d4e9acd75481a08eaab21f6b,1974.0,F,SP
fd9a474a8662043309a41a1d0a2901c1735c3e8845f42afedab2ad1951c6dafc,1983.0,M,SP
b683ee032034023dac7db64777d700ce410ba8e7ba5a1f2e1148b62abeb85b12,1981.0,F,PE
a4b2d47e10dda7d6943916c5028c9dc7649b0d4daf8018cf91cd45fb3b5a87b1,1966.0,F,PE
971c4808bf969b93883f9696b6d1755a5675f11a66dcf51a43b56f6ecaaa0786,1947.0,M,SP
cc755163e2467cefcbe5e9c53d0333495f4fd4ae3f11455d2504de06cc67ccfa,1956.0,M,SP
39bcf8f429ad5a5179972bab3890018607657a039216d23b6703ef3be77e98f4,1960.0,M,SP
22336e1ac41181be51b07ddfefe0976a1526af57438fc85530da1874290efd8a,1982.0,F,DF
d5d232ae355e1432f0a7a263c1ae85a360d954a945bb4743920ce300a1a340f3,1951.0,F,RJ
31d215c6ddfd0d699d4307276a84a55565c76390bcb4fb3bf0e3918f4d36f453,1996.0,F,MT
04b95c4e70dae93c3bd9f692b8112cfaf388d14f1bc206d2bf6ed9be0d56f929,1974.0,M,SP
500716cb06e9705b73f83178cc47dcccb4bd534da04747265c0c09975fab5603,1987.0,F,DF
3611ed19371c6578b19b1ea08af5ca1721b34806f72587c1d40258f3f13e3d21,1979.0,F,SP
c570b1de99ef1c9a3e2a768c9131de536f00c3f858ded6fb72d833276bc3ca31,1982.0,M,BA
90c730ae53d44dea1b38aaeb4d07ef64839d34db9c0c28cdbb1170c3de255169,1983.0,F,RS
2fd43ce0cdfe4c2cb0dd5e66fdae702b3112c61f86415bfe14cc71069ca0f6d9,1993.0,F,PB
fa0081ca1a0ce8b1a48fcf6343eaf61df93979141a2d9dab2c73ed197c53d14a,1967.0,F,SP
92c6766c62369ff382cd3f00905ca7435e6ff6a758c0b4e3196380e303fc2c08,1978.0,F,SC
51a1ac6882071e1e1f6c4837b93593525737cdde916b0920f36a4bd678f31a2d,1987.0,F,SP
226e527116951cca05125aaa71a58af58b8ba7ed778469c7d8ae5e3fc7d0efaa,1986.0,F,SP
12dd3d8e2255dc4646a53784a6854edddf9df72f306d19d2e84d08c8cc9679c1,1953.0,M,RJ
f5f52f137aefba8ce6feedd01f72ee64c6c87d1b043cfabfade398c754f194cc,1977.0,F,SP
c0c0277723b0d369c3e36392db4c83416272eb1383aaae3a2cdc6035ed29d070,1983.0,F,MS
88f422511582e4f3e1a4cfef2e9192dd9cf8f30644f6ba8ddb1c1f5a464a3bd9,1967.0,M,PE
3da8c5b986981e737a5c412fa2f2afa39188663f52b968aeffb3d90d6818ff25,1998.0,M,SP
3c41547fa1522a0de8faa3d7291870f59063bd456586cd0e7ab5e8622f26dcff,1997.0,F,CE
cc039114f5542966aaedcdabdccfae25d9b4c5e9ee6c34f4fd211c4a078a9eae,1977.0,F,SP
b20d0562c70375a723f6916760f715d64e8ce731ac3e82b266b42acc9d08718a,1974.0,F,CE
6b7beb25b4d9c274a117ae2b2adeeea428e2a996cd484cf2416b260f47a65999,1993.0,F,SP
5983f17de0ba7201306192d66f7a675951419369377670ef5efa3506de36a6f1,1990.0,M,MG
5974d5194144a444a4dc595e3e41644748c9f185adb67bb871bf1d99f936b2b5,1989.0,M,PE
eff3f0f159e8932646c5096b702ead77896f54a876ea778cb4169b690500efac,1986.0,M,SP
4c1231bbcc9c8811ffd748c343c3b950e5ae45f8896031d32eb2d14cb39b94c6,1983.0,F,MG
0f9704e756c1c21f8cb0eb6def1c3f59714bc6fdca286c3743dc30877093fb72,1977.0,M,MG
0bc1efde14bdc78c9e851dcd958d28ca836a8d13b379fd98f9d5f9d2ded7b6d2,1972.0,F,SP
b62b476276e2182c748fe62e25285ca2f8f0d89a292380432e7caa7f92c9f947,1977.0,F,GO
e9934d03609b94a4fb97f37c4cc675049450a3d31342f6cada99f7183e9a65f9,1962.0,F,BA
973433af7eea189edc1d44227616fcab84eba64f018d985302a805f88a1585d1,1974.0,M,RJ
bb7a668d1386abe16523c1ecc547c59f188e8e46c1cb010de8c2c34a263b6827,1978.0,F,PA
18bee6222edc98bff236cedc02ab69532e9400530af9af1e9589ed6bc7bfce51,1995.0,F,RN
4d8f09fe89223822f8d81005501ce318f6caa3b64010fc7f9f7a57b2b8bbb954,1996.0,F,SP
0e2606ef3ba54500d5a64fe9a9fa5036e837d6f7e63ccf3f840a93a36bb482d4,1963.0,F,RS
65f8073ef2e9b4c4c86b5526993288e364e3efabf02ec8447edf85bcc4742212,1999.0,F,SP
8d44eee40c130c612a096f6f474118fc8297b64c3045c5e6072b0f1294707e29,1981.0,F,DF
53a3b425005187dfc638e776c55ab93ac0a71abaacd7a098e8e87ba7b9688802,1996.0,F,RJ
85e5043993de8d6445c612d6230df1bf94a8bb980ffdb93cd440c3d3e7ced037,1979.0,F,SP
e3153d8fa873b45a3cb09fdc40aa174a0b2f698597d5d22085c449af16aa996d,1964.0,M,GO
3a900d414bed1fdf6c6d0ef4f97c612114515159167263403c2685ea2e6c3c1f,1974.0,F,SP
4c6b677c3c989b16ac237809ad6266c60db896bcd229bf3eb38a2cc1863fc2e9,1977.0,F,ES
def5acbbd5ff55a2a96cac67966869319a99afd628a7efcad12a45f2ea3de057,1967.0,M,RJ
9496e375874a8319292cfe999160e1f123e7c2c3e83f8f898ece4dcc01cb8934,,NOT INFORMED,NOT INFORMED
222f7da7413147d12d43221464978b0fa17e9e86ab324ffd65c2b0ddf6d4db7b,1960.0,F,RS
f14bd2257b63bc389ca7cfda334c9e17eb24303666a4e37e90362b6e077cc547,1959.0,M,SP
a20365db205e23d585799a69d980720ff9dabeecc956760f38f351c3d4ad2d99,1996.0,F,BA
50c4192ac3498fefd866a616870472ad8b17ad59e8ee3c0b665840bfff1fd1fe,1973.0,F,SP
166137dbba091fbfd4008349ebf2cddd5596330225f806854736ba4d25a47bb4,1976.0,F,RS
558e8ca49f31248527d2e7df611bb0fc344c07db373d8bf6c9c4c915820464d8,1995.0,F,RS
203e7de1842c484f55afec2d416e48efad013176e8c1caab8e79f7c0af0d636b,1987.0,F,SP
09d7a253b65defbc7411c941f37f3c2477660b37430e8a3c1b60d360ae2d0965,1971.0,F,BA
060cbddf8a687463db6d2c5d508ca5c36f8caa2d97c6a8dffd1fc197bea77b50,1947.0,M,RJ
af43ed5e284476e17b8b7a13325a56662fa8cb853f712e9764f39cf4b44835b5,1984.0,M,RJ
616f0a612cd25e900e565e74b5a5ea2f518765d642a39f0ac39439c81ec05ded,1957.0,F,RJ
b7290c52daceb5be6b1ac0ef72e1bda13124d3fb309f571f80080108b87f44df,1986.0,M,SP
0b0af794cb0770732613a659f1f6055332e7883c17a3a199bebb4b6ceeaeb54a,1980.0,F,MG
ad950fe33c39cecb6051dfd4d5152c7566855ceeb739abed58dfc1e683fdc7c6,1992.0,F,PR
0df32cce724e684a1f7673616f4059602c6c361e4b79128174479d2c47163a58,1980.0,F,SP
d2b17045f6a8d4143a34a2d9aae5feec1d36790fea5020b061a26e8f24a04d41,1961.0,M,SP
2ed019397618ed0b14a1efe5858ba5c8261ffca81e09cf1c46de5eb892df589d,1995.0,M,SP
da1a20a0262fd60b11c803a6a5086f94e27d9811ffc710b2929f6cf7424ab059,1946.0,M,MG
6d2440696b84b2ec332e5418d3d567dec893f02ebcd2350f22ef2baa6e47d112,1982.0,F,SP
a2fe1c566f2187e6f4fa92c5a47d28b8dc03fd8e4b780b47ce859a553a98c0c4,1988.0,F,RJ
2eaf0a992ef3a63bb875f6c7139814e381d6976751f013e0b9b2b0b1171220a9,1974.0,M,RS
a59f2f27b24656d274106a71014e49e8eb3d54b9e9e94a4dd44d8a7722eca776,1963.0,F,MG
463a6a39ccf230f1e1e4327cc7e72fb6d9db4f6ad386af79e25f0242f1a6b551,1976.0,F,RS
c6b57c4452620a249dc93530c6ab41657e9a4ceae610f3f5e0b9b48756c0d6cf,1959.0,F,RJ
ff6136d79f66ca5bcafd276f805455fcaa4236642bc57f6879a5a80f9a17649a,1973.0,F,MG
236b8b038004eb704f7c94c87e08a44b261e916e09d313cf657a077e42ab973a,1985.0,F,SP
c82466365005efdef6a90dc4f97937de220cc9a69822eea454d85299282f6fb4,1955.0,F,PR
f91e91253dc55cf280711c9d2c4beb5feb57e214b56651cdbbc7667bbbd3a5d7,1999.0,F,SP
bdadba120a894a0b3146acef6726d54dc7070cde9781ce5e76f8243bfaeb3bf3,1985.0,F,SP
9605700c025d87b41fefac7fc7ed2670fb10e438fbeeba424ef0601a738bd86d,1987.0,F,SP
203d90ef42bba54af8652f0d905c31d01741b3d1d294db92314ec9b62bdd20cb,1992.0,F,PE
6764c12bd5a7dde4c0b0d660253ab28ba87da778dea857dd00bf2628d9db881a,1988.0,F,PI
1c353b0aefecd0e363c8156366f726479d4ceced25743d1c6b92c393542fe225,1998.0,F,MG
376cadb6f8658c5e0199e5947fdf683e62a949874a24539bb3aecac0e7ffd106,1977.0,F,MG
8b04f75155304ca3954823e9c3fed145eedc21ca2c4aa4ae57bb1942eec156b6,1988.0,M,SP
5fa6f64215a173c338931198498ab1c171f3fcd6bf106a5528db7484136bcb35,1993.0,F,SP
5cdae53eeafd8a42251aea2766e93b32cf030a81f8c580c39fcd45788f10843b,1992.0,F,SP
c3df443f5594ecde79933e8f355e14d872e2de823f0c074db2b2ab1f2fdd90ce,1975.0,F,SC
dff39db642e5010deb3ef7268b17e1befc4a3e9ee18c2ea9ce1265d7c29aa2b4,1959.0,F,SP
5740f0faded360d14cde5cea2c4410f9214df90d00d5759cf6437957b53185dd,1990.0,M,MG
58738741009e46e54b4ab72bf6d290b4c0f1583f7edbde83ccc93c72f58b370e,1994.0,F,MG
ac79e1e7b8d62e2873af29a65770f7bc0eafe76c7dc789c5e4d93a3877681753,1983.0,F,RJ
a51e58f982cdd8a0972a4ae3f8ccaf5637904794f082acf503e06adb35b38121,1991.0,M,SP
d31b934dfac9aaeeb1c7c3b8a7b5bdd441f270b2ad86860b2dec0b8fa42fe3ca,1964.0,F,RJ
700945264a181a70bb1d303ff877a180db9243085c67c2961d116c245bafc5d6,1970.0,F,ES
1666b145596bf748a0cfa5345f901566e035a78fe8577a00591de4dd5ef25cbe,1983.0,F,BA
82e1160615408a6d536786cc1166be5d5f2cdbdbaab03ed20dcb9a4a3dc2745e,1972.0,F,MG
01f840de699350c6b5c699c75588fe48abbf93b2b2b34a210bf554e6cd46ea7e,,NOT INFORMED,NOT INFORMED
0a9d1a45333fd93246ea95ed2e3a58ec70922ce1e8392f87a29906a398c5e338,1983.0,M,SC
4c9a8aec92e000c29a25c512ff7d12da977b3b6bdc8e9457f022cd0bb724f7bc,,NOT INFORMED,NOT INFORMED
9af277997d1a65e2d8a7f36bb56a3da7dc8ce0efdb31e0cafc4e7a9044d1e751,1977.0,F,RS
d9f86c60af3a295754eec5466de684a4ddad88637b89e5fa90df4d6c54c2f23f,1959.0,F,GO
c792175c49f24280268fd21bcf2ac9404b2ea980e1882ffccde832e0be1d79d3,1989.0,F,BA
155216ca29700b984d15f00dd7e39a7d989088c1f3de29e24c1d7032227622ef,1980.0,F,RS
5b419c0cec11254ad8cc74cc0a46a8997a181fb90e51216fcb79b310c4732e32,1981.0,F,BA
c8be93023f5afd78b1ec2874f58292b06cec3ee7a3f670d6fe470f8e15f63fc0,1984.0,M,SC
476d2c7e99d4749e7427c04483ce4b287910d40f14b92c53e54337a0e87f9954,1988.0,M,SP
efae3abf7e9ca7d0444a3714b5bad4c946d7b6ba9f9178213298a3b12d69fd61,1987.0,F,SP
0d9b7f2c30d7f4838be176e02c7236d52ccfc74bf409bdb6875b1683b5304402,1967.0,F,SP
489b78fca4f20186c5635c7fd423929384a2a9e6fbd401eff4827718e3b14401,1955.0,F,SP
968acc8f339d6e3d48daf0dad4d275048c44e5cd400e5b5062c1f63c3e521bab,1948.0,F,SP
d4d3a8857e47f3ce88c168e3d25773f075aa5eac086ac69468158bfacc5b924b,1986.0,F,BA
dbf33cc4a19c479d7e7b78e9d6c8eb8d29e2b526b8378b6fb237c77c4212ca87,1975.0,F,SP
78df399c4bf8161e0306adf39a57b0468b46c63954ed29b8ce1d1dcc3dd6c57d,1980.0,M,TO
ceefdfb407c40cad39826546e9987230e3958e84eaafefb96f1274b724e7ad6a,,F,SP
5877a1a0c46911c01f838af3934171185905a182d221378ce67f240ac1a8c91e,1985.0,F,DF
b3d153ab89d619fecdd680e17fd31669e4328f2456dd7791a7957a6eecbbfdfa,1979.0,F,ES
c8e5bfd530bd2c950484059c0cfa60ddb312201338908dd8710f50e38ae4fee4,1949.0,M,SC
8305e3dcbcd0053cfe638f210516342929c476205b59a3334e49dcc5d3c73105,1970.0,F,SP
562dab7dffca55dd5e1d92d9af5a3e0deec055738bca8f50f217d3bc4b19f43e,1986.0,F,SC
40e484d6cfccb73d38b419e066c16addf31c4c5df3b1ed0363e7aba529791def,1978.0,F,PR
8178fca5b5513e3f36fe9ed7567a08ab08d9a1571bf2c2af851aa96149b2dc01,1974.0,F,SC
d6d4217530fb6d6a33323959a797c79a0241ca8e5f96c3b36b0362caefc22ff1,1996.0,F,MG
ff54cfa04964716fa362a7608c13543d49355077b04f9ea451acc10357c80a66,1973.0,F,SP
ce94c06fc098dd07870524fe9a1b53f91a6693f12130a92d7565d05c836d8824,1990.0,F,SP
3aa664c638159567fa5d8dde004f72fe14580126f200c74e25b2ffefe53d5a9d,1990.0,M,DF
0c766692ad27148277004e91a6bc6643e21156e20c4346ef5df31f54c56c5fbc,1980.0,M,RJ
3b0f6f8475dda2a1f49f98aa31e2cca094b1fbebf6b7a85d65114d1d91358158,1980.0,M,SP
4c9080f5a9e1140c5bed3659a5d49df887f457fa2cd30ced6cf82f3ca95013a6,1968.0,F,SP
ca4785f82afc60acaf04855970781ba6a16d40a894a9242f896b071fe38d8a55,1970.0,F,SP
84c4f0e2d13f41e0e2a3b291a62c0da3ca1a2891b6da92bfeb2f3deb15dc9aa5,1990.0,F,MT
ec3029d750683dc41a5fcccea3b285478e4b56f7a2cebb4ea54795858b1124a9,1976.0,F,TO
06b6c9c64b6a57f9c794c01a0297377725b6694c648e4e46e0f4a3c7dc180eff,1999.0,F,RJ
94911c54a70dacb57484c6d8f9b3388440e7f28ba07f130170827277e72efbe0,1972.0,F,SP
b8ec5e853880bf6400d0117ee901f0f335a1998875f28da9ecdf0dc01af11111,1986.0,F,SP
9b6dce6b02b7ba4fd281e5e67ddca97f56dde5a31d5357c19e9b992c842b0bda,1968.0,M,MG
09d04edf320b8745003d2af882f4643d02cdbbd5f22f5c99e41a78d54a045c5b,1954.0,M,SP
915e2f1db3915467cc5132791146af3771eac6866bb02499da7319e0ed0e8500,1986.0,M,SP
6dafccad61780545f1a797ac2f42ce55bc70e9045dd54772005e5ee057b641f3,1967.0,F,SP
4d169f9dee826f0297aa1ffcc4c797b1413be7bdcb10a36e3f15436c27828ab8,1943.0,M,SP
8bf41d6ee7ad3fb3c8f5d5bf5d72fa25467e33669cd84a2a32c49d96cbe9e8ae,1975.0,M,AM
836b5dee3bfce966dfb346e7a41c82f0c9ae6096f49cb87a80c1eabba3b8765e,1982.0,F,CE
