product_id,product_name,brand,category_lvl1,category_lvl2
11466760,Grandiôse Lancôme - Máscara Para Os Cílios 01,,Beleza e Perfumaria,Maquiagem
130788449,Escova Soft Brush 1000W - Philco,philco,Beleza e Perfumaria,Aparelhos elétricos para cabelo
18442566,Modelador de Cachos - Preto,,Beleza e Perfumaria,Cabelo
132540181,Oneblade QP2530/20 com 4 Pentes - Philips,,Beleza e Perfumaria,Barbearia
112186962,Secador de Cabelos Mondial Max Travel SC-10 Bivolt,mondial,Beleza e Perfumaria,Produtos para cabelo
113174007,Secador Infinity 2500 SC-12 Preto / Vermelho  - Mondial,mondial,Beleza e Perfumaria,Aparelhos elétricos para cabelo
112941067,Aparador de Pelos Philips Multigroom Series 3000 QG3340/16 com Acessórios,philips,Beleza e Perfumaria,Barbearia
124709011,Perfume Flower In the Air Kenzo Feminino - 100ml,kenzo,Beleza e Perfumaria,Perfumaria
23954092,Lixa Elétrica Pé Esfoliador Calosidades Pedicure Portátil,,Beleza e Perfumaria,Artigos de Salão de Beleza
16062770,Prancha Chapinha Nano Titanium 450 °F,,Beleza e Perfumaria,Cabelo
21777804,Escova Secadora Elétrica e Alisadora Styler,,Beleza e Perfumaria,Cabelo
18913368,Chapinha Prancha Profissional Nano Titanium 1 1/4 Até 450ºF - Bivolt,,Beleza e Perfumaria,Cabelo
19720727,Perfume Light Blue Feminino Eau De Toilette 100ml  Dolce Gabbana,,Beleza e Perfumaria,Perfumaria
112186989,Secador de Cabelos Mondial Style SC-11,mondial,Beleza e Perfumaria,Aparelhos elétricos para cabelo
111624490,Aparador de Pelos Philips BG2024/15 Seco & Molhado Bivolt,philips,Beleza e Perfumaria,Barbearia
132764723,Prancha Philco Titanium Fashion N Bivolt,,Beleza e Perfumaria,Aparelhos elétricos para cabelo
25792962,Máquina De Corte 110v Magic Prata/vermelha Wahl + Gel Roger,,Beleza e Perfumaria,Barbearia
122958719,Tratamento Aussie Moist 3 Minutes Miracle 236ml,aussie,Beleza e Perfumaria,Produtos para cabelo
25793422,Kit Prancha Chapinha Nano Titanium 450 °F e Modelador De Cachos Nano Titanium,,Beleza e Perfumaria,Cabelo
5710794,Perfume Euphoria Masculino Eau de Toilette 100 ml- Calvin Klein,calvin klein,Beleza e Perfumaria,Perfumaria
23277475,Prancha Escova Removedora De Pontas Duplas Fasiz Split Corte,,Beleza e Perfumaria,Barbearia
119829650,Aparador de Barba Philips QT4000/15 Bateria Recarregável,philips,Beleza e Perfumaria,Barbearia
27111041,Kit Chapinha Bivolt + Escova Secadora 110v + Modelador De Cachos Bivolt,,Beleza e Perfumaria,Cabelo
15559038,Kit De Sombras Maquiagem Maleta Profissional 77 Cores,,Beleza e Perfumaria,Maquiagem
29583937,Felps Profissional - Óleo de Marula 50ml,,Beleza e Perfumaria,Produtos para cabelo
23611988,Chapinha Nano Titanium Profissional Ate 450°F - Bivolt - Azul,,Beleza e Perfumaria,Cabelo
122055835,Prancha de Cabelo Britânia Tourmaline Aqua Bivolt Roxo e prata,britania,Beleza e Perfumaria,Aparelhos elétricos para cabelo
125264608,Barbeador Elétrico Aquatouch Série 5000 S5050/4,philips,Beleza e Perfumaria,Barbearia
28744283,Prancha Nano Titanium + Escova Mágica Alisadora ( Cores Sortidas),,Beleza e Perfumaria,Cabelo
14027973,The Original Thick  Curly Tangle Teezer - Escova Para Os Cabelos,,Beleza e Perfumaria,Cabelo
129591770,Máquina de Cortar Cabelo Wahl Clipper Corded Clipper  Bivolt com Fio,,Beleza e Perfumaria,Barbearia
12981976,Máscara Lanza Healing Moisture Moi Moi Hair Masque 200ml,,Beleza e Perfumaria,Cabelo
111825515,Escova Rotativa Ceramic Spin Ion Brush - Philco,philco,Beleza e Perfumaria,Aparelhos elétricos para cabelo
111586438,Depilador Elétrico Philips Satinelle HP6403/30,philips,Beleza e Perfumaria,Depilação
119371001,Kit Aparador de Pelos Philips Multigroom QG3339/15 Bateria Recarregável 12W,philips,Beleza e Perfumaria,Barbearia
113173979,Escova Rotativa Tourmaline Infinity Ion ER-03 - Mondial,mondial,Beleza e Perfumaria,Aparelhos elétricos para cabelo
23009692,Prancha BabyLiss Pro Nano Titanium 1 1/4 + Oleo de Argan 8ml,,Beleza e Perfumaria,Cabelo
23095324,Cortador De Cabelo Profissional Cobreo 2000 Cab800-127 - Cadence,,Beleza e Perfumaria,Barbearia
25793525,Escova Secadora Alisadora Almofadada Hair Dryer Com Cabo Giratório 360º,,Beleza e Perfumaria,Aparelhos elétricos para cabelo
7322294,Perfume CK Be Eau de Toilette 100ml - Calvin Klein,calvin klein,Beleza e Perfumaria,Perfumaria
26977450,Cabelo Humano Natural 65cm 100g,,Beleza e Perfumaria,Produtos para cabelo
16779420,Pure Focus Fluide Hydratant Lancôme - Hidratante,,Beleza e Perfumaria,Tratamento de Pele
23281472,Joico Moisture Recovery Treatment Balm Máscara Hidratante 500 Ml,,Beleza e Perfumaria,Cabelo
16784419,Máquina De Corte 127v Magic Prata/Vermelha Wahl,,Beleza e Perfumaria,Cabelo
18579526,Base Dermacol Embalagem De 4 Gramas Fracionada Cor 223,,Beleza e Perfumaria,Maquiagem
25066192,Escova Rotativa Real Beauty Pro 1000w 4 Em 1 Seca Escova Alisa E Modela Bivolt Cadence,,Beleza e Perfumaria,Aparelhos elétricos para cabelo
113174111,Modelador de Cachos Spiral Infinity EM-05 Mondial Preto e Vermelho,mondial,Beleza e Perfumaria,Cabelo
126825753,Máscara de Cílios Maybelline The Falsies Efeito Cílios Postiços Super Filme,maybelline,Beleza e Perfumaria,Maquiagem
7937113,Keune Água Oxigenada Tinta Cream Developer 1 L 20 vol,,Beleza e Perfumaria,Cabelo
6563012,Perfume CKin2u Feminino de Toilette 100 ml - Calvin Klein,calvin klein,Beleza e Perfumaria,Perfumaria
113174082,Cortador de Cabelos Mondial Classic Pro CR-03,mondial,Beleza e Perfumaria,Barbearia
16856864,Chapinha Nano Titanium Profissional Ate 450°f - BIVOLT - Rosa,,Beleza e Perfumaria,Cabelo
7494878,Barbeador Philips AquaTouch Plus AT891/14,philips,Beleza e Perfumaria,Barbearia
11667582,Maquina De Corte Super Taper Branca/Preta 110v Wahl,,Beleza e Perfumaria,Cabelo
28010069,kit 01 completo acrigel com Lixa elétrica e Cabine de secagem 32w,,Beleza e Perfumaria,Unha
7142086,Secador de Cabelo Taiff Black 2 temperaturas e 2 velocidades Preto - 1700W,taiff,Beleza e Perfumaria,Cabelo
17920588,Felps Escova Progressiva Botox De Quiabo - 2x1000ml,,Beleza e Perfumaria,Cabelo
23111043,Eliminadora E Removedora De Pontas Duplas - Preto,,Beleza e Perfumaria,Barbearia
13545198,Escova Progressiva Zap Protelife  2x1 Litro,,Beleza e Perfumaria,Cabelo
14108408,Secador De Cabelo Profissional Taiff Rs5  1900w - Preto - 127v,,Beleza e Perfumaria,Cabelo
9417934,Depilador Santinelle Hp6419/30 Bivolt Branco E Rosa Philips,,Beleza e Perfumaria,Depilação
7842651,K.Pro Caviar Color Shampoo 240ml,,Beleza e Perfumaria,Banho
7503466,Secador de Cabelo Taiff Tourmaline Ion Cerâmica Preto - 2000W,taiff,Beleza e Perfumaria,Cabelo
18356023,Kit Escova Progressiva Maria Escandalosa + Botox White 1 Kg,,Beleza e Perfumaria,Cabelo
120391958,Prancha à Vapor Mondial Maxi Steam PRO - Bivolt,mondial,Beleza e Perfumaria,Aparelhos elétricos para cabelo
25457429,Secador De Cabelos Taiff Fox Íon S 2100w 110v,,Beleza e Perfumaria,Aparelhos elétricos para cabelo
12999931,Portier Fine Escova Progressiva (2 x 1 litro),,Beleza e Perfumaria,Cabelo
124950542,Prancha de Cabelo Mallory Diamond Red Bivolt Vermelho Perolizado  - 30W,mallory,Beleza e Perfumaria,Aparelhos elétricos para cabelo
20021472,Prancha / Chapa BABYLISS PRO Nano Titanium 1 1/4 - By ROGER,,Beleza e Perfumaria,Cabelo
19555924,Nick  Vick Pro-Hair Loiros Iluminados Kit (2 Produtos),,Beleza e Perfumaria,Cabelo
24505801,Risqué - Kit Com 3 Esmaltes Mulher Maravilha Diana - 3x8ml,,Beleza e Perfumaria,Unha
21458113,Keune Coloração Permanente 7.00 Plus 60ml - Keune,,Beleza e Perfumaria,Banho
19454288,Hair Skin  Nails Femme - Cápsula Da Beleza - Kit Com 270 Cápsulas - Maxinutri,,Beleza e Perfumaria,Tratamento de Pele
132540164,Oneblade QP2522/10 com 2 Pentes e Lâmina Extra - Philips,,Beleza e Perfumaria,Barbearia
24873391,Kit Nano Titanium + Escova Secadora Alisadora,,Beleza e Perfumaria,Aparelhos elétricos para cabelo
27452389,Máquina Aparador E Depilador De Pelos Do Nariz Orelha Ouvido,,Beleza e Perfumaria,Barbearia
122243908,Barbeador Philips MG1100/16 Multigroom 2 em 1 à Prova D'Água,philips,Beleza e Perfumaria,Barbearia
27103536,Pincel Maquiagem Pinceis Diamante Unicórnio Kit 7,,Beleza e Perfumaria,Maquiagem
30057532,perfume masculino,,Beleza e Perfumaria,Perfumaria
128766110,Creme Ageless Instantly Efeito Cinderela Botox Mágico - 10 Unidades,,Beleza e Perfumaria,Cuidados Pessoais
402437,Secador Gloss 1800W - Taiff,taiff,Beleza e Perfumaria,Cabelo
20792990,"Kit Loreal Absolut Repair Cortex Lipidium Shampoo 1,5 L + Condicionador 1,5 L + 2 Válvulas De Brinde",,Beleza e Perfumaria,Banho
26899430,Kit Completo Profissional Para Tratamento De Cabelos Cacheados 5 Peças Mutari,,Beleza e Perfumaria,Produtos para cabelo
29717796,Colônia Desodorante Masculina Exclusive in Blue 100ml,,Beleza e Perfumaria,Perfumaria
27883433,Kit Victoria's Secret Vanilla Lace Creme Hidratante 236ml + Body Splash 250ml,,Beleza e Perfumaria,Perfumaria
115158094,Perfume Britney Spears Fantasy Feminino Eau de Parfum 100ml,britney spears,Beleza e Perfumaria,Perfumaria
23222221,Perfume Eternity Feminino Eau De Parfum 100ml - Calvin Klein,,Beleza e Perfumaria,Perfumaria
18579550,Base Dermacol Embalagem De 4 Gramas Fracionada Cor 211,,Beleza e Perfumaria,Maquiagem
26893450,Anti-traspirante Driclor Roll-on (75ml),,Beleza e Perfumaria,Cuidados Pessoais
14117385,Prancha Chapinha Babyliss Nano Titanium 1 1/4 Original By Roger,,Beleza e Perfumaria,Cabelo
7330646,Perfume Lapidus Eau de Toillete Ted Lapidus Masculino 100ml,,Beleza e Perfumaria,Perfumaria
16660761,Aneethun Professional Pomada Style Pasta Sculp 4 Forte,,Beleza e Perfumaria,Cabelo
18928000,212 Seductive Body Spray Masculino,,Beleza e Perfumaria,Perfumaria
7331461,Perfume Boss In Motion Masculino Eau de Toilette 90ml - Hugo Boss,,Beleza e Perfumaria,Perfumaria
121004593,Depilador a Luz Pulsada Philips Lumea Precision SC2003/00,philips,Beleza e Perfumaria,Depilação
19190762,Escova Elétrica Alisadora Easy Brush Philco - | Bivolt,,Beleza e Perfumaria,Cabelo
312394,Euphoria Eau de Parfum Feminino 100ml - Calvin Klein,calvin klein,Beleza e Perfumaria,Perfumaria
24798466,Perfume Lovely Eau De Parfum Sarah Jessica Parker 100 ml,,Beleza e Perfumaria,Perfumaria
24840395,"Kit Dermaroller 0.50mm + 3 Serum (colageno, Vitamina C E Ácido Hyaluronic)",,Beleza e Perfumaria,Cuidados Pessoais
122243924,Aparador de Pelos Philips Bodygroom BG1025/15 à Prova d'água,philips,Beleza e Perfumaria,Barbearia
25509723,Depilador Comfort Rosa Bivolt 54603000 - Philco,,Beleza e Perfumaria,Depilação
18596056,Chapinha Prancha Profissional Nano Titanium 1 1/4 Até 450ºF - Bivolt,,Beleza e Perfumaria,Cabelo
29718348,L'Oréal Professionnel Force Relax Nutri-Control - Máscara 500g + Ampola L'Oréal 10ml,,Beleza e Perfumaria,Produtos para cabelo
11366740,Inoar Doctor Máscara De Reconstrução 450g,,Beleza e Perfumaria,Cabelo
130827364,Escova Rotativa Ceramic Íon 1200 Er-05 - Mondial,mondial,Beleza e Perfumaria,Aparelhos elétricos para cabelo
12571618,Portier Cacao Escova Progressiva 2x1000ml,,Beleza e Perfumaria,Cabelo
9716845,Kérastase Nutritive Bain Satin 1 - Shampoo 1 Litro,,Beleza e Perfumaria,Banho
24798461,Perfume Black For Men Caviar Collection 100 Ml - Paris Elysees,,Beleza e Perfumaria,Perfumaria
15650162,Lola Máscara Tonalizante Moulin Rouge - 230g,,Beleza e Perfumaria,Cabelo
7328501,Perfume Ferrari Black Masculino Eau de Toilette 125ml,ferrari,Beleza e Perfumaria,Perfumaria
361356,Chapinha (prancha) GA.MA Italy Ceramic Infrared,ga.ma italy,Beleza e Perfumaria,Cabelo
27698077,Perfume Feminino Marina De Bourbon Classique Eau de Parfum 100ml,,Beleza e Perfumaria,Perfumaria
25572594,Ada Tina Novo Pure C 20 Vitamina C Em Mousse,,Beleza e Perfumaria,Dermocosméticos
132165051,Secador de Cabelo Philco PH3700 Golden Star - 2000W,,Beleza e Perfumaria,Aparelhos elétricos para cabelo
21116688,Catharine Hill Face Powder - Pó Facial Fixador - Pálido - Cód. 2205/3,,Beleza e Perfumaria,Maquiagem
122391610,Pedicuro Salon Line Preto,salon line,Beleza e Perfumaria,Cuidados Pessoais
26393245,Kit 1 Touca Anti Frizz + 2 Fronhas De Cetim 50x70 Preta,,Beleza e Perfumaria,Cuidados Pessoais
128860721,Depilador Elétrico Philips Satinelle HP6423/31 Bivolt,philips,Beleza e Perfumaria,Depilação
20794233,Super Stay 24h Maybelline - Batom,,Beleza e Perfumaria,Maquiagem
18906898,Forever Liss - Force Repair Kit Shampoo E Condicionador 1l Cada,,Beleza e Perfumaria,Cabelo
243763,Perfume CK Be Eau de Toilette 50ml - Calvin Klein,calvin klein,Beleza e Perfumaria,Perfumaria
26689185,Máquina De Remover Cravos Spotcleaner Facial Pore Cleanser,,Beleza e Perfumaria,Cuidados Pessoais
21906729,Modelador De Cachos Nano Titanium Cacheador Bivolt Azul,,Beleza e Perfumaria,Cabelo
20671555,Progressiva Sem Formol Passo Unico Let Me Be 1000ml Prosalon,,Beleza e Perfumaria,Cabelo
7328674,Perfume Cool Water Masculino Eau de Toilette 125ml - Davidoff,davidoff,Beleza e Perfumaria,Perfumaria
5057659,Chapinha ( prancha) Taiff Alisadora Red Íon - Bivolt,taiff,Beleza e Perfumaria,Cabelo
18547420,Kit Prancha Chapinha E Modelador De Cachos Cabelo Profissional Baby Liss 230ºC,,Beleza e Perfumaria,Cabelo
120743669,Máquina de Cortar Cabelo Philips HC3410/15 Bivolt,philips,Beleza e Perfumaria,Barbearia
27705271,Escova E Chapinha Alisadora Rotativa 2 Em 1 Ionic Styler,,Beleza e Perfumaria,Aparelhos elétricos para cabelo
121460193,Esfoliador Eletrônico para os Pés Amopé Pedi Perfect,amope,Beleza e Perfumaria,Cuidados Pessoais
7330155,Perfume Polo Masculino Eau de Toilette  59ml - Ralph Lauren,,Beleza e Perfumaria,Perfumaria
132168657,Secador de Cabelo Philco PH3600 Colors - 2000W,,Beleza e Perfumaria,Aparelhos elétricos para cabelo
12340906,Classic Gold Eau De Toilette Jaguar - Perfume Masculino,,Beleza e Perfumaria,Perfumaria
7142197,Secador de Cabelos SP3100N - Preto - Britânia,britania,Beleza e Perfumaria,Cabelo
21512140,Luminus Hair - Tratamento 180 Dias,,Beleza e Perfumaria,Cabelo
8034475,"Lâmina Para Barbeadores, A Prova Dágua - Philips Hq8",,Beleza e Perfumaria,Barbearia
121758248,Protetor Solar Neutrogena Sun Fresh FPS 50 200ml,neutrogena,Beleza e Perfumaria,Proteção solar
15059337,Hair Skin E Nails Femme 500mg - 90 Cápsulas - Maxinutri,,Beleza e Perfumaria,Tratamento de Pele
378878,Chapinha (prancha) Taiff Cerâmica Bivolt,taiff,Beleza e Perfumaria,Cabelo
18556039,Spray Bff Das Mechas Comigo Ninguém Pode 230ml - Lola Cosmetics,,Beleza e Perfumaria,Cabelo
28727435,"Máscara de Gel para os Olhos - Anti Olheiras, Bolsas e Edemas Relaxante",,Beleza e Perfumaria,Cuidados Pessoais
20572258,Split Ender Removedor De Pontas Duplas Cabelo Alisador Fasiz,,Beleza e Perfumaria,Cabelo
307119,Perfume Calvin Klein CK Be Unissex Eau de Toilette 200ml,calvin klein,Beleza e Perfumaria,Perfumaria
114426368,Perfume Silver Scent Masculino Eau de Toilette 100ml Jacques Bogart,jacques bogart,Beleza e Perfumaria,Perfumaria
19672700,Yenzah Amo Sol Praia Spray 120ml,,Beleza e Perfumaria,Cabelo
7933959,Shampoo Hidratante Lanza Healing Moisture 300ml,,Beleza e Perfumaria,Banho
23657218,Kit Com 12 Pinceis Pincel Maquiagem E Necessaire Macrilan Estampas Diversas,,Beleza e Perfumaria,Maquiagem
9465622,Revlon Uniq One All In One Hair Treatment Leave-In - 150ml,,Beleza e Perfumaria,Cabelo
8098797,Leau Dissey Pour Homme Sport Eau De Toilette Issey Miyake - Perfume Masculino 50ml,,Beleza e Perfumaria,Perfumaria
130788465,Escova Soft Brush 127v - Philco,,Beleza e Perfumaria,Cabelo
11949485,Loreal Professionnel Absolut Repair Cortex Lipidium - Máscara de Tratamento 500ml,,Beleza e Perfumaria,Cabelo
108322503,Secador Tourmaline Lizz Íon 2000W,lizz,Beleza e Perfumaria,Aparelhos elétricos para cabelo
26545946,Kit Ykas Escova Progressiva Rubi 3 X 1 Litro,,Beleza e Perfumaria,Produtos para cabelo
18227951,Carolina Herrera 212 Nyc Seductive Masculino - Body Spray 250ml,,Beleza e Perfumaria,Perfumaria
7342228,Cortador de Cabelos Hair Stylo CR-02 - Mondial,mondial,Beleza e Perfumaria,Cabelo
18445035,Kit S.O.S Bomba De Vitaminas Shampoo Condicionador E Máscara - Salon Line,,Beleza e Perfumaria,Cabelo
10604791,Barbeador E Aparador De Barba Panasonic Er 389k Bivolt - Máquina De Acabamento,,Beleza e Perfumaria,Barbearia
11545762,Platinium Wood Eau De Parfum Arsenal - Perfume Masculino 100ml,,Beleza e Perfumaria,Perfumaria
15899826,Babyliss Pro Prancha Nano Titanium - 1/ 4 Babnt2091t - 110v By Roger - Fab Babyliss Pro,,Beleza e Perfumaria,Cabelo
112941526,Máquina de Cortar Cabelo + Aparador Wahl Clipper Deluxe Home Pro com 10 Pentes,wahl,Beleza e Perfumaria,Barbearia
28549139,Escova Progressiva Blue Gold Salvatore - Sem formol 2x500ml,,Beleza e Perfumaria,Produtos para cabelo
11300035,Serum Blemish  Age Defense Skinceuticals 30ml,,Beleza e Perfumaria,Dermocosméticos
126654755,Barbeador Philco Aqua Blue Bivolt,philco,Beleza e Perfumaria,Barbearia
128103666,Máquina de Cortar Cabelo Color Code - Wahl Clipper,wahl,Beleza e Perfumaria,Barbearia
16143157,Modelador Cônico Animal Print Porcelain Babyliss Pro Pink 32mm - 110v,,Beleza e Perfumaria,Cabelo
122243887,Aparador de Pelos Philips BikiniGenie BRT383/15 Seco ou Molhado,philips,Beleza e Perfumaria,Depilação
26734589,Nova Escova Mágica Alisadora Com Lcd Digital - Cerâmica - 110v,,Beleza e Perfumaria,Cabelo
11260933,Lola Cosmetics Curly Wurly Pudding - Creme Para Pentear,,Beleza e Perfumaria,Cabelo
19231668,Latika Lip Matte Vermelho Nº 22 - Batom Líquido 4ml,,Beleza e Perfumaria,Maquiagem
14820929,Modelador De Cachos Hair Styler Conair Polishop,,Beleza e Perfumaria,Cabelo
13424271,Escova Rotating Air Brush Titanium Conair,,Beleza e Perfumaria,Cabelo
8213543,Perfume Made To Measure Edt Masculino 50ml Gucci P,,Beleza e Perfumaria,Perfumaria
27857882,Perfume CK One Calvin Klein Unissex 200ml,,Beleza e Perfumaria,Perfumaria
15650025,Lola Comigo Ninguém Pode Leave-In Spray Bff Das Mechas - 230ml,,Beleza e Perfumaria,Cabelo
8597147,Silicon Mix Tratamento Intensivo 1.020g,,Beleza e Perfumaria,Cabelo
6716901,Tratamento Endurecedor Mavala Scientifique 5ml - Mavala,,Beleza e Perfumaria,Unha
29458316,Kit Gillette Venus Divine com 1 Aparelho + 2 Cargas com 2 Unidades Cada,,Beleza e Perfumaria,Barbearia
9835044,Loreal Absolut Repair Pós Química Selador Multi-Reconstrutor 150ml,,Beleza e Perfumaria,Cabelo
30487512,Loreal Absolut Repair Cortex Lipidium Instant Reconstructing Masque - Máscara 500ml,,Beleza e Perfumaria,Produtos para cabelo
10762092,Intensy Color Gold Blond Matizador - 500ml,,Beleza e Perfumaria,Cabelo
121171666,Perfume Beauty Lonkoom Feminino 100ml,lonkoom,Beleza e Perfumaria,Perfumaria
24362145,Lâmina de Reposição Para Barbeador Bodygroom Philips,,Beleza e Perfumaria,Barbearia
24352752,Aussie 3 Minute Miracle Smooth – Kit De Máscara De Hidratação,,Beleza e Perfumaria,Cabelo
18579534,Lapis Chanfrado Para Sobrancelha Retratil Luisance - L857-M,,Beleza e Perfumaria,Maquiagem
113027331,Aparador e Cortador de Pelos Multigroom 7 Em 1 - Philco,philco,Beleza e Perfumaria,Barbearia
122055907,Secador de Cabelo Philco Beauty Style 2 Velocidades Preto - 1900W,philco,Beleza e Perfumaria,Aparelhos elétricos para cabelo
112941606,Máquina de Corte Home Cut Wahl Vermelha e Preta,wahl,Beleza e Perfumaria,Barbearia
116109083,Chapa Taiff Titanium 450 Colors Rosa,taiff,Beleza e Perfumaria,Aparelhos elétricos para cabelo
113451107,Coffret UDV Black Masculino Eau de Toilette 100ml e Desodorante 150ml,,Beleza e Perfumaria,Perfumaria
11568815,Billion Eau De Toilette Paris Elysees - Perfume Masculino 100ml,,Beleza e Perfumaria,Perfumaria
14377744,Lola Moulin Rouge Máscara Hidratante Tonalizante Temporária Para Cabelos Vermelhos 230g,,Beleza e Perfumaria,Cabelo
19895685,Kit 10 Pinceis Para Maquiagem Kabuki Preto Com Dourado,,Beleza e Perfumaria,Maquiagem
116336180,Perfume Paco Rabanne Invictus Masculino Eau de Toilette 100ml,paco rabanne,Beleza e Perfumaria,Perfumaria
131981646,Kit Travel Shine Bivolt Secador + Prancha - Philco,philco,Beleza e Perfumaria,Aparelhos elétricos para cabelo
19067047,Escova Progressiva Sem Formol Kerasoft Itallian Hairtech,,Beleza e Perfumaria,Cabelo
116109032,Secador Taiff Titanium Colors 2100W Rosa com maleta exclusiva - Taiff,taiff,Beleza e Perfumaria,Aparelhos elétricos para cabelo
21259046,Kit Tesouras Cabeleireiro Fio Navalha 5.5 + Desfiadeira 5.5,,Beleza e Perfumaria,Cabelo
12839818,Máscara Reparadora Moroccanoil Restorative Hair Mask 500ml,,Beleza e Perfumaria,Cabelo
27272581,"Kit Matizador Shine Blond L'oréal Professionnel - Shampoo, Condicionador E Máscara",,Beleza e Perfumaria,Produtos para cabelo
128834696,Secador Cabelos Ph3700 Pink  - Philco,philco,Beleza e Perfumaria,Aparelhos elétricos para cabelo
12534351,"Loreal Professionnel Absolut Repair Lipidium Kit Shampoo 1,5l + Condicionador 1,5l",,Beleza e Perfumaria,Banho
27174876,Perfume Amarige Feminino Eau De Toilette 100ml - Givenchy,,Beleza e Perfumaria,Perfumaria
15783226,Barbeador Portatil Multifuncional 3w,,Beleza e Perfumaria,Barbearia
132165085,Secador de Cabelo Philco PH3500 Branco - 2000W,,Beleza e Perfumaria,Aparelhos elétricos para cabelo
8231754,Lanza Moisture Moi Moi Hair - Máscara 200ml,,Beleza e Perfumaria,Cabelo
11810973,Calvin Klein Ck One Unissex Eau De Toilette - 100ml,,Beleza e Perfumaria,Perfumaria
16614609,Depilador Pessoal - Aparador De Pêlos - Igual Ao Da Tv,,Beleza e Perfumaria,Depilação
128765096,Creme Ageless Instantly Efeito Cinderela Botox Mágico - 15 Unidades,,Beleza e Perfumaria,Cuidados Pessoais
114426384,Perfume Silver Scent Intense Masculino Eau de Toilette 100ml Jacques Bogart,jacques bogart,Beleza e Perfumaria,Perfumaria
26005431,Máquina Acabamento Andis Slimline Pro Li Bivolt,,Beleza e Perfumaria,Barbearia
7330154,JOOP! Masculino Eau De Toilette 125 ML,joop!,Beleza e Perfumaria,Perfumaria
11561633,Billion Woman Love Eau De Toilette Paris Elysees - Perfume Feminino 100ml,,Beleza e Perfumaria,Perfumaria
11469570,G. Hair Escova Progressiva Alemã Kit 3x1000ml - Fórmula Inoar,,Beleza e Perfumaria,Cabelo
8211959,Perfume Omnia Crystalline Edt Feminino 65ml Bulgari,,Beleza e Perfumaria,Perfumaria
15109714,Lupa 75mm 4x Csr,,Beleza e Perfumaria,Unha
118961974,Escova Modeladora Mondial Infinity Chrome EM-06,mondial,Beleza e Perfumaria,Cabelo
20769041,Tratamento Para Unhas Fracas - La Beauté,,Beleza e Perfumaria,Unha
17841702,Btx Platinum Plancton – Redução De Volume Sem Formol - 1 Kg,,Beleza e Perfumaria,Cabelo
125032145,Modelador Automático Modellare 360º Bivolt - Cadence,cadence,Beleza e Perfumaria,Cabelo
27104162,Kit 06 Pinceis De Maquiagem Sereia Calda De Peixe,,Beleza e Perfumaria,Maquiagem
27008378,Kit Sheer Blonde Go Blonder Lightening John Frieda Shampoo + Condicionador,,Beleza e Perfumaria,Produtos para cabelo
22235940,Kit For Beauty Btox Max Illumination E Btox Platinum 2x250g,,Beleza e Perfumaria,Cabelo
24774902,Perfume Issey Miyake L'eau D'issey 125ml Eau De Toilette Masculino,,Beleza e Perfumaria,Perfumaria
11616021,Normalize Matte Fps 25 Ada Tina - Protetor Solar 50ml,,Beleza e Perfumaria,Dermocosméticos
27100327,Detra Kit Escova Progressiva Plastic Liss 1litro - Sem Formol,,Beleza e Perfumaria,Produtos para cabelo
25978174,Ulric De Varens Udv For Men - Desodorante Em Spray Masculino 200ml,,Beleza e Perfumaria,Cuidados Pessoais
22489917,Truss Net Mask 450 Gr,,Beleza e Perfumaria,Cabelo
9526673,Felps Btox Massa - Óleo De Argan E Macadâmia - 500g,,Beleza e Perfumaria,Cabelo
15650067,Felps Xmix Shampoo Antirresíduo - 300ml,,Beleza e Perfumaria,Banho
19803152,Inoar Vegan Máscara Multiuso Vegana 500g,,Beleza e Perfumaria,Cabelo
11620869,Billion Casino Royal Eau De Toilette Paris Elysees - Perfume Masculino 100ml,,Beleza e Perfumaria,Perfumaria
25717781,Escova Progressiva Blindagem 3d Plancton 2x1 Litro,,Beleza e Perfumaria,Produtos para cabelo
132571227,Oneblade com 2 Pentes QP2521 - Philips,,Beleza e Perfumaria,Barbearia
18356029,Kit Escova Progressiva Zap Professional + Botox Capilar Ztox + Máscara Selante Banho De Verniz 950g,,Beleza e Perfumaria,Cabelo
19895756,Navalha Navalhete De Barbeiro Acabamento E Barba,,Beleza e Perfumaria,Barbearia
16701226,Pente U De Madeira Usebarba,,Beleza e Perfumaria,Cabelo
14224576,Óleo De Barba 50ml - Cia Da Barba,,Beleza e Perfumaria,Barbearia
14307117,Kit Plástica Dos Fios - Selagem Termica Cadiveu (3x1 L),,Beleza e Perfumaria,Cabelo
19230739,G.Hair B-Tox Reposição De Massa E Reconstrução - Máscara 500g,,Beleza e Perfumaria,Cabelo
7323010,212 Vip Feminino Eau de Parfum 30ml - Carolina Herrera,,Beleza e Perfumaria,Perfumaria
306127,Perfume Tresor Feminino Eau de Parfum 50ml,,Beleza e Perfumaria,Perfumaria
16856865,Chapinha Nano Titanium  Profissional Ate 450°F - Bivolt - Azul,,Beleza e Perfumaria,Cabelo
12087069,L´Oréal Professionnel Nutri Control Force Relax - Shampoo 300ml,,Beleza e Perfumaria,Cabelo
15099499,Cabine Estufa Secador De Esmalte E Unhas Em Gel Com Carregador Usb Ou Pilhas,,Beleza e Perfumaria,Unha
9424651,Rifeng Máquina De Corte E Acabamento Recarregável Bivolt,,Beleza e Perfumaria,Cabelo
117269249,Lápis Para Sobrancelhas Universal Vult,vult,Beleza e Perfumaria,Maquiagem
16097161,Esmalte Colorama Marrom Mutante Cremoso - 8ml,,Beleza e Perfumaria,Unha
9724245,L´Oréal Professionnel X-Tenso Moisturist Fixador Neutralizante 120ml,,Beleza e Perfumaria,Cabelo
20575755,Kérastase Specifique Shampoo Bain Anti-Pelliculaire Anticaspa 250ml,,Beleza e Perfumaria,Banho
11330034,Pente De Madeira Duplo S_B Para Barba E Bigode,,Beleza e Perfumaria,Cabelo
340445,Perfume Udv Masculino Eau De Toilette 100ml - Ulric De Varens,ulric de varens,Beleza e Perfumaria,Perfumaria
26371999,Paleta De Base Corretivos 15 Cores Maquiagem Profissional,,Beleza e Perfumaria,Maquiagem
128833159,Escova Alisadora Mondial Ea-01 Vermelha - Bivolt,mondial,Beleza e Perfumaria,Aparelhos elétricos para cabelo
10734293,Revlon Professional Uniq One Coconut - Leave-In 150ml,,Beleza e Perfumaria,Cabelo
18500652,Escova Progressiva G-Hair Alemã Perfect Blond 3x250ml,,Beleza e Perfumaria,Cabelo
24787249,Bvlgari Man Black Cologne Eau De Toilette Masculino,,Beleza e Perfumaria,Perfumaria
27099426,Escova Elétrica Alisadora Easy Brush Philco Premium,,Beleza e Perfumaria,Aparelhos elétricos para cabelo
23103673,Color System Po Descolorante 300 Gr - Inoar,,Beleza e Perfumaria,Cabelo
19117767,Mavala Nail Shield - Fortificante Mavala 2x10ml,,Beleza e Perfumaria,Unha
110772474,Máquina de corte e acabamento GA.MA Italy GC 616 Bivolt,,Beleza e Perfumaria,Barbearia
27142087,Escova Progressiva Fox Gloss 2x1 Litro – Original,,Beleza e Perfumaria,Produtos para cabelo
116923261,Aparelho de Barbear Gillette Proglide Styler,gillette,Beleza e Perfumaria,Barbearia
13433887,Vichy Dermablend Base Corretiva Para Imperfeições Cutâneas Nº15 Opal Fps35 30ml,,Beleza e Perfumaria,Maquiagem
112774887,Máquina GCX 621 Bivolt - Ga.Ma Italy,ga.ma italy,Beleza e Perfumaria,Barbearia
18213315,Lowell Keeping Liss Action Plus Escova Progressiva (2 Produtos),,Beleza e Perfumaria,Cabelo
14055315,Spray De Ar Comprimido Dust Off Para Limpeza E Manutenção De Câmeras 109ml - Falcon Ac-Jr,,Beleza e Perfumaria,Cabelo
7331108,Amarige Eau de Toilette Feminino 100ml - Givenchy,,Beleza e Perfumaria,Perfumaria
129591796,Máquina de Cortar Cabelo Wahl Home Cut Basic,wahl,Beleza e Perfumaria,Barbearia
17039884,Protetor Solar Anthelios Xl Protect Fps 70 200 Ml,,Beleza e Perfumaria,Tratamento de Pele
11653252,Prancha Wide Eleganza Infinity One - Bivolt - Gama Italy,,Beleza e Perfumaria,Cabelo
25621335,Gk Hair Shampoo Limpeza Profunda Juvexin The Best Hair 1000ml,,Beleza e Perfumaria,Produtos para cabelo
21821146,Escova Progressiva 2 X 1l - Maria Escandalosa,,Beleza e Perfumaria,Cabelo
11466299,Leau For Her Eau De Toilette Narciso Rodriguez - Perfume Feminino 100ml,,Beleza e Perfumaria,Perfumaria
25213829,Antitranspirante Odaban Spray 30ml,,Beleza e Perfumaria,Cuidados Pessoais
17777657,Carga Gillette Mach3 Leve 8 Pague 6,,Beleza e Perfumaria,Barbearia
14390357,Perfume Feminino La Vie Est Belle Florale Lancome Eau De Toilette  50ml,,Beleza e Perfumaria,Perfumaria
28771217,Kit Mutari Everyday Coconut - 05 Produtos,,Beleza e Perfumaria,Cabelo
15997981,1ka Escova Progressiva Inteligente 2x1000ml - Fab 1ka Cosméticos,,Beleza e Perfumaria,Cabelo
24048564,Óleo Danger Barba Forte 30ml,,Beleza e Perfumaria,Barbearia
17857602,Tracta Blush Hd Ultra Fino,,Beleza e Perfumaria,Maquiagem
14821149,Depilador Satinelle Advanced Philips - Bivolt Bivolt,,Beleza e Perfumaria,Depilação
10384450,Chapa Profissional Vulcan 250ºC Bivolt - Taiff,,Beleza e Perfumaria,Cabelo
29556747,Modelador De Cachos Nano Titanium Cacheador Bivolt Azul,,Beleza e Perfumaria,Cabelo
19231562,Inoar Doctor Tripla Ação Kit (3 Produtos),,Beleza e Perfumaria,Cabelo
8098603,Shampoo Antiqueda Energizante Vichy Dercos - 200ml,,Beleza e Perfumaria,Banho
22034175,Kit Escova Sem Formol Passo Único Let Me Be Biorestore 1kg,,Beleza e Perfumaria,Cabelo
22543306,Kit Shampoo Silicon Mix Hidratante 236ml + Mascara Tratamento Capilar Intensivo 225g,,Beleza e Perfumaria,Banho
26553672,Batom Matte I Love Make Up Professional Paris,,Beleza e Perfumaria,Maquiagem
10608069,Barbeador Aqua Blue Philco 5-153-008 Bivolt- Azul,,Beleza e Perfumaria,Barbearia
23527574,Locao Pos Barba Bay Rum Cavalera 100ml,,Beleza e Perfumaria,Barbearia
18854637,Fox Gloss Escova Progressiva 2x1000ml,,Beleza e Perfumaria,Cabelo
20290256,Máquina De Corte 220v Magic Prata/Vermelha Wahl,,Beleza e Perfumaria,Cabelo
10877344,Pó Facial Hd Translúcido 9g Vult,,Beleza e Perfumaria,Maquiagem
17480089,Botox Capilar - Btox Capilar Argan Oil 1kg - Forever Liss,,Beleza e Perfumaria,Cabelo
7431179,Perfume Beauty Feminino Eau de Parfum 100ml - Calvin Klein,,Beleza e Perfumaria,Perfumaria
21508429,Máscara De Hidratação Pós Progressiva Liso Absoluto 250g Haskell,,Beleza e Perfumaria,Cabelo
352748,Secador Taiff Fox Íon Prata 2000W,taiff,Beleza e Perfumaria,Cabelo
16022206,Salvatore Escova Progressiva Blue Gold Sem Formol 2x500ml - Fab Salvatore Cosméticos,,Beleza e Perfumaria,Cabelo
16739306,Perfume Polo Blue 125ml Edp Masculino Ralph Lauren,,Beleza e Perfumaria,Perfumaria
15626940,Escova Modeladora E Alisadora Magica In Styler Bivolt Ionic Pro,,Beleza e Perfumaria,Cabelo
11949878,Loreal Professionnel Absolut Repair Cortex Lipidium - Shampoo 500ml,,Beleza e Perfumaria,Banho
21934934,Escova Alisadora Ga.ma Italy Innova Mini - Bivolt,,Beleza e Perfumaria,Cabelo
17480091,"Cronograma Capilar Salão Em Casa - Desmaia Cabelo, Mascara Alto Impacto E Uti - Forever Liss",,Beleza e Perfumaria,Cabelo
15219321,Perfume Dolce  Gabbana Intense Eua De Parfum Feminino 100ml,,Beleza e Perfumaria,Perfumaria
11628537,Pro-Renove Anti-Ageing Unifying Fluid Roc - Fluido De Tratamento Anti-Idade 40ml,,Beleza e Perfumaria,Dermocosméticos
14054930,Eau De Thermale Cleanance Expert Avène - Tratamento Facial,,Beleza e Perfumaria,Dermocosméticos
129654742,"Modelador Taiff Curves 1"" Bivolt",taiff,Beleza e Perfumaria,Cabelo
14983933,Aneethun Linha A Creme De Silicone Com Tutano E Queratina 250ml,,Beleza e Perfumaria,Cabelo
9957284,Lixa Eletrica De Manicure Profissional Pedicure Unha Mulher (Qz16928-A),,Beleza e Perfumaria,Unha
11671474,Wella Professionals Mini Oil Reflections Sérum 30ml,,Beleza e Perfumaria,Cabelo
6794563,Perfume One Million Masculino Eau de Toilette 100ml - Paco Rabanne,paco rabanne,Beleza e Perfumaria,Perfumaria
128845563,Prancha Gama Lumina Duo Íon Plus - Bivolt,ga.ma italy,Beleza e Perfumaria,Aparelhos elétricos para cabelo
24791327,Navalhete Umi Dourado,,Beleza e Perfumaria,Produtos para cabelo
119370826,Máquina de Cortar Cabelo Philips HC5450/80 DualCut com Lâminas de Titânio Sem Fio Bivolt,philips,Beleza e Perfumaria,Barbearia
26629713,Imecap Redutor De Medidas Emagrecedor 60 Cápsulas,,Beleza e Perfumaria,Cuidados Pessoais
10695130,Kit Manutenção Oka Argan - Salvatore,,Beleza e Perfumaria,Cabelo
20998308,Modelador De Cachos Cabelo Profissional Baby Liss 230ºC,,Beleza e Perfumaria,Cabelo
16659996,Truss Specific Equilibrio - Kit 2 Produtos (Sh.+Cond.) 300ml,,Beleza e Perfumaria,Cabelo
120188861,Barbeador Philco Shaver PBA03 Recarregável,philco,Beleza e Perfumaria,Barbearia
6716897,Gel Alongador de Cílios Double-Cils 10ml - Mavala,,Beleza e Perfumaria,Tratamento de Pele
18443325,Organizador De Maquiagem Fortune Branco E Espelho,,Beleza e Perfumaria,Maquiagem
9907778,Super Lupa De Cabeça Profissional 2 Super Leds  5 Lentes - Mg81001-H,,Beleza e Perfumaria,Unha
24574925,Kit de Máquina de Cortar Cabelo Wahl Magic Clip 220v + Wahl Detailer Bivolt,,Beleza e Perfumaria,Cabelo
22509335,Kit De Viagem Océane Trip Organizer Azul,,Beleza e Perfumaria,Perfumaria
112941083,Aparador de Pelos Philips QT4015/15 Lâminas de Titânio e Bateria Recarregável,philips,Beleza e Perfumaria,Barbearia
27923877,Chapinha Prancha Profissional Nano Titanium 1 1/4 Até 450ºf - Bivolts,,Beleza e Perfumaria,Aparelhos elétricos para cabelo
14207931,Eliminadora E Removedora De Pontas Duplas Fasiz Split End,,Beleza e Perfumaria,Cabelo
304964,Perfume Giorgio Armani Acqua di Gió Masculino Eau de Toilette 100ml,,Beleza e Perfumaria,Perfumaria
15167273,Cabine Estufa Forno Uv Para Unhas Gel Acrygel 36w 220v,,Beleza e Perfumaria,Unha
14820906,Barbeador Aquatouch Precision Philips - | Bivolt Bivolt,,Beleza e Perfumaria,Barbearia
29893745,Triskle Intensive Repair Mask Marsala 300gr,,Beleza e Perfumaria,Produtos para cabelo
22390918,Maquina Removedora De Pontas Duplas Fasiz Split Ender - Bivolt - Vermelho,,Beleza e Perfumaria,Barbearia
22456774,Juicy Couture Viva la Gold EDP Feminino,,Beleza e Perfumaria,Perfumaria
23171369,Perfume Animale Instinct Feminino Eau De Parfum 100ml  Animale,,Beleza e Perfumaria,Perfumaria
6597032,Perfume Black XS Feminino Eau de Toilette 50ml - Paco Rabanne,paco rabanne,Beleza e Perfumaria,Perfumaria
304197,Nightflight Masculino 75ml - Joop!,,Beleza e Perfumaria,Perfumaria
18358244,Kit Escova Progressiva Maria Escandalosa + Botox White + Botox Matizador Violeta 1 Kg,,Beleza e Perfumaria,Cabelo
11543779,Blue Spirit Eau De Toilette Paris Elysees - Perfume Feminino 100ml,,Beleza e Perfumaria,Perfumaria
110772651,Máquina GA.MA Italy Travel Trimmer GT 420,,Beleza e Perfumaria,Barbearia
6982870,Calvin Klein Man Eau de Toilette Masculino 100ml,,Beleza e Perfumaria,Perfumaria
27315008,Chapinha Prancha Profissional Nano Titanium By Ufree,,Beleza e Perfumaria,Aparelhos elétricos para cabelo
19290857,Melora Folcare Ds Anticaspa Intensivo - Shampoo 200ml,,Beleza e Perfumaria,Banho
16054293,Kit Para Depilação Sistema Roll-On Cera Quente Bivolt - Depil Bella,,Beleza e Perfumaria,Depilação
17860543,Tracta Gel Creme Anti-Acne 60g,,Beleza e Perfumaria,Tratamento de Pele
28778108,Paco Rabanne 1 Million Perfume Masculino Kit Eau de Toilette 100ml + Desodorante 150ml,,Beleza e Perfumaria,Perfumaria
18527463,Kit 3 Escovas Profissional Marco Boni Thermal Metallic Cerdas Mistas 8051 8052 8053,,Beleza e Perfumaria,Cabelo
8678012,1ka Escova Inteligente Selagem Térmica 1000ml,,Beleza e Perfumaria,Cabelo
126653630,Escova Rotativa Philco Beauty Shine Rosa/Preto,philco,Beleza e Perfumaria,Aparelhos elétricos para cabelo
5933934,Ange ou Démon Eau de Toilette Feminino 30ml - Givenchy,,Beleza e Perfumaria,Perfumaria
29930970,Sauvage Very Cool Spray Dior Eau de Toilette - Perfume Masculino 100ml,,Beleza e Perfumaria,Perfumaria
7330363,Perfume Café-Café Masculino Eau de Toilette 30ml - Café-Café,cafe,Beleza e Perfumaria,Perfumaria
16906781,Perfume Café-Café Pour Femme Eau De Parfum Feminino 30ml,,Beleza e Perfumaria,Perfumaria
12136510,Barbeador E Aparador De Barba Panasonic Er 389k 127v Máquina De Acabamento,,Beleza e Perfumaria,Barbearia
10433135,Silicon Mix Máscara Avanti Hidratação Intensiva 450g,,Beleza e Perfumaria,Cabelo
19570829,Racco Mousse Depilatório Depeeling (1610) - Racco,,Beleza e Perfumaria,Depilação
14821067,Prancha I.Steamer Titanium Conair Pocket,,Beleza e Perfumaria,Cabelo
15856719,Depilador Com 1 Ajuste De Velocidade Philips Satinelle Hp6419,,Beleza e Perfumaria,Depilação
249168,Cool Water Eau de Toilette Masculino 75ml - Davidoff,davidoff,Beleza e Perfumaria,Perfumaria
26773072,Prosalon Let Me Be Protein Smoothing Treatment 1000ml,,Beleza e Perfumaria,Produtos para cabelo
16703004,Kit Shampoo + Balm + Óleo Para Barba Usebarba,,Beleza e Perfumaria,Barbearia
22620568,Senscience C.p.r Tratamento Reconstrutor De Porosidade Da Cutícula Kit - 2 X 1l,,Beleza e Perfumaria,Cabelo
132118625,Prancha Titanium Blue Britânia Bivolt,,Beleza e Perfumaria,Aparelhos elétricos para cabelo
15580714,Aparador De Cabelo E Pelos Nariz Orelha Barba Sobrancelha Para Corpo E Rosto Com Luz Led,,Beleza e Perfumaria,Cabelo
16032558,Luxurious Volume Full Splendor John Frieda - Condicionador + Shampoo,,Beleza e Perfumaria,Cabelo
16008534,Máquina De Acabamento -Andis Slimline 2 Bivolt,,Beleza e Perfumaria,Cabelo
12912027,Perfume Animale Eau De Parfum Feminino 100ml,,Beleza e Perfumaria,Perfumaria
304165,Perfume Glow Feminino Eau de Toilette 100ml - Jennifer Lopez,jennifer lopez,Beleza e Perfumaria,Perfumaria
7328956,Animale for Men Eau de Toilette 100ml - Animale,,Beleza e Perfumaria,Perfumaria
18242080,Belliz Cristal Large - Pente Cabo Reto,,Beleza e Perfumaria,Cabelo
11625545,Hot Canion Eau De Toilette Real Time - Perfume Masculino 100ml,,Beleza e Perfumaria,Perfumaria
17739384,Modelador Gama Ceramic Nano Tourmaline 19mm Bivolt,,Beleza e Perfumaria,Cabelo
29262956,Pó Facial Bitarra-Cor Translúcido,,Beleza e Perfumaria,Maquiagem
10652302,Protetor Solar Ensolei Profuse Toque Seco Oil Control Fps 30 Com 60 Gramas,,Beleza e Perfumaria,Tratamento de Pele
15807144,Capital Soleil Gel Creme Facial Toque Seco C/ Cor De Base Vichy Fps 50 50g,,Beleza e Perfumaria,Tratamento de Pele
25386158,Escova Alisadora Elétrica Gama Italy Innova Mini - Cerâmica 220°c,,Beleza e Perfumaria,Aparelhos elétricos para cabelo
22014589,Botox Capilar Matizador Madame Hair - 1kg,,Beleza e Perfumaria,Cabelo
21058854,Prancha Nano Titanium Optima Baby LiLi 3000,,Beleza e Perfumaria,Cabelo
8212556,Perfume Blanc Masculino Eau De Toilette 100ml Lacoste,,Beleza e Perfumaria,Perfumaria
21945188,Esterilizador Para Manicure Esterilizador De Alicates Bandeja E Pinça,,Beleza e Perfumaria,Depilação
128799333,Máquina de Corte Ga.Ma Italy GM586 Plus,ga.ma italy,Beleza e Perfumaria,Barbearia
14451317,Kit Com 4 Isqueiros Tipo Zippo,,Beleza e Perfumaria,Cabelo
110373238,Arsenal Gold Eau de Parfum 100 ml Spray - Gilles Cantuel,gilles cantuel,Beleza e Perfumaria,Perfumaria
26023911,Océane Femme Drop Blend - Esponja Para Maquiagem,,Beleza e Perfumaria,Maquiagem
110373836,Animale Animale Men EDT - 100 ml Spray - Animale,animale,Beleza e Perfumaria,Perfumaria
120786079,Óleo Bio-Oil Para Pele 125ml,bio-oil,Beleza e Perfumaria,Cuidados Pessoais
147535,Perfume Gabriela Sabatini Feminino  Eau de Toilette 60ml - Gabriela Sabatini,gabriela sabatini,Beleza e Perfumaria,Perfumaria
25494348,Loreal Inoa 7/0 Louro Cobertura Profunda - Tintura 60g,,Beleza e Perfumaria,Produtos para cabelo
399938,"Modelador Tourmaline Íon Cerâmica 1 1/4"" - Bivolt - Taiff",,Beleza e Perfumaria,Cabelo
8587869,Animale For Men Eau De Toilette - Perfume Masculino - 100ml,,Beleza e Perfumaria,Perfumaria
26348985,Opti Memory 1 Potes 60 Capsulas + Oleo De Coco 15g,,Beleza e Perfumaria,Nutricosméticos
9940072,Prancha Profissional Valeries Hair Vh3060 - Bivolt,,Beleza e Perfumaria,Cabelo
24354034,Kit Tesoura Profissional Fio LASER + Navalha + Navalhete Desfiadeira Dourada,,Beleza e Perfumaria,Barbearia
10433143,Silicon Mix Shampoo Hidratante 473ml,,Beleza e Perfumaria,Banho
343983,Secador Taiff Smart 1300W,taiff,Beleza e Perfumaria,Cabelo
27155840,Perfume Le Secret Elixir Feminino Eau De Parfum 100ml - Givenchy,,Beleza e Perfumaria,Perfumaria
21321823,Prancha Baby Liss Pro Nano Titanium 127v,,Beleza e Perfumaria,Cabelo
122255731,Depilador Elétrico Philips SatinGirl HP6419/05 Branco e Rosa,philips,Beleza e Perfumaria,Depilação
122243844,Depilador Philips SatinGirl HP6341/05 Seco ou Molhado,philips,Beleza e Perfumaria,Depilação
7343560,Secador Parlux Íon 3800 Violeta,parlux,Beleza e Perfumaria,Cabelo
10504266,Suporte Flexível para Secador de Cabelo Fashion Hair A-69 - Orion,,Beleza e Perfumaria,Cabelo
19403503,Perfume Calvin Klein Euphoria Eau De Parfum Feminino 100ml,,Beleza e Perfumaria,Perfumaria
29553769,Maleta Frasqueira Maquiagem e Jóias paris branco preto CBRN04638,,Beleza e Perfumaria,Maquiagem
24807918,Wahl Super Taper 220V,,Beleza e Perfumaria,Barbearia
110772773,Chapinha ( prancha) Taiff Look 450 Bivolt,taiff,Beleza e Perfumaria,Aparelhos elétricos para cabelo
114078308,Maleta de Maquiagem Fenzza Onça,,Beleza e Perfumaria,Maquiagem
21513096,Luminus Hair - Tratamento 30 Dias,,Beleza e Perfumaria,Cabelo
23609330,Prancha Chapinha Nano Titanium 450 °f,,Beleza e Perfumaria,Cabelo
17959356,Kit Full Hair Maquiagem Capilar Com Pó De Queratina Preto | 2 Potes De Queratina + 2 Spray,,Beleza e Perfumaria,Maquiagem
125264641,Barbeador Elétrico Philips Aquatouch Series 7000 S7310/12,philips,Beleza e Perfumaria,Barbearia
22314263,Uniq One Revlon All In One Lotus Flower 150ml,,Beleza e Perfumaria,Cabelo
27314444,Kit 10 Pincéis Kabuki Para Maquiagem Bolsa Rosa Cbr04386,,Beleza e Perfumaria,Maquiagem
11407010,Forever Liss Kit Reconstrução Force Repair - ( 3 Produtos ),,Beleza e Perfumaria,Cabelo
114078324,Maleta de Maquiagem Fenzza Rose,,Beleza e Perfumaria,Maquiagem
29315410,Condicionador Inforcer Serie Expert L'oréal 200ml,,Beleza e Perfumaria,Produtos para cabelo
21364614,Plancton Professional - Btx Orghanic Redução De Volume - 1kg,,Beleza e Perfumaria,Cabelo
121469690,Modelador de Cachos Profissional Cônico JF1000 Bivolt - Lizz,lizz,Beleza e Perfumaria,Cabelo
23618909,Perfume Good Girl EDP Feminino 80ml Carolina Herrera,,Beleza e Perfumaria,Perfumaria
127829537,Desodorante Antitranspirante Creme Rexona Women Clinical 48g,rexona,Beleza e Perfumaria,Cuidados Pessoais
11283807,Lee Stafford Bleach Blondes - Shampoo 250ml,,Beleza e Perfumaria,Banho
26180856,Viva Hair 30cps+ Luminus Hair 60cps+ Brilho Força Crecimento,,Beleza e Perfumaria,Cabelo
111586411,Depilador Elétrico Philips Satinelle HP6401/30,philips,Beleza e Perfumaria,Depilação
17494259,Máscara Cresce Cabelo 250g Crescimento Acelerado Forever Liss,,Beleza e Perfumaria,Cabelo
28005138,Leave-In CC Cream Festival Das Flores - Brilho - 100ml -  Maria Natureza - Salon Line,,Beleza e Perfumaria,Produtos para cabelo
23882678,Secador De Cabelo Mega Colors 2000 Watts 220v Profissional,,Beleza e Perfumaria,Cabelo
27681183,Máquina De Cortar Cabelo Wahl Homepro Basic - 10 Peças - Kit Completo - 110v - 02 Anos De Garantia,,Beleza e Perfumaria,Cabelo
27287322,Maquina De Corte Magic Clip Cordless- 5 Stars Vermelha/cinza Wahl,,Beleza e Perfumaria,Depilação
24840437,"Kit Dermaroller 1.50mm + 3 Serum (colageno, Vitamina C E Ácido Hyaluronic)",,Beleza e Perfumaria,Cuidados Pessoais
119986073,Maquiagem para Cabelo Colorific Retoque Instantâneo de Raízes Castanho Escuro 120ml,,Beleza e Perfumaria,Produtos para cabelo
122968415,Secador de Cabelos New Me Style Tourmaline Íon,new me,Beleza e Perfumaria,Aparelhos elétricos para cabelo
28506568,Detra Botox Plastic Liss 1Kg,,Beleza e Perfumaria,Produtos para cabelo
116991061,Perfume Versace Eros Masculino Eau de Toilette 100ml,versace,Beleza e Perfumaria,Perfumaria
124950585,Secador de Cabelo Mallory Ion  Pro 4000 Bivolt Vermelho Perolizado - 1800W/2000W,mallory,Beleza e Perfumaria,Aparelhos elétricos para cabelo
20591713,Perfume Ferrari Black Masculino Eau De Toilette 200ml,,Beleza e Perfumaria,Perfumaria
29325220,Perfume Rock by Shakira Feminino Eau de Toilette,,Beleza e Perfumaria,Perfumaria
28036217,Barbeador E Aparador Maquina De Cortar Cabelo,,Beleza e Perfumaria,Barbearia
15807160,Fotoultra Isdin Fusion Fluid Spot Prevent Loção Fluído Facial Fps 99+ 50ml,,Beleza e Perfumaria,Tratamento de Pele
19231807,L´Oréal Paris Solar Expertise Facial Bloqueador Solar Facial Antirrugas Fps 60 - Protetor Solar 50g,,Beleza e Perfumaria,Perfumaria
20398969,Kit Exoplastia  capilar alisamento (Shampoo Access+Ultratech Keratin) 2x500ml,,Beleza e Perfumaria,Cabelo
18405774,Ambilight Women Eau De Parfum - Perfume Feminino,,Beleza e Perfumaria,Perfumaria
29870272,Mister Caviar Paris Elysees Eau de Toilette - Perfume Masculino 100ml,,Beleza e Perfumaria,Perfumaria
9320921,Condicionador Brilliance 1000ml Wella Condicionado,,Beleza e Perfumaria,Banho
8440717,Shampoo Wella Brilliance 1 Litro,,Beleza e Perfumaria,Banho
16086982,Prancha Nano Titanium Babyliss Pro Degrade Op By Roger 1 + 1/4 32mm - 110v,,Beleza e Perfumaria,Cabelo
126829931,Depilador Elétrico Philips Satinelle BRE610/00 2 Velocidades Luz Opti-Light,philips,Beleza e Perfumaria,Depilação
13557375,Richée Professional Nano Repair Termo Ativo 1kg,,Beleza e Perfumaria,Cabelo
29622761,L'Oréal Paris Magic Retouch Castanho Escuro - Corretivo de Raiz Instantâneo 75ml,,Beleza e Perfumaria,Produtos para cabelo
9376439,Kérastase Nutritive Bain Nutri-Thermique - Shampoo 250ml,,Beleza e Perfumaria,Banho
15558774,Creme Termo Protetor Nutritive Nectar Thermique 150ml,,Beleza e Perfumaria,Cabelo
20056002,Kit Perfume Ferrari Black 125ml + Perfume Silver Scent Masculino 100ml Jacques Bogart,,Beleza e Perfumaria,Perfumaria
19552508,Perfume Chloé Eau De Parfum Feminino 75ml,,Beleza e Perfumaria,Perfumaria
29608467,Poltrona Cadeira Topazio Reclinavel Hidraulica Cabeleireiro - Cor: Preto Croco,,Beleza e Perfumaria,Artigos de Salão de Beleza
367008,Aparador de Barba e Pêlos Groomsman Recarregável Bivolt REC - Wahl Clipper,wahl,Beleza e Perfumaria,Barbearia
113908787,Máquina Flex Corte / Acabamento Bivolt Mega,mega,Beleza e Perfumaria,Barbearia
12365086,Cadiveu Plastica Dos Fios Selagem Térmica 3x1000ml,,Beleza e Perfumaria,Cabelo
1039284,Chapinha ( prancha) Taiff Supermini Bivolt,taiff,Beleza e Perfumaria,Cabelo
22277799,Secador De Cabelo Taiff Fox Ion 3 Gold 2200w 220 Volts,,Beleza e Perfumaria,Cabelo
9777773,Perfume Dolce  Gabbana Edt Feminino 100ml Dol,,Beleza e Perfumaria,Perfumaria
117269038,Blush Compacto Vult,vult,Beleza e Perfumaria,Maquiagem
6918622,Perfume Masculino Victorinox Swiss Army Classic Eau de Toilette 100ml,,Beleza e Perfumaria,Perfumaria
12134650,Schwarzkopf Silhouette Hair Spray Super Hold - Extra Forte 500ml,,Beleza e Perfumaria,Cabelo
29717970,Catharine Hill 2228 - Fixador de Glitter 4g + Hidratante 30 ml,,Beleza e Perfumaria,Maquiagem
29719306,Australian Gold Fps 8 - Protetor Solar em Spray 237ml + Nécessaire,,Beleza e Perfumaria,Proteção solar
115158078,Perfume Britney Spears Fantasy Feminino Eau de Toilette 30ml,,Beleza e Perfumaria,Perfumaria
5057207,Máquina Pro 8 110v - Gama Italy,,Beleza e Perfumaria,Cabelo
14172919,Maria Escandalosa Botox White - 1kg,,Beleza e Perfumaria,Cabelo
15576521,Perfume Coco Mademoiselle Eau De Parfum Feminino Chanel 100ml,,Beleza e Perfumaria,Perfumaria
25528602,Rímel 4d Máscara Para Cílios 2em1 À Prova D'água Bf10046,,Beleza e Perfumaria,Maquiagem
249175,Perfume Salvador Dalí Laguna Feminino Eau de Toilette 100ml,salvador dali,Beleza e Perfumaria,Perfumaria
24695144,Removedor De Cravos Acne Eletrico Limpeza De Pele Importado,,Beleza e Perfumaria,Cuidados Pessoais
24777536,Escova Modeladora Gama Turbo 2500 Bivolt,,Beleza e Perfumaria,Cabelo
18455290,Kit Unhas Gel Acrygel Uv Cabine 36w Unhas Porcelana Acrilica,,Beleza e Perfumaria,Unha
24868469,Difusor De Ar Definidor De Cachos Curves Taiff,,Beleza e Perfumaria,Produtos para cabelo
20249167,Kit com 12 Cargas Gillette Fusion Proshield + 1 Porta Chuteira,,Beleza e Perfumaria,Barbearia
23584287,Modelador De Cachos Gama Italy Spirale Bivolt Cinza E Rosa - 19mm,,Beleza e Perfumaria,Cabelo
116154167,Modelador de Cachos Britânia Ceramic Bivolt,britania,Beleza e Perfumaria,Cabelo
30843658,Guess For Women Edp 75Ml,,Beleza e Perfumaria,Perfumaria
18371208,Senscience Inner Restore Intensif Tratamento 500ml,,Beleza e Perfumaria,Cabelo
15707268,Aparador De Pêlos Multigroom 7 Em 1 Philips Qg3337/15,,Beleza e Perfumaria,Barbearia
18894916,Dermacol Make Up Base Alta Cobertura Cor 212,,Beleza e Perfumaria,Maquiagem
8211589,Perfume See By ChloÉ Edp Feminino 75ml ChloÉ,,Beleza e Perfumaria,Perfumaria
9264939,"Lizze Prancha Titânio 1+1/4""",,Beleza e Perfumaria,Cabelo
25213511,Kérastase Discipline Curl Idéal Óleo-curl - Leave-in 150ml,,Beleza e Perfumaria,Produtos para cabelo
19136785,Kérastase Nutritive Créme Magistrale Bálsamo Nutritivo 150ml,,Beleza e Perfumaria,Cabelo
12978903,Uso Obrigatório Truss Active Reconstrutor Capilar 260ml,,Beleza e Perfumaria,Cabelo
19231321,"Revlon Nail Enamel Valentine - Esmalte 14,7ml",,Beleza e Perfumaria,Unha
27718289,Perfume Silver Scent Intense Masculino Eau De Toilette 100ml Jacques Bogart,,Beleza e Perfumaria,Perfumaria
120901081,Kit para Banho Harmonia Framboesa e Orquídea - Orgânica,organica,Beleza e Perfumaria,Cuidados Pessoais
26024327,Fahrenheit Dior Eau De Toilette - Perfume Masculino 50ml,,Beleza e Perfumaria,Perfumaria
6581569,Shampoo Pantene Cuidado Clássico 400ml - Procter & Gamble,pantene,Beleza e Perfumaria,Banho
16895205,Escova Elétrica De Limpeza Facial Kiss New York,,Beleza e Perfumaria,Tratamento de Pele
128278925,Aparelho de Limpeza Facial 5 em 1 - New Me,new me,Beleza e Perfumaria,Cuidados Pessoais
23792561,Kit Nano Titanium Prancha 230 Mini Prancha E Pente Mechas,,Beleza e Perfumaria,Cabelo
120201018,CC Cream Complete Correction FPS 40 30ml - Océane Femme,oceane femme,Beleza e Perfumaria,Maquiagem
26952279,Linn Young Oui Je T’aime Perfume Feminino Eau De Parfum,,Beleza e Perfumaria,Perfumaria
121384151,Aparador de Pelos Philips Multigroom QG3329/15 Bivolt com Acessórios,philips,Beleza e Perfumaria,Barbearia
27489668,Ck One Calvin Klein Unissex 100ml,,Beleza e Perfumaria,Perfumaria
23044929,Estojo Compacto Moderno De 32 Pinceis Ultra Slim,,Beleza e Perfumaria,Maquiagem
7343572,Secador Íon 3800 Verde  - Parlux,parlux,Beleza e Perfumaria,Cabelo
28636653,Kit Manutenção Home Care Lowell Bioplastia + Reconstutor,,Beleza e Perfumaria,Produtos para cabelo
29822131,Batiste Plus Força e Brilho - Shampoo Seco 150ml,,Beleza e Perfumaria,Produtos para cabelo
11853967,Secador De Parede Ga.Ma Italy Spa Dryer Branco - 1500w,,Beleza e Perfumaria,Cabelo
15480565,New Fox Gloss Escova Progressiva - ( 2x 1000ml ),,Beleza e Perfumaria,Cabelo
8212331,�Leo Elixir De Beleza Unissex 50ml Orofluido,,Beleza e Perfumaria,Cabelo
21800657,Kit De Máquina De Cortar Cabelo Wahl Magic Clip 110v + Wahl Detailer Bivolt,,Beleza e Perfumaria,Barbearia
10652324,Essencele Profuse Emulsão Corporal Com 200 Gramas,,Beleza e Perfumaria,Tratamento de Pele
8430208,Loreal Instant Clear Shampoo 250ml,,Beleza e Perfumaria,Banho
8026622,Mascara Hair Growth Treatmente Lee Stafford 200ml,,Beleza e Perfumaria,Cabelo
11549109,Hair Growth Lee Stafford - Shampoo Fortalecedor 200ml,,Beleza e Perfumaria,Banho
27511315,Catharine Hill Paleta De Sombras Variadas 24g,,Beleza e Perfumaria,Maquiagem
21168724,Secador Taiff Vis Unique 2600 Watts 220v Lançamento,,Beleza e Perfumaria,Cabelo
11560975,Unwind Curls Calming Crème Frizz Ease John Frieda - Tratamento Para Cabelos Cacheados 141g,,Beleza e Perfumaria,Cabelo
27158630,Perfume Feminino Fantasy Britney Spears - 100ml,,Beleza e Perfumaria,Perfumaria
19190661,Prancha I.Steamer Titanium Conair - | Bivolt Bivolt,,Beleza e Perfumaria,Cabelo
118202644,Maleta De Maquiagem Markwins Color Play,markwins,Beleza e Perfumaria,Maquiagem
23883293,Kit Nano Titanium + Modelador de Cachos,,Beleza e Perfumaria,Cabelo
26015331,Shampoo À Seco Total Miracle 7n1 Aussie 140g,,Beleza e Perfumaria,Produtos para cabelo
122238543,Conjunto Especial Beauty Infinity Mondial KT 44 - Secador + Prancha Alisadora Preto/Vermelho,mondial,Beleza e Perfumaria,Produtos para cabelo
12132404,Australian Gold Instant Bronzer Fps 8 Spray Gel Bronzeador 237ml,,Beleza e Perfumaria,Tratamento de Pele
11366726,Redken Frizz Dismiss Shampoo 300ml,,Beleza e Perfumaria,Banho
26021909,Poison Girl Dior Eau De Toilette - Perfume Feminino 30ml,,Beleza e Perfumaria,Perfumaria
24125339,Condicionador Matizador Mairibel 500 g - BLACK,,Beleza e Perfumaria,Cabelo
10697924,Creme Depilatório Corporal Veet For Men Com 180 Ml,,Beleza e Perfumaria,Depilação
16287707,Aparador de Pelos Trimmer Preto Britânia Bivolt,,Beleza e Perfumaria,Barbearia
19387781,Maquina De Corte Super Taper Branca Profissional -110v,,Beleza e Perfumaria,Cabelo
27405246,Esponja Para Limpeza de Pincéis de Maquiagem Macrilan,,Beleza e Perfumaria,Maquiagem
113090604,Perfume Lancôme La Vie Est Belle  Feminino Eau de Parfum 75ml,lancome,Beleza e Perfumaria,Perfumaria
12647490,Go Pomada Modeladora 50g,,Beleza e Perfumaria,Cabelo
119985943,Mousse Condicionador Emy Proteção Térmica 170ml,emy,Beleza e Perfumaria,Produtos para cabelo
25478889,Óleo De Argan Moroccanoil 125ml,,Beleza e Perfumaria,Produtos para cabelo
28717940,Massageador Facial Anti-Idade Vibração Harmonização Energy,,Beleza e Perfumaria,Cuidados Pessoais
131018163,Secador de Cabelo Taiff Fox Íon 3 2 Velocidades Rose - 2200W,taiff,Beleza e Perfumaria,Aparelhos elétricos para cabelo
8207361,Condicionador Brilliance Unissex 200ml Wella,,Beleza e Perfumaria,Cabelo
119542675,Escova Facial Power Clean - Relaxmedic,relaxbeauty,Beleza e Perfumaria,Cuidados Pessoais
29467442,Batom Líquido de Efeito Matte Myself Dalla Makeup - Isabela,,Beleza e Perfumaria,Maquiagem
26607538,Shampoo Uniq One Revlon Hair E Scalp 300ml,,Beleza e Perfumaria,Produtos para cabelo
124950606,Secador de Cabelo Mallory Travel 1500 Bivolt Lilás Perolizado - 1000/1250W,mallory,Beleza e Perfumaria,Aparelhos elétricos para cabelo
110373932,Dynastie Eau de Parfum - 100ml - Marina de Bourbon,,Beleza e Perfumaria,Perfumaria
14306983,Magic Color Máscara Matizador Efeito Prata 500ml,,Beleza e Perfumaria,Cabelo
17777588,Carga Para Aparelho De Barbear Gillette Mach3 Sensitive - 8 Unidades,,Beleza e Perfumaria,Barbearia
22222034,Cavalo De Ouro - Nanovin A Crescimento Dos Cabelos 30ml,,Beleza e Perfumaria,Cabelo
10607694,L´Oréal Professionnel Lumino Contrast - Shampoo 1500ml,,Beleza e Perfumaria,Banho
305035,Flower by Kenzo Eau de Parfum Vapo 100ml - Kenzo,,Beleza e Perfumaria,Perfumaria
127983657,Sabonete em Barra Dove Esfoliação Suave 90g,dove,Beleza e Perfumaria,Cuidados Pessoais
24809052,Skinceuticals Blemish + Age Defense - 15ml,,Beleza e Perfumaria,Dermocosméticos
16390661,Perfume Boss Bottled Intense Eau De Toilette 100ml,,Beleza e Perfumaria,Perfumaria
130353234,Aparador de Pelos 5 em 1 Bivolt - New Me,new me,Beleza e Perfumaria,Barbearia
23196567,Keune Care Absolute Volume Condicionador,,Beleza e Perfumaria,Banho
22808102,Keune Care Absolute Volume Shampoo 300ml,,Beleza e Perfumaria,Banho
20793376,Kit Cadiveu Professional  Hair Remedy Máscara Reparadora + 6 Ampolas,,Beleza e Perfumaria,Cabelo
9885920,Yenzah Power Whey Fit Cream - Máscara De Potência Capilar - 1kg,,Beleza e Perfumaria,Cabelo
20851253,Máquina De Cortar Cabelo Wahl Cordless Sem Fio - Bivolt,,Beleza e Perfumaria,Cabelo
11401101,Mega Bottox Azure 1kg Força Super Sem Formol Probelle,,Beleza e Perfumaria,Cabelo
17442871,Anabolizante Capilar 950gr - Creme De Hidratação E Fortificação - Forever Liss,,Beleza e Perfumaria,Cabelo
26559782,Driclor Rollon 75ml Antitranspirante Stiefel Hiperidrose Axilar Mãos Pés,,Beleza e Perfumaria,Cuidados Pessoais
14728856,Aromatizador 300ml Essência Chá Branco,,Beleza e Perfumaria,Tratamento de Pele
24808860,Billion Woman - Paris Elysses - Feminino - 100 ml,,Beleza e Perfumaria,Perfumaria
10876094,Defrizante Soft Hair Tutano Com Queratina 400ml,,Beleza e Perfumaria,Cabelo
122230074,Perfume Nuit Rose Fiorucci Feminino Dêo Colonia 100ml,fiorucci,Beleza e Perfumaria,Perfumaria
11571425,Bahama Mama The Balm - Pó Compacto Bronzeador Maquiagem Bronzeadora,,Beleza e Perfumaria,Maquiagem
18233961,Felps Profissional Xmix Sos - Máscara 1000g,,Beleza e Perfumaria,Cabelo
20591629,Dolce  Gabbana Perfume Feminino - Eau De Toilette 100ml,,Beleza e Perfumaria,Perfumaria
10699072,Essencele Profuse Filler R Com 30 Gramas,,Beleza e Perfumaria,Tratamento de Pele
24617438,Perfume Calvin Klein Ck One Unissex 200ml + Perfume Calvin Klein Ck Be Unissex 200ml,,Beleza e Perfumaria,Perfumaria
11547580,Inner Restore Intensif Senscience - Máscara Reconstrutora,,Beleza e Perfumaria,Cabelo
19231463,Inoar Mask Profissional - Máscara De Tratamento 1000g,,Beleza e Perfumaria,Cabelo
17809984,Dermacol Make-Up Cover Base Extrema Cobertura - 223 - Bronzeado - Tom Escuro,,Beleza e Perfumaria,Maquiagem
10337344,Cadiveu Escova Progressiva Inteligente Plastica Dos Fios - ( 3x 1000ml ),,Beleza e Perfumaria,Cabelo
132284295,Difusor Curves com Caixa - Taiff,,Beleza e Perfumaria,Produtos para cabelo
116687545,Barbeador Gillette Mach3 Turbo,gillette,Beleza e Perfumaria,Barbearia
21988833,Água Oxigenada Wella Welloxon Perfect - 20 Volumes 6% - 60ml,,Beleza e Perfumaria,Cabelo
28681940,Desodorante Spray Rexona Women Powder 90ml,,Beleza e Perfumaria,Cuidados Pessoais
18232498,Vult Make Up Uno 02 Matte - Sombra 3g,,Beleza e Perfumaria,Maquiagem
10788039,Sombra Pigmento Vult 008,,Beleza e Perfumaria,Maquiagem
24328846,Perfume Masculino Empire VIP Hinode 120ml,,Beleza e Perfumaria,Perfumaria
24747507,Prancha Nano Titanium Optima Babylili PRO-3000,,Beleza e Perfumaria,Produtos para cabelo
21104956,Prancha 4d Therapy Ga.Ma Be Emotion - | Bivolt Bivolt,,Beleza e Perfumaria,Cabelo
358061,Perfume Bright Crystal Feminino Eau de Toilette 90ml - Versace,versace,Beleza e Perfumaria,Perfumaria
19191548,Bien Professional Elixir Repair Mask - Máscara 1000ml,,Beleza e Perfumaria,Cabelo
26050133,Ruby Rose Batom Duplo - Cor 066,,Beleza e Perfumaria,Maquiagem
120908574,Perfume Joop! Homme Vapo Masculino Eau de Toilette 200ml,joop!,Beleza e Perfumaria,Perfumaria
14117249,3d-Men Shampoo Anti-Dandruff 1000ml,,Beleza e Perfumaria,Banho
11551446,Vodka Diamond Eau De Toilette Paris Elysees - Perfume Masculino 100ml,,Beleza e Perfumaria,Perfumaria
19290845,Perfume Hinode Lattitude Trekking 100ml,,Beleza e Perfumaria,Perfumaria
15666127,Perfume Dolce  Gabbana The One Men Masculino Eau De Toilette (100 Ml),,Beleza e Perfumaria,Perfumaria
25792859,Barbeador Elétrico Philips Closecut Para Uso Seco - Hq6976/16,,Beleza e Perfumaria,Barbearia
16068275,Escova Progressiva Zap All Time - (2 X 1000ml),,Beleza e Perfumaria,Cabelo
122594863,Prancha Relaxbeauty Ana Hickmann 3 em 1 Roxa,ana hickmann,Beleza e Perfumaria,Aparelhos elétricos para cabelo
27575418,Vichy Capital Soleil Fps30 Gel Protetor Toque Seco Peles Oleosas 40g,,Beleza e Perfumaria,Proteção solar
11089794,Kérastase Resistance Masque Thérapiste - Máscara De Tratamento 200ml,,Beleza e Perfumaria,Cabelo
11313781,Shampoo Divine Curls 250ml Inoar,,Beleza e Perfumaria,Banho
23585916,Perfume Feminino Escape Original 100ml,,Beleza e Perfumaria,Perfumaria
16724581,Lupa De Mão E Mesa Dobrável 3 Em 1 Com Luz Led Ampliação 3x,,Beleza e Perfumaria,Unha
22953686,Inoar Bombar Coconut Máscara 250g,,Beleza e Perfumaria,Cabelo
147537,Perfume Gabriela Sabatini Feminino Eau de Toilette 30 ml - Gabriela Sabatini,gabriela sabatini,Beleza e Perfumaria,Perfumaria
25552348,Porta Batom Organizador Em Acrílico Para 24 Batons,,Beleza e Perfumaria,Maquiagem
20738501,Perfume Animale Animale For Men Eau De Toilette 100ml,,Beleza e Perfumaria,Perfumaria
7937040,Keune Care Line Shampoo Color Brillianz 250ml,,Beleza e Perfumaria,Banho
21512982,"Lizze Prancha Titânio 1+1/4""",,Beleza e Perfumaria,Cabelo
132582111,Aparador de Pelos Philips BT1209/15 com carregador USB,,Beleza e Perfumaria,Barbearia
112869923,Barbeador Elétrico Mallory Bivolt Bm-6000,mallory,Beleza e Perfumaria,Barbearia
9319267,Lâmina 4f - Oster,,Beleza e Perfumaria,Barbearia
19569627,MiraCurl Babyliss Pro Nano Titanium Cacheador Profissional 110V Steam Teach ( Vapor),,Beleza e Perfumaria,Cabelo
19515560,Kérastase Máscara Nutritive Magistral  200ml,,Beleza e Perfumaria,Banho
18241001,Hairdo Ondulado - Chocolate 58 Cm,,Beleza e Perfumaria,Cabelo
11531005,Active C 10 La Roche Posay - Rejuvenescedor Facial 30ml,,Beleza e Perfumaria,Dermocosméticos
127985919,Creme de Tratamento Seda Cachos Definidos 400g,seda,Beleza e Perfumaria,Produtos para cabelo
29569004,Yenzah Om Top Salon - Máscara de Hidratação 1000g,,Beleza e Perfumaria,Produtos para cabelo
18797887,Loreal Absolut Repair Lipidium Power Repair Ampola 1x10ml,,Beleza e Perfumaria,Cabelo
122295791,Shampoo Ligia Kogos Cabelos Oleosos 240ml,ligia kogos,Beleza e Perfumaria,Produtos para cabelo
9424447,Lizz Barbeador Eletrico Spirit - Bivolt,,Beleza e Perfumaria,Barbearia
18358627,Escova Progressiva Zap Professional E Botox Capilar 950g,,Beleza e Perfumaria,Cabelo
8608928,Cadiveu Platinum Máscara 140g,,Beleza e Perfumaria,Cabelo
17859133,Aquecedor De Cera Roll-On Vision Depil Bella Bivolt,,Beleza e Perfumaria,Depilação
14654882,Prancha Nano Titanium Babyliss Pro Degrade Op By Roger 1 + 1/4 32mm - 220v,,Beleza e Perfumaria,Cabelo
24435284,Prestige Gold New Brand - Perfume Masculino Eau De Toilette,,Beleza e Perfumaria,Perfumaria
6753863,Doline in Love Feminino Eau de Toilette 100ml - Via Paris,,Beleza e Perfumaria,Perfumaria
25956845,Vult Make Up Translúcido - Pó Compacto Matte 9g,,Beleza e Perfumaria,Maquiagem
24846260,Perfume Rouge Royal Marina De Bourbon - 100ml- Feminino,,Beleza e Perfumaria,Perfumaria
14650601,Inoar Plástica Capilar Marroquina Kit Selagem Térmica (3x1000ml),,Beleza e Perfumaria,Cabelo
25059176,La Roche-posay Redermic Hyalu C Olhos - 15ml,,Beleza e Perfumaria,Dermocosméticos
24941990,Magnific Hair - Sos Primer Kit Reconstrutor Capilar 3 Passos,,Beleza e Perfumaria,Produtos para cabelo
132696943,Cacheador Duo Shine Bivolt - Philco,,Beleza e Perfumaria,Aparelhos elétricos para cabelo
30706597,Kit Lola Cosmetics Ultra Baphônico (3 Produtos + Cofre),,Beleza e Perfumaria,Produtos para cabelo
25815860,Isdin Betalfatrus Esmalte P/ Unhas - 2g,,Beleza e Perfumaria,Unha
114207202,Creme Anti Idade Ação Profunda Revitalift Laser X3 Dermo Expertise,dermo-expertise,Beleza e Perfumaria,Cuidados Pessoais
19562951,Cuba Lovely Prime Deo Parfum 100ml,,Beleza e Perfumaria,Perfumaria
11542138,Normalize Matte Fps 50 Ada Tina - Protetor Solar 50ml,,Beleza e Perfumaria,Dermocosméticos
24506048,Depilador Pelos Philips Santingirl Hp6341,,Beleza e Perfumaria,Barbearia
132538267,Secador de Cabelos Philco Travel Azul - Bivolt,,Beleza e Perfumaria,Produtos para cabelo
19231454,"Maybelline The Colossal Kajal Preto - Lápis Para Olhos 0,35g",,Beleza e Perfumaria,Maquiagem
12658477,Wella Sp Men Gradual Tone Brown Kit Tonalizante Masculino,,Beleza e Perfumaria,Cabelo
10940781,Perfume Hugo Boss Ma Vie Eua De Parfum Feminino 75ml,,Beleza e Perfumaria,Perfumaria
21945008,Panela Termocera Para Depilação Standard 700g - Bivolt Preta Sem Refil,,Beleza e Perfumaria,Depilação
21733371,Lowell Keeping Liss Liso Mágico - Fluído Termoativado 200ml,,Beleza e Perfumaria,Cabelo
8138334,Perfume Dolce  Gabbana Pour Femme Edp 100 Ml,,Beleza e Perfumaria,Perfumaria
24998203,Ácido Hialurônico 100% Sérum 30 Ml Medpeel,,Beleza e Perfumaria,Cuidados Pessoais
11205834,Kit Platinum Blond Shampoo E Máscara Matizador Desamarelador Uso Diário Forever Liss,,Beleza e Perfumaria,Cabelo
129602272,Máquina de Cortar Cabelos Wahl Clipper Hair Cut & Beard Bivolt,,Beleza e Perfumaria,Barbearia
27449809,Joico Shampoo Moisture Recovery 300ml,,Beleza e Perfumaria,Produtos para cabelo
128339281,Modelador de Cílios Mini Curve - Ana Hickmann,ana hickmann,Beleza e Perfumaria,Maquiagem
19120703,C.Kamura Style Instant Repair Reparador De Pontas - Reparador De Pontas 60ml,,Beleza e Perfumaria,Cabelo
110772790,Chapinha (prancha) Taiff New Tourmaline Bivolt,taiff,Beleza e Perfumaria,Aparelhos elétricos para cabelo
374096,Secador Taiff Red Íon Vermelho 1900W,taiff,Beleza e Perfumaria,Cabelo
24583217,"Toppik Hair 27,5 G Maquiagem Para Calvicie Castanho Médio",,Beleza e Perfumaria,Maquiagem
19567155,Perfume Carrera Eau De Toieltte Masculino 100ml,,Beleza e Perfumaria,Perfumaria
114382676,Modelador de Cabelo Salon Line 410 Ionic 19mm Bivolt,,Beleza e Perfumaria,Cabelo
20038341,Truss Cuidados Diários Ultra Hydration Kit Shampoo + Condicionador,,Beleza e Perfumaria,Cabelo
23554453,Cortador De Cabelo Philips Qc5560 C/cabeça Giratória 180°,,Beleza e Perfumaria,Barbearia
19190613,007 Ocean Royale James Bond Eau De Toilette - Perfume Masculino 75ml,,Beleza e Perfumaria,Perfumaria
11857759,Máquina De Corte Profissional Pro Basic 127v Branco Wahl,,Beleza e Perfumaria,Cabelo
11495765,Y2k Eau De Toilette Paris Elysees - Perfume Masculino 100ml,,Beleza e Perfumaria,Perfumaria
8312366,Escova Para Cabelos Mad Premium Color Cerâmica 27 Belliz,,Beleza e Perfumaria,Cabelo
22023544,For Beauty Mascara Dr Hair Special Care Hidratação 1kg,,Beleza e Perfumaria,Cabelo
10386651,Deva Curl Low-Poo Shampoo 355 Ml,,Beleza e Perfumaria,Banho
15707246,Aparelho De Barbear Gillette Proglide Styler,,Beleza e Perfumaria,Barbearia
15964749,Secador De Cabelo Gama Italy Lumina Ion 220v Vermelho 2200w Com 6 Temperaturas E 2 Velocidades,,Beleza e Perfumaria,Cabelo
27278454,Máscara Poderosa Mega Power 10 Em 1 - Forever Liss 250g,,Beleza e Perfumaria,Produtos para cabelo
15512425,Redken Extreme Strength Builder Plus - Máscara 250g,,Beleza e Perfumaria,Cabelo
29515457,Perfume Antonio Banderas Blue Seduction Woman Eau de Toilette Feminino 80ml,,Beleza e Perfumaria,Perfumaria
25860257,Protetor Solar Facial Sheer Coverage 45 Instant Bronzer,,Beleza e Perfumaria,Proteção solar
29111406,Salon Line Creme Multifuncional Multy 300ml (34695),,Beleza e Perfumaria,Produtos para cabelo
110759632,Máscara para Cílios Colossal a Prova D'água - Preto - Maybelline,maybelline,Beleza e Perfumaria,Maquiagem
24513816,Máquina De Corte Wahl - Detailer 5 Star Séries Bivolt T Wide,,Beleza e Perfumaria,Produtos para cabelo
25520244,Perfume Ferrari Black Masculino Eau De Toilette 125ml,,Beleza e Perfumaria,Perfumaria
26372001,Escova Secadora Elétrica E Alisadora Styler 220 V,,Beleza e Perfumaria,Aparelhos elétricos para cabelo
121474261,Perfume La Rive Madame in Love Feminino Eau de Parfum 90ml,la rive,Beleza e Perfumaria,Perfumaria
28555285,Rimel para crescimento de cílios e sobrancelhas 10ml,,Beleza e Perfumaria,Maquiagem
19506258,Shampoo The First Alisante Sem Formol Sweet Hair 500ml - Para Todos os Tipos de Cabelo,,Beleza e Perfumaria,Banho
113090567,Perfume Lancôme La Vie Est Belle  Feminino Eau de Parfum 30ml,lancome,Beleza e Perfumaria,Perfumaria
11004918,Batom Liquido Matte Dailus Pro 44 Marshmallow,,Beleza e Perfumaria,Maquiagem
111258792,Cortador de Cabelo Dilleta 10W CAB173 Prata e Preto - Cadence,cadence,Beleza e Perfumaria,Barbearia
14386186,Chapinha Prancha Babyliss Pro Nano Titanium By Roger 1 + 1/2 25mm,,Beleza e Perfumaria,Cabelo
20760468,Intensy Color Lé Charmes Máscara Matizadora Platinado 500ml,,Beleza e Perfumaria,Cabelo
28471667,Máscara Marrocan Mask Macpaul 200 gr,,Beleza e Perfumaria,Produtos para cabelo
18228458,Happy Clinique Eau De Toilette - Perfume Feminino 50ml,,Beleza e Perfumaria,Perfumaria
25928008,Le Parfum De L'homme Mysterieux -paris Elysees - Perfume 100ml,,Beleza e Perfumaria,Perfumaria
11625955,Vodka Brasil Yellow Eau De Toilette Paris Elysees - Perfume Masculino 100ml,,Beleza e Perfumaria,Perfumaria
15480548,Maria Escandalosa Máscara Matizadora Black Escândalo - 500g,,Beleza e Perfumaria,Cabelo
8104580,Cadiveu Professional Detox Proteína  Pré Shampoo 320ml,,Beleza e Perfumaria,Banho
27028446,Cadiveu Sol Do Rio Re-charge Protein Recarga De Proteina 50ml,,Beleza e Perfumaria,Produtos para cabelo
14451279,Porta Perfume Com Vaporizador,,Beleza e Perfumaria,Perfumaria
19712046,Protetor Solar Fps 60 120ml Bisnaga - Nutriex,,Beleza e Perfumaria,Cuidados Pessoais
17970566,Pó Acrílico Para Unhas De Gel,,Beleza e Perfumaria,Unha
116336059,Perfume Pacha Ibiza Queen Diva Feminino Eau de Toilette 80ml,pacha ibiza,Beleza e Perfumaria,Perfumaria
28430460,Chapinha Prancha Profissional Linndyhair 1 1/4 Nano Titanium Até 450ºf,,Beleza e Perfumaria,Aparelhos elétricos para cabelo
119370789,Máquina de Cortar Cabelo Philips HC3420/15 Sem Fio Bivolt,philips,Beleza e Perfumaria,Barbearia
113872673,Chapa Ceramica Bivolt - Taiff,taiff,Beleza e Perfumaria,Aparelhos elétricos para cabelo
18237951,CK2 Calvin Klein Eau de Toilette - Perfume Unissex 30ml,,Beleza e Perfumaria,Perfumaria
303448,Light Blue Feminino Eau de Toilette 25ml - Dolce & Gabbana,,Beleza e Perfumaria,Perfumaria
21757012,Ck One Unissex De Calvin Klein Eau De Toilette 200ml,,Beleza e Perfumaria,Perfumaria
7330640,Dolce & Gabbana Clássico EDT Eau de Toilette Masculino 125 ml - Dolce & Gabbana,,Beleza e Perfumaria,Perfumaria
24126125,Hit Deo Colônia 120ml Spray,,Beleza e Perfumaria,Perfumaria
20625946,Hugo Boss Perfume Masculino Hugo Xy - Eau De Toilette 100ml,,Beleza e Perfumaria,Perfumaria
114382692,Modelador de Cabelo Salon Line 410 Ionic 25mm Bivolt,,Beleza e Perfumaria,Cabelo
112941551,Aparador de Pêlos Wahl Clipper Groomsman Pro 4 em 1,wahl,Beleza e Perfumaria,Barbearia
30466264,ONIC (Combate o Hábito de Roer Unhas) - DERMA NAIL,,Beleza e Perfumaria,Unha
27222943,Cortador De Banana Lâmina Inox Fatiador Rodelas Corte Iguais,,Beleza e Perfumaria,Barbearia
11216440,Máscara Para Cílios Super Lashes Vult,,Beleza e Perfumaria,Maquiagem
17513840,Kit Cresce Cabelo Máscara 250g + Shampoo 500ml Forever Liss,,Beleza e Perfumaria,Cabelo
16312143,Maquina Acabamento E Cortar Cabelo Andis T-Outliner Gtx 110v,,Beleza e Perfumaria,Cabelo
24697884,Aminoplex Revive Aneethun (3 Produtos),,Beleza e Perfumaria,Produtos para cabelo
26549741,Manequim Cabeça De Boneca C/ Cabelo 100% Natural + Suporte,,Beleza e Perfumaria,Produtos para cabelo
119372979,Protetor Solar Heliocare Max Defense FPS 90 50g,heliocare,Beleza e Perfumaria,Proteção solar
132165106,Secador de Cabelo Britânia SP 3000 Professional Grafite - 2000W,,Beleza e Perfumaria,Aparelhos elétricos para cabelo
14989990,Kit Pantene Hidrocauterização Shampoo 400ml E Condicionador 200ml,,Beleza e Perfumaria,Cabelo
14172799,Cabine Estufa Secador De Esmalte E Unhas Em Gel E Acrigel Portatil 110v,,Beleza e Perfumaria,Unha
11931794,Condicionador Absolut Repair Cortex Lipidim 1500 Ml - Loréal Professionnel,,Beleza e Perfumaria,Banho
8440619,Sebastian Profissional Penetraitt Shampoo 250ml,,Beleza e Perfumaria,Banho
30212324,Oli ola 300mg 30 cápsulas,,Beleza e Perfumaria,Nutricosméticos
11662528,Sexy Woman Night Eau De Toilette Paris Elysees - Perfume Feminino 100ml,,Beleza e Perfumaria,Perfumaria
20731774,Perfume Euphoria Feminino Eau De Toilette 100ml Calvin Klein,,Beleza e Perfumaria,Perfumaria
6783929,Perfume Black XS Masculino Eau de Toilette 30ml -Paco Rabanne,paco rabanne,Beleza e Perfumaria,Perfumaria
23583937,Escova Alisadora Gama Italy Innova Digital Bivolt,,Beleza e Perfumaria,Cabelo
8140581,Bob Magico Formadores de Cachos,,Beleza e Perfumaria,Cabelo
10570785,Kerium Mascara Capilar 200ml,,Beleza e Perfumaria,Cabelo
15205062,Aparador Barbeador Elétrico Nova Nhc Bivolt,,Beleza e Perfumaria,Barbearia
30660423,Schwarzkopf Bonacure Repair Rescue Reversilane Micellar Cleansing - Shampoo Condicionante 500ml,,Beleza e Perfumaria,Produtos para cabelo
19895755,Kit Tesouras Cabeleireiro Fio Navalha 5.5 + Desfiadeira 5.5,,Beleza e Perfumaria,Cabelo
124326070,Escova Rotativa Cadence Real Beauty Pro 3 Temperaturas - Lilás,cadence,Beleza e Perfumaria,Aparelhos elétricos para cabelo
18227856,Granado Terrapeutics Lavanda - Difusor De Ambiente 250ml,,Beleza e Perfumaria,Banho
27362555,Magic Clip,,Beleza e Perfumaria,Barbearia
17463385,Batom Vult Metalizado Roots Rock N°15,,Beleza e Perfumaria,Maquiagem
25792445,Mq Hair Prancha Unique Slim Gold Titanium Bivolt,,Beleza e Perfumaria,Aparelhos elétricos para cabelo
11932863,Botox Capilar Zap Professional Zap Ztox,,Beleza e Perfumaria,Cabelo
27920113,Perfume Calvin Klein Ck One 200ml,,Beleza e Perfumaria,Perfumaria
24894730,Máquina Para Cortar E Aparar Cabelo Barba Fazer Pezinho E Acabamento,,Beleza e Perfumaria,Produtos para cabelo
112116649,Aparelho Gillette ProGlide Regular,gillette,Beleza e Perfumaria,Barbearia
21168221,Chapinha Nano Titanium Profissional Ate 450°F - Bivolt - Azul,,Beleza e Perfumaria,Cabelo
15143551,Gel Redutor De Medidas Hinode Corps Lignea,,Beleza e Perfumaria,Tratamento de Pele
16210106,Perfume Ck One 100ml Edt Unissex Calvin Klein,,Beleza e Perfumaria,Perfumaria
10634889,Episol Sec Fps100 60g,,Beleza e Perfumaria,Dermocosméticos
16489956,Kit Gel Uv Para Unhas Acrygel Lina,,Beleza e Perfumaria,Unha
10231254,Sebastian Penetraitt Mascara De Tratamento - 500ml,,Beleza e Perfumaria,Cabelo
19117036,Wella Professionals Enrich Repair Serum - Ampola 4x10ml,,Beleza e Perfumaria,Cabelo
11259929,Máscara Para Cílios Vult Bombastic,,Beleza e Perfumaria,Maquiagem
14821029,Prancha Shine Therapy 2x Remington - | Bivolt Bivolt,,Beleza e Perfumaria,Cabelo
30214791,Escova elétrica Alisadora De Cabelo straight artifact,,Beleza e Perfumaria,Cabelo
18792907,Australian Gold Lotion Sunscreen Kona Coffee Spf 50 - Protetor Solar 237ml,,Beleza e Perfumaria,Dermocosméticos
9977564,Kérastase Resistance Masque Force Architecte - 500ml,,Beleza e Perfumaria,Cabelo
13557373,Portier Btox Capilar Ciclos 1 Kilo,,Beleza e Perfumaria,Cabelo
8440801,Wella Profissional Brilliance Máscara Para Cabelo Normal 500ml,,Beleza e Perfumaria,Cabelo
28445345,Protetor Solar Alergosun FPS 60 Hipoalergênico 50ml,,Beleza e Perfumaria,Proteção solar
110870656,Chapinha (prancha) Taiff Titanium 450 Colors Bivolt,taiff,Beleza e Perfumaria,Aparelhos elétricos para cabelo
112570260,Perfume Legend Masculino Eau de Toilette 100 ml -  Montblanc,,Beleza e Perfumaria,Perfumaria
5555832,Perfume Energise Masculino Eau de Toilette 125ml - Hugo Boss,,Beleza e Perfumaria,Perfumaria
22142986,Chapinha Babyliss Nano Titanium Optima3000 Ate 465 F,,Beleza e Perfumaria,Cabelo
14829156,Secador Nano Titanium Italia Brava Turbo Ferrari Babyliss Pro 2300w - 110v,,Beleza e Perfumaria,Cabelo
130788481,Secador de Cabelo Philco Compact Tourmaline Ion Roxo - 1200W,philco,Beleza e Perfumaria,Produtos para cabelo
23897656,Perfume Ferrari red Masculino eau De toilette 125ml,,Beleza e Perfumaria,Perfumaria
11892707,Paleta De Sombras Mega Nude Luisance L689 - Cores Opacas / Foscas,,Beleza e Perfumaria,Maquiagem
23326465,L’eau De Varens N° 8 Ulric De Varens - Perfume Unissex - Eau De Toilette,,Beleza e Perfumaria,Perfumaria
15607281,Perfume Joop! Eau De Toilette Masculino,,Beleza e Perfumaria,Perfumaria
114382713,Modelador de Cabelo Salon Line 410 Ionic 33mm Bivolt,,Beleza e Perfumaria,Cabelo
25307282,Farmoquímica Exímia Fortalize Kera - 30cps,,Beleza e Perfumaria,Nutricosméticos
12571724,Portier Fine Escova Progressiva 2x1000ml,,Beleza e Perfumaria,Cabelo
28565927,Escova Alisadora Innova Digital,,Beleza e Perfumaria,Aparelhos elétricos para cabelo
14397268,Água Termal Hidratante Dermacoconut Com Água De Coco Spray 150ml,,Beleza e Perfumaria,Dermocosméticos
20758880,Máscara Let Me Be Biorestore Masque 1000gr Prosalon,,Beleza e Perfumaria,Cabelo
16316470,"Chapinha Mallory Divini Liss Cerâmica Ionizada, 200ºC, 30W, Bivolt - Preta",,Beleza e Perfumaria,Cabelo
12008522,Schwarzkopf Igora Royal True Reds 8.77 Louro Claro Cobre Extra Vermelho 60ml,,Beleza e Perfumaria,Cabelo
29412892,Cinta Modeladora Abdominal Feminina Academia Redutora Corset,,Beleza e Perfumaria,Artigos de Salão de Beleza
14948425,U-Hu! - Sacola P/ Transporte De Lavatório Portátil,,Beleza e Perfumaria,Cabelo
29717951,Kit Inoar Doctor S.O.S Cabelo Saudável (2 Produtos) + Nécessaire,,Beleza e Perfumaria,Produtos para cabelo
26984678,Lowell Liso Mágico Shampoo + Condicionador + Fluido + Óleo De Brinde,,Beleza e Perfumaria,Produtos para cabelo
26781452,Base Dermacol Embalagem De 4 Gramas Fracionada Cor 218,,Beleza e Perfumaria,Maquiagem
15649884,Shampoo Que Alisa The First Sweet Professional - 980ml,,Beleza e Perfumaria,Banho
25958435,Inoar Brazilian Afro Keratin Smoothing System - Redutor De Volume 250ml,,Beleza e Perfumaria,Produtos para cabelo
120431585,Máscara para Cílios Falsies Lavável Preto Maybelline,maybelline,Beleza e Perfumaria,Maquiagem
27939105,Cera Para Barba e Bigode Extra Forte - Timberman,,Beleza e Perfumaria,Barbearia
18278350,Lattans Cera Barba  Bigode Barber Club Para O Homem - 40g,,Beleza e Perfumaria,Barbearia
27738886,Cadiveu Plástica Dos Fios Kit Duo Profissional Shampoo + Condicionador 2x1l,,Beleza e Perfumaria,Produtos para cabelo
26651197,Espelho De Mesa Com Led Para Maquiagem Portátil - Cor Branco,,Beleza e Perfumaria,Maquiagem
14555752,Macrilan Pincel Leque B-108,,Beleza e Perfumaria,Maquiagem
10788037,Sombra Pigmento Vult 001,,Beleza e Perfumaria,Maquiagem
15807198,Urby Olhos Creme Anti-Idade 15g,,Beleza e Perfumaria,Tratamento de Pele
27952736,Sabonete Líquido Intimo Basic+ Care 200ml,,Beleza e Perfumaria,Cuidados Pessoais
7271545,Cortador De Cabelo Dual Action 2 - Philco,philco,Beleza e Perfumaria,Cabelo
23584293,Escova Alisadora Gama Italy Innova Digital Bivolt,,Beleza e Perfumaria,Cabelo
17194925,Matizador Silver Prata 300ml Intensy Color Lé Charmes,,Beleza e Perfumaria,Cabelo
29407678,Tesoura Profissional Ostrich Desfiadeira 7.0 Dourada,,Beleza e Perfumaria,Cabelo
121171826,Perfume Demeanor Lonkoom Toilette Masculino 100ml,lonkoom,Beleza e Perfumaria,Perfumaria
9422428,Lizz Lâmina De Reposição Basic - Serve Para Wahl,,Beleza e Perfumaria,Depilação
18599959,Mava-Strong Mavala - Base Fortificante,,Beleza e Perfumaria,Unha
9821674,Richée Nanobotox Repair - Repositor De Massa Termo Ativado - 1kg,,Beleza e Perfumaria,Cabelo
22902280,Kit Escova Progressiva + Botox Fio Perfeitto Professional 1kg,,Beleza e Perfumaria,Cabelo
18358590,New Vip Ojon  Argan Kit Trio,,Beleza e Perfumaria,Banho
29455693,Estetoscópio 3M Littmann Lightweight II S.E. 28in 2456 Pearl Pink,,Beleza e Perfumaria,Cuidados Pessoais
16731914,Serum Facial Anti Idade C+C,,Beleza e Perfumaria,Tratamento de Pele
29958061,Wella Professionals Oil Reflections Máscara 500 ml,,Beleza e Perfumaria,Produtos para cabelo
129659105,Desodorante Antitranspirante Aerosol Rexona Women Antibacteriano 150ml,rexona,Beleza e Perfumaria,Cuidados Pessoais
127982890,Sabonete em Barra Dove Delicious Care Creme e Flor de Peônia 90g,dove,Beleza e Perfumaria,Cuidados Pessoais
18237827,Sebamed Balsam Sensitive Deodorant For Men - Desodorante 50ml,,Beleza e Perfumaria,Dermocosméticos
25398840,Sebamed Desodorante Fresh - 50ml,,Beleza e Perfumaria,Dermocosméticos
27193709,Nicho Organizador De Esmaltes P/ Parede 5 Prateleiras 94x60x6cm,,Beleza e Perfumaria,Artigos de Salão de Beleza
17742958,Botox Mask Control Madame Hair 1kg (Nova Embalagem),,Beleza e Perfumaria,Cabelo
29889196,Desodorante Roll-on Natural Lavanda e Verbena Branca 50ml - Herbia,,Beleza e Perfumaria,Cuidados Pessoais
20737852,Kit Cronograma Capilar Reconstrução Total (3 Produtos)  - Joico,,Beleza e Perfumaria,Cabelo
23889332,Tonalizante Supéria Color Amend,,Beleza e Perfumaria,Cabelo
27534781,Lowell Bioplastia Manutenção - Kit 3 Produtos (sh+cond+ampola),,Beleza e Perfumaria,Produtos para cabelo
10570476,Anthelios Airlicium Gel Cr Fps30 50g,,Beleza e Perfumaria,Dermocosméticos
28296281,Australian Gold Dark Tanning Accelerator Spray Gel Clear 125g,,Beleza e Perfumaria,Proteção solar
13470249,Escova Portier Fine Cacao (2 X 1 Litro),,Beleza e Perfumaria,Cabelo
24286156,Vitamina Para Cabelo Lampsi Hair - Tratamento 1 Mês,,Beleza e Perfumaria,Cabelo
111781399,Escova Rotativa Ceramic Spin Brush - Philco,philco,Beleza e Perfumaria,Aparelhos elétricos para cabelo
121474245,Perfume La Rive Cute Feminino Eau de Parfum 100ml,la rive,Beleza e Perfumaria,Perfumaria
6734426,Perfume Blue Seduction Feminino Eau de Toilette 50ml - Antonio Banderas,,Beleza e Perfumaria,Perfumaria
20766927,Lola Umectação De Oliva Máscara 200g,,Beleza e Perfumaria,Cabelo
29130503,Depilador LASER Lescolton Luz Pulsada,,Beleza e Perfumaria,Depilação
25522430,Kit Depilador A LASER Lescolton Permanente Pro Light,,Beleza e Perfumaria,Depilação
112186760,Escova Rotativa Mondial Ceramic Íon Master - ER-02,mondial,Beleza e Perfumaria,Aparelhos elétricos para cabelo
1042128,Kit Delicate Definitions p/ Cuidados Femininos - Wahl,wahl,Beleza e Perfumaria,Depilação
13041373,Kit Portier Fine Escova Progressiva 2x1000ml,,Beleza e Perfumaria,Cabelo
28342876,Prancha BabyLiss Pro Nano Titanium Rose Gold 1+1/4,,Beleza e Perfumaria,Aparelhos elétricos para cabelo
7939952,Modeladora de Cachos Perfect Curl BZ50188 Bivolt Rosa,,Beleza e Perfumaria,Cabelo
22281356,Inoar Escova Progressiva Ghair Perfect Blond 3x1 Litro,,Beleza e Perfumaria,Cabelo
22347543,Chapinha Prancha Profissional Nano Titanium 1 1/4 Até 450ºf - Bivolt,,Beleza e Perfumaria,Cabelo
24132437,Novo Aparelho de Limpeza Facial À Prova D' Água 4D,,Beleza e Perfumaria,Cuidados Pessoais
23454302,Escova Secadora e Alisadora Almofadada Ufree-Hair Dryer Styler,,Beleza e Perfumaria,Cabelo
9736086,Issey Miyake Leau Dissey Feminino Eau De Toilette 100 Ml,,Beleza e Perfumaria,Perfumaria
26781667,Base Dermacol Make Up Cover 30 Gramas Cor 221,,Beleza e Perfumaria,Maquiagem
13327963,Secador De Cabelos Philco Titanium Travel Cabo Dobrável 2 Velocidades Vermelho - Bvolt,,Beleza e Perfumaria,Cabelo
25794920,Chapinha Babyliss Optima 3000 - Lançamento - 465 Graus 110v,,Beleza e Perfumaria,Aparelhos elétricos para cabelo
24160505,Normaderm Skin Corrector Vichy - Cuidado Clareador Antiacne,,Beleza e Perfumaria,Dermocosméticos
16879238,Maria Glamurosa Bottox Reconstrutor - 500gr,,Beleza e Perfumaria,Cabelo
120258920,Escova Rotativa Beauty 360 Relaxbeauty Ana Hickmann,relaxmedic,Beleza e Perfumaria,Aparelhos elétricos para cabelo
13288931,La Roche-Posay Effaclar Anti-Age Sérum Corretor 30ml,,Beleza e Perfumaria,Dermocosméticos
123548412,Máquina de Cortar Cadence Cabelo Profissional Cobreo 2000 CAB800,cadence,Beleza e Perfumaria,Barbearia
27676308,Lupa De Cabeca Led Com Kit De Lentes 1.2x 3.8x 4.5x 5.5x Maos Livre Pala Profissional Para Costura E,,Beleza e Perfumaria,Unha
16368999,Kit Gillette Body Aparelho Barbeador 1 Unidade + Carga 4 Unidades,,Beleza e Perfumaria,Barbearia
126763652,Água Micelar Solução de Limpeza Facial Dermo Expertise 5 em 1 -  L'Oréal Paris,l'oreal paris,Beleza e Perfumaria,Cuidados Pessoais
128798269,Secador Ga.Ma Italy Lumina Nano Tourmaline Prata,ga.ma italy,Beleza e Perfumaria,Aparelhos elétricos para cabelo
127114996,Máquina de Corta Cadence Cabelos Master Cut  CAB174,cadence,Beleza e Perfumaria,Barbearia
303579,Perfume Blue Jeans Masculino Eau De Toilette 75ml - Versace,versace,Beleza e Perfumaria,Perfumaria
18454261,Máscara Shitake Plus 500g - Bio Extratus,,Beleza e Perfumaria,Cabelo
19498560,Catharine Hill Clown Make-Up Water Proof Mini Branco - Sombra 4g,,Beleza e Perfumaria,Maquiagem
19231760,Cadiveu Professional Hair Remedy Sos Serum 15 Em 1 - Leave-In  150ml,,Beleza e Perfumaria,Cabelo
15192112,"Batom Lápis Revlon Colorburst 2,7g Cor: Matte Elusive",,Beleza e Perfumaria,Maquiagem
15084622,Maria Escandalosa Botox Matizador Violet 1kg,,Beleza e Perfumaria,Cabelo
10691869,Modelador De Cachos Babyliss Pro Nano Titanium 32mm - 220v,,Beleza e Perfumaria,Cabelo
28820766,Perfume Individuel Masculino EDT 75 ML,,Beleza e Perfumaria,Perfumaria
128929986,Prancha Ga.Ma Attiva Titanium Bivolt Branca,gama italy,Beleza e Perfumaria,Aparelhos elétricos para cabelo
24809010,Vodka Man - Paris Elysses - 100 ml,,Beleza e Perfumaria,Perfumaria
112406224,Carga de Aparelho de Barbear Gillette ProGlide Regular - 2 unidades,gillette,Beleza e Perfumaria,Barbearia
13617189,Escova Progressiva Marroquina Inoar - 2 X 1000ml,,Beleza e Perfumaria,Cabelo
27287424,Alfa Cabany Nano Complex Escova Progressiva Kit Profissional (2x1l),,Beleza e Perfumaria,Produtos para cabelo
17438603,Kit Loréal Paris Protetor Solar Corporal Solar Expertise Fps 30,,Beleza e Perfumaria,Tratamento de Pele
29553810,Maleta Frasqueira Maquiagem e Jóias kit 3 peças lilas CBRN04683,,Beleza e Perfumaria,Maquiagem
29436989,Perfume Benetton United Dreams One Summer Him Masculino Eau de Toilette 100ml,,Beleza e Perfumaria,Perfumaria
5933938,Perfume Ange ou Démon Feminino Eau de Parfum 100ml - Givenchy,,Beleza e Perfumaria,Perfumaria
14555818,Acelerador do Bronzeado Australian Gold Dark Tanning Accelerator 237ml,,Beleza e Perfumaria,Tratamento de Pele
28727118,Modelador de Cachos MQ Hair Professional Titanium Rose Gold 25mm - Bivolt,,Beleza e Perfumaria,Cabelo
11789847,Escova Modeladora Faet Pronto 21W LS36 Branco,,Beleza e Perfumaria,Cabelo
16017879,Maquina Acabamento E Cortar Cabelo Andis T-Outliner Gtx 110v,,Beleza e Perfumaria,Cabelo
27369936,Cadiveu Detox Kit Home Care,,Beleza e Perfumaria,Produtos para cabelo
19566561,Chapinha Prancha Profissional Ladyliss 1 1/4 Nano Titanium 450ºF + Brinde,,Beleza e Perfumaria,Cabelo
132498824,Chapinha Taiff Vulcan,,Beleza e Perfumaria,Aparelhos elétricos para cabelo
11555602,La Petite Fleur Blanche Eau De Toilette Paris Elysees - Perfume Feminino 100ml,,Beleza e Perfumaria,Perfumaria
25721982,Perfume Eternity Moment EDP 100 ml - Calvin Klein,,Beleza e Perfumaria,Perfumaria
25497041,Kit Profissional Lowell Protect Care Com 03 Produtos,,Beleza e Perfumaria,Produtos para cabelo
112186866,Chapinha (prancha) Mondial Alisadora Tourmaline Ion Plus P-11 Bivolt,mondial,Beleza e Perfumaria,Aparelhos elétricos para cabelo
21952070,Termocera Aquecedor De Cera Junior 400g  Bivolt - Com Refil Branca Com Rosa,,Beleza e Perfumaria,Depilação
29899678,Perfume Antonio Bandeiras Her Secret Feminino Eau de Toilette 80ml,,Beleza e Perfumaria,Perfumaria
15255915,Protetor Solar Facial Nivea Sun Toque Seco Antissinais Fps 60 50ml,,Beleza e Perfumaria,Tratamento de Pele
7118985,Estimulador de Crescimento de Unhas Mavala Mavaderma 10ml,mavala,Beleza e Perfumaria,Unha
11543690,Sexy Woman Eau De Toilette Paris Elysees - Perfume Feminino 100ml,,Beleza e Perfumaria,Perfumaria
30628807,Creme de Pepino Pepnew Abelha Rainha 55g,,Beleza e Perfumaria,Cuidados Pessoais
22912319,Creme P/ Maos Flores E Vegetais Hidratante Óleo De Amêndoas 250g,,Beleza e Perfumaria,Cuidados Pessoais
29194291,Depilador Elétrico Mondial DP-04 Branco e Rosa,,Beleza e Perfumaria,Depilação
18477921,Kérastase Discipline Masque Curl Ideal 200 Ml,,Beleza e Perfumaria,Banho
29413750,Kit Tratamento Aramath Matizante Extrato de Açai Home Care,,Beleza e Perfumaria,Produtos para cabelo
10907933,Redermic Hyalu C Creme Olhos La Roche Posay 15ml,,Beleza e Perfumaria,Dermocosméticos
27244668,Kit Com 12 Desodorantes Old Spice Pegador 150 Ml,,Beleza e Perfumaria,Cuidados Pessoais
18411363,Água Oxigenada Harina - 20 Vol - 900ml,,Beleza e Perfumaria,Cabelo
340667,Pó Bronzeador Délice de Poudre - Poudre Bronzante Fourrée aux Éclats de Soleil - Bourjois,,Beleza e Perfumaria,Maquiagem
20250166,Mola Depiladora Depilador Facial Removedor De Pelos Tirador,,Beleza e Perfumaria,Depilação
119812786,Perfume Polo Black Ralph Lauren Masculino Eau de Toilette 200ml,,Beleza e Perfumaria,Perfumaria
9891315,Lola Umectação Oliva 200g,,Beleza e Perfumaria,Cabelo
132464747,Máquina de Cortar Cabelo Wahl Clipper Barber Trim,,Beleza e Perfumaria,Barbearia
7331112,Perfume Salvador Dalí Laguna Feminino Eau de Toilette 30ml,salvador dali,Beleza e Perfumaria,Perfumaria
114078367,Maleta de Maquiagem Fenzza Glamourosa HZP928 Prata,,Beleza e Perfumaria,Maquiagem
25413331,Loreal Majirel 6/0 Louro Escuro Natural Profundo - Tintura 50g,,Beleza e Perfumaria,Produtos para cabelo
10231308,Forever Liss Banho De Verniz E Hidratação Extrema - 250g,,Beleza e Perfumaria,Cabelo
11572438,Dark Tanning Accelerator Australian Gold - Spray Acelerador Do Bronzeado 237ml,,Beleza e Perfumaria,Tratamento de Pele
8678038,Inoar Escova Progressiva Marroquina 2x1000ml,,Beleza e Perfumaria,Cabelo
28541170,Óleo Bronzeador Australian Gold - Accelerator Intensifier,,Beleza e Perfumaria,
26037903,Cortador De Cabelo 220v - Eb05 - Multilaser,,Beleza e Perfumaria,Barbearia
11552994,Twilight Pour Femme Eau De Parfum I-Scents - Perfume Feminino 100ml,,Beleza e Perfumaria,Perfumaria
28018292,Henna Composta Natural Para os Cabelos HE0002,,Beleza e Perfumaria,Produtos para cabelo
28017579,Henna Pura Indiana Para os Cabelos HE0003,,Beleza e Perfumaria,Produtos para cabelo
23409052,Avental Capa Jeans Barbeiro Barber Shop Vintage Retro,,Beleza e Perfumaria,Barbearia
15489314,Magic Color Mini Gloss Matizador 3d Blond Black - Efeito Grafite - 100ml,,Beleza e Perfumaria,Cabelo
16531120,Maleta De Maquiagem Fenzza Rosa Com 46 Itens - Hzp723,,Beleza e Perfumaria,Maquiagem
13432981,Máscara Brilliance Wella Professionals 150ml Cabelos Normais A Fino . Coloridos,,Beleza e Perfumaria,Cabelo
10564982,Wella Professionals Brilliance Shampoo - 250ml,,Beleza e Perfumaria,Cabelo
21539335,Forever Liss Máscara Desmaia Cabelo 350g,,Beleza e Perfumaria,Cabelo
22510625,Máscara Para Cílios Maybelline Cílios Sensacionais Lavável,,Beleza e Perfumaria,Maquiagem
25247624,Mini Prancha Babyliss Pro Nano Titanium Azul 20d Bivolt,,Beleza e Perfumaria,Aparelhos elétricos para cabelo
12981845,Óleo De Argan Moroccanoil 25ml,,Beleza e Perfumaria,Cabelo
108283559,Secador Turbo Taiff Ion 1900w,taiff,Beleza e Perfumaria,Aparelhos elétricos para cabelo
26023638,The Girl Tommy Hilfiger Eau De Toilette – Perfume Feminino 30ml,,Beleza e Perfumaria,Perfumaria
19394241,Forever Liss - Kit Desmaia Cabelo (Shampoo 500ml + Leave-In 150g + Máscara 240g),,Beleza e Perfumaria,Cabelo
19394880,Magnific Hair - Kit Sos (Reconstrutor Capilar 3 Passos),,Beleza e Perfumaria,Cabelo
28740303,Itallian HairTech Escova Nutrilipidica Innovator N.8 500ml,,Beleza e Perfumaria,Produtos para cabelo
16171442,Ghair B-Tox - 1 Kg,,Beleza e Perfumaria,Cabelo
18477636,Kerastase Nutritive Máscara Masquintense Cabelos Finos 200 G,,Beleza e Perfumaria,Cabelo
22266525,Felps Profissional Óleo De Bamboo Bio-crescimento 30ml,,Beleza e Perfumaria,Cabelo
25522755,Detra Kit Escova Progressiva Plastic Liss 1litro - Sem Formol + Botox Plastic Liss 1kg,,Beleza e Perfumaria,Produtos para cabelo
27193361,1ka Ocean Blue Kit Escova Progressiva Sem Formol (2x1l),,Beleza e Perfumaria,Produtos para cabelo
6794561,Perfume One Million Masculino Eau de Toilette 50ml - Paco Rabanne,paco rabanne,Beleza e Perfumaria,Perfumaria
26676182,Forever Liss Máscara Maizena Capilar Mealiza 250g,,Beleza e Perfumaria,Produtos para cabelo
25501048,Deva Curl Set It Free - Finalizador 120ml,,Beleza e Perfumaria,Produtos para cabelo
11565090,Argan Oil System Oleo De Argan Leave-In Inoar - Sérum Finalizador 250ml,,Beleza e Perfumaria,Cabelo
29569599,Retoque Raiz Spray Instantâneo Magic Retouch Castanho Claro,,Beleza e Perfumaria,Produtos para cabelo
27209202,Uniq One Revlon Hair Tratament 10 Em 1 - Mega Liquidação!,,Beleza e Perfumaria,Produtos para cabelo
8208481,"Tratamento Para Unhas Scientifique Pen 3,5ml Unissex Mavala",,Beleza e Perfumaria,Unha
14054433,Queratina Hidrolisada Banho De Verniz Forever Liss - Tratamento,,Beleza e Perfumaria,Cabelo
19230800,Sp System Professional Luxe Oil - Óleo Finalizador 30ml,,Beleza e Perfumaria,Cabelo
320739,Adstringente Anti-Cravos 200ml - Johnson & Johnson,johnson's,Beleza e Perfumaria,Tratamento de Pele
29694209,L'oréal Professionnel Force Relax Máscara Nutri-control 500g,,Beleza e Perfumaria,Produtos para cabelo
24413581,Palito Para Unha Em Madeira Descartável Pequeno Com 24 Unidades 4104 - Juleon,,Beleza e Perfumaria,Unha
16658632,Shampoo Alisante Madame Lis Spumalisa - Shampoo Que Alisa,,Beleza e Perfumaria,Banho
11933512,Alfaparf Semi Di Lino Diamante Cristalli Liquidi Serum 50ml,,Beleza e Perfumaria,Cabelo
8620726,Loreal Homme Mat 4 80ml,,Beleza e Perfumaria,Cabelo
19423502,Nanovin A Cavalo De Ouro 30ml,,Beleza e Perfumaria,Banho
25976922,Klass Vough 5x Com 16cm - Espelho De Aumento,,Beleza e Perfumaria,Cuidados Pessoais
27230757,Escova Progressiva Maria Escandalosa (2 X 1000ml) + Botox Capilar White Maria Escandalosa - 1 Kg,,Beleza e Perfumaria,Produtos para cabelo
15839516,Perfume Eternity Feminino Eau De Parfum 100ml - Calvin Klein,,Beleza e Perfumaria,Perfumaria
29692693,Perfume Benetton Dream Big Her Feminino Eau de Toilette 80ml,,Beleza e Perfumaria,Perfumaria
29771741,Cabelo Humano Natural Tela Tic Tac 50 cm 100 gramas,,Beleza e Perfumaria,Produtos para cabelo
113908867,Modelador Cerâmico 1.25 Mega,mega,Beleza e Perfumaria,Cabelo
28782375,Lixa De Unha Eletrica Profissional De Alta Velocidade Motor 110v com pedal,,Beleza e Perfumaria,Unha
27828197,Escova Prohit Glam Hit Quadrada,,Beleza e Perfumaria,Produtos para cabelo
19996126,Scuderia Ferrari Black Eau De Toilette Ferrari - Perfume Masculino,,Beleza e Perfumaria,Perfumaria
13362528,Porta Shampoo Duplo Inox - Estilqui,,Beleza e Perfumaria,Banho
31167470,Pantovin Cápsulas,,Beleza e Perfumaria,Nutricosméticos
25407893,Coffee-Mate Nestlé Creme Pronto Para Café em Pó - 1 Kg,,Beleza e Perfumaria,Produtos para cabelo
7276498,Perfume The Secret Edition Masculino Eau de Toilette 100ml -  Antonio Banderas,antonio banderas,Beleza e Perfumaria,Perfumaria
23883296,Prancha Nano Titanium Babyliss Optima 3000 + Progressiva Cadiveu - Plástica Dos Fios,,Beleza e Perfumaria,Cabelo
111334311,Secador Fashion Trip Arno For Elite - Bivolt - Arno,arno,Beleza e Perfumaria,Produtos para cabelo
27367197,Doux Clair Kit Effets Liss (sh+cond+mas),,Beleza e Perfumaria,Produtos para cabelo
11553123,Master Graphic By Eye Studio Maybelline - Delineador Black,,Beleza e Perfumaria,Maquiagem
10654841,Protetor Solar Nivea Sun Protect  Fresh Invisible Fps 50 Com 200 Ml,,Beleza e Perfumaria,Tratamento de Pele
31331412,Perfume Grace La Rose Sublime 100 ml Hinode,,Beleza e Perfumaria,Perfumaria
112941497,Máquina de Corte Color Pro Wahl Azul e Branca,wahl,Beleza e Perfumaria,Barbearia
21998192,Maquina Cortar Cabelo Profissional 110v,,Beleza e Perfumaria,Barbearia
14949522,Turma Da Monica Magali Kids Creme Para Pentear - Cabelos Ondulados E Cacheados 200ml,,Beleza e Perfumaria,Cabelo
16381927,Senscience Silk Moisture Shampoo 1000ml - Fab Senscience Cosméticos,,Beleza e Perfumaria,Banho
29465394,Glatten Açucar Reconstrução Kit com Máscara 500g - 3 itens,,Beleza e Perfumaria,Produtos para cabelo
27231219,Kit Tratamento Salon Line Pra Arrasar 200ml Cada,,Beleza e Perfumaria,Produtos para cabelo
112210539,Chapinha (prancha) Taiff Blue Íon Bivolt,taiff,Beleza e Perfumaria,Aparelhos elétricos para cabelo
121295917,Primer Iluminador Vult Facial 20g,vult,Beleza e Perfumaria,Maquiagem
27593138,Truss Uso Obrigatório Reconstrutor Capilar 260ml,,Beleza e Perfumaria,Cabelo
15944681,Prancha De Cabelo Gama Italy Lumina Duo Ion Plus Bivolt Vermelha Com Cabo Giratório,,Beleza e Perfumaria,Cabelo
111781233,Secador de Cabelos Britânia SP3300V Íon Vermelho,britania,Beleza e Perfumaria,Aparelhos elétricos para cabelo
9426351,Loreal Expert Liss Unlimited Serum Evening Primrose Oil - 125ml,,Beleza e Perfumaria,Cabelo
20049682,Truss Tratamento Especial Uso Obrigatório Blond Reconstrutor Capilar - 260ml,,Beleza e Perfumaria,Cabelo
28776613,Esmalte Preta Gil Cremoso - Preta 40  9ml,,Beleza e Perfumaria,Unha
19230795,Loréal Professionnel Absolut Repair Cortex Lipidium Kit Salão (3 Produtos),,Beleza e Perfumaria,Cabelo
117104111,Perfume Lady Gaga Fame Feminino Eau de Parfum 30ml,,Beleza e Perfumaria,Perfumaria
27206981,Kit 3 Bases - Promoção Relâmpago - La Beauté,,Beleza e Perfumaria,Unha
10462966,Forever Liss Sos Antiemborrachamento - Reconstrutor 300ml,,Beleza e Perfumaria,Cabelo
23120644,Kit Joico Moisture Recovery 2 Produtos,,Beleza e Perfumaria,Cabelo
29544277,Mutari Professional Progress - Progressiva 1L,,Beleza e Perfumaria,Produtos para cabelo
15950568,Refil para Aparelho de Barbear Bic Flex 4 C/4,,Beleza e Perfumaria,Barbearia
18845054,Eliminadora E Removedora De Pontas Duplas - Preto,,Beleza e Perfumaria,Cabelo
19718859,Issey Miyake Intense Eau De Toilette Masculino 125ml,,Beleza e Perfumaria,Perfumaria
29559470,Kit Aparelho De Barbear Gillette Proglide Styler + 2 Cargas Fusion Proshield,,Beleza e Perfumaria,Barbearia
19700941,Perfume Masculino Animale Instinct For Men Edt - 100ml,,Beleza e Perfumaria,Perfumaria
16183520,Perfume Marina De Bourbon Classique 100ml Edp Feminino,,Beleza e Perfumaria,Perfumaria
18139712,"Depilador Feminino Eletrico Aparador De Pelos Facial Para Rosto E Corpo, Axilas, Pernas E Virilha Se",,Beleza e Perfumaria,Depilação
9426030,Taiff Nanojet Maxxi Bivolt,,Beleza e Perfumaria,Cabelo
29768489,Mousse Depilatório Depeeling Racco 150 ml,,Beleza e Perfumaria,Depilação
9409720,Máscara De Tratamento Elixir Ultime 24 Quilates 200ml - Kérastase,,Beleza e Perfumaria,Cabelo
112612845,Chapinha (prancha) Mallory Violet Wet & Dry,mallory,Beleza e Perfumaria,Aparelhos elétricos para cabelo
10607656,L´Oréal Professionnel Nutri-Control Force Relax - Máscara 500ml,,Beleza e Perfumaria,Cabelo
28879569,Prancha Chapinha a Vapor Mágica Madami Black Pro 450º F,,Beleza e Perfumaria,Aparelhos elétricos para cabelo
7253283,Secador e Modelador Lizz Multi Dryer Bivolt,lizz,Beleza e Perfumaria,Cabelo
27633404,Lupa De Bancada Com Suporte Led Com Garras Pinça E Suporte Para Ferro De Solda Articulavel Com Fonte,,Beleza e Perfumaria,Unha
24552704,Masque K.Pro Special Blonde 500G,,Beleza e Perfumaria,Produtos para cabelo
15883097,Chapinha / Prancha Alisadora Eleganza Plus  APP2205 Preto 210C Bivolt - GA.MA Italy,,Beleza e Perfumaria,Cabelo
11109890,Mavala Kit Scientifique Nail Hardener - Endurecedor De Unhas 5ml (2 Unidades),,Beleza e Perfumaria,Unha
30615520,Modelador Cerâmico 1 Mega AT2026B1,,Beleza e Perfumaria,Produtos para cabelo
18794222,Acquaflora Equilíbrio Oleosidade Raiz Oleosa Pontas Secas Duo Kit (2 Produtos),,Beleza e Perfumaria,Cabelo
24978871,Dermovance S loção hidratante face e corpo,,Beleza e Perfumaria,Perfumaria
27887185,Dermacol Make Up Cover Base de Extrema Cobertura 30g,,Beleza e Perfumaria,Produtos para cabelo
26262442,Kit 7 Pincel De Maquiagem Diamante Unicórnio,,Beleza e Perfumaria,Maquiagem
24482904,Protetor Solar Skinceuticals – Physical Matte Uv Defense Spf50,,Beleza e Perfumaria,Proteção solar
11561683,La Petite Fleur D’Paris Eau De Toilette Paris Elysees - Perfume Feminino 100ml,,Beleza e Perfumaria,Perfumaria
7329444,Amor Amor Eau de Toilette Feminino 100ml,,Beleza e Perfumaria,Perfumaria
16940713,"Kit Banho De Verniz Máscara 1kg, Shampoo, Queratina E Leave In Hidratação Profunda Forever Liss",,Beleza e Perfumaria,Cabelo
14139231,Mini Chapinha Portátil Prancha De Cabelo Alisamento Portátil,,Beleza e Perfumaria,Cabelo
18441768,Máscara Restauradora Noblesse K. Cc Cream Capilar 12 Em 1  300g - Magic Profissional,,Beleza e Perfumaria,Cabelo
28354048,Barbeador Aparador Oneblade Philips Qp2510/10 Seco e Molhado,,Beleza e Perfumaria,Aparelhos elétricos para cabelo
15724283,Vytinal C/ 100 Comprimidos,,Beleza e Perfumaria,Cabelo
17858809,Aparador Cortador De Pêlos Nariz E Ouvido Sem Cortes Indolor,,Beleza e Perfumaria,Barbearia
14980970,Fantasy Edp-100ml,,Beleza e Perfumaria,Perfumaria
23222229,Perfume Eternity Feminino Eau De Parfum 100ml - Calvin Klein,,Beleza e Perfumaria,Perfumaria
26400353,Máscara De Tratamento Revitalizante Com Extrato De Guanxuma 500g,,Beleza e Perfumaria,Produtos para cabelo
127371036,Secador Via Venetto Vermelho - Ga.Ma Italy,ga.ma italy,Beleza e Perfumaria,Aparelhos elétricos para cabelo
29711160,Perfume Antonio Banderas The Secret Masculino Eau de Toilette 100ml,,Beleza e Perfumaria,Perfumaria
7768052,Protetor Solar Loção FPS 60 - Solar Expertise - L'oreal Paris,solar expertise,Beleza e Perfumaria,Tratamento de Pele
8641487,Igora Royal Tintura  Nova  ( Cor 8.0 Cor 12.19). - 9.7 - Louro Extra Claro Cobre,,Beleza e Perfumaria,Cabelo
12302423,Máscara Lola Morte Súbita 450g,,Beleza e Perfumaria,Cabelo
11413004,Beauty Progress Escova Progressiva Brazilian Keratin - ( 2x 1000ml ),,Beleza e Perfumaria,Cabelo
29624189,Latika Batom Liquido - Cor 21,,Beleza e Perfumaria,Maquiagem
29249226,Cabelos e Unhas Força Equilíbrio e Brilho - 60 Capsulas,,Beleza e Perfumaria,Produtos para cabelo
11307258,Kit Silicon Mix Bambu - Shampoo 473ml + Máscara 450g,,Beleza e Perfumaria,Cabelo
6776401,Perfume Versace Pour Homme Masculino Eau de Toilette 100ml,,Beleza e Perfumaria,Perfumaria
15965420,Secador De Cabelo Gama Italy Barbie 127v Rosa E Preto 2100w Com 6 Temperaturas,,Beleza e Perfumaria,Cabelo
16337139,Ykas Máscara Banho De Verniz - 500gr,,Beleza e Perfumaria,Cabelo
27413444,Radiofrequência 3 Em 1 Trata Flacidez Celulite Ultra-Som Cavitação Infra-Vermelho,,Beleza e Perfumaria,Cuidados Pessoais
18229376,Clinique Chubby Stick Shadow Tint For Eyes Bountiful Beige - Sombra Em Bastão 3g,,Beleza e Perfumaria,Maquiagem
9718674,L´Oréal Absolut Repair Ampola Power Cortex Lipidium 10ml,,Beleza e Perfumaria,Cabelo
367016,Personal Trimmer Aparador de Pelos 3 em 1 - Wahl,wahl,Beleza e Perfumaria,Barbearia
25337742,Leve Mais Pague Menos: 20 Cargas Gillette Mach3 Sensitive,,Beleza e Perfumaria,Barbearia
25524150,Detra Plastic Liss Lisotratt - Escova De Colágeno - Ativo Passo 2 - 1 Litro,,Beleza e Perfumaria,Produtos para cabelo
19951592,Traduções Gold Nº 53 Perfume Masculino Referência Black Xs - 100 Ml Hinode,,Beleza e Perfumaria,Perfumaria
10462873,Forever Liss Argan Oil Selante Termico - 500ml,,Beleza e Perfumaria,Cabelo
16084916,Protetor Solar Nivea Sun Fps 50 400ml,,Beleza e Perfumaria,Tratamento de Pele
8440605,Wella Profissional Enrich Shampoo 1000ml,,Beleza e Perfumaria,Banho
27521030,Perfume Black Caviar Paris Elysees - Masculino - 100 Ml,,Beleza e Perfumaria,Perfumaria
27476137,Cílios Magnéticos Postiços,,Beleza e Perfumaria,Maquiagem
13035089,Prancha Mq Titanium Bivolt,,Beleza e Perfumaria,Cabelo
132538347,Lâmina Oneblade Qp210/50 - Philips,,Beleza e Perfumaria,Barbearia
132608561,Depilador Aqua Deluxe Plus - Philco,,Beleza e Perfumaria,Depilação
29413756,Máscara Capilar de Argan Aramath 1K,,Beleza e Perfumaria,Produtos para cabelo
24542927,Revlon Uniq One Leave-in - 150ml + Máscara Revlon Professional Uniq One All In One Supermask 300ml,,Beleza e Perfumaria,Produtos para cabelo
20324808,L39eau D39issey Pour Homme Masculino Eau De Toilette,,Beleza e Perfumaria,Perfumaria
28146001,Removedor De Cravos Espinhas Acne Por Sucção Pilha Limpador De Poros Removedor Elétrico,,Beleza e Perfumaria,Cuidados Pessoais
10932675,Óleo Wind Mystery - Almiscar Selvagem Com 5 Ml,,Beleza e Perfumaria,Banho
9410183,"Prancha/Chapinha Arno Beauty Liss  Style Pro Lisp, Atinge Até 230 °C, Bivolt",,Beleza e Perfumaria,Cabelo
112032998,Protetor Facial Solar Expertise Toque Seco FPS 60 - L'Oréal Paris,solar expertise,Beleza e Perfumaria,Cuidados Pessoais
26419917,Batom Líquido Dailus Pro - 10 - Plié,,Beleza e Perfumaria,Maquiagem
20499355,Trivitt Hidratação Intensiva Máscara Nº3 - 1kg,,Beleza e Perfumaria,Cabelo
29338037,Fita Adesiva Front Lace para apliques e prótese,,Beleza e Perfumaria,Produtos para cabelo
26876265,Kerastase Soin Premier Therapiste - Shampoo 1000ml,,Beleza e Perfumaria,Produtos para cabelo
21171547,Desencravador De Unha Oriental,,Beleza e Perfumaria,Unha
28762898,Cápsula Big Hair - Tratamento 30 dias (30 unidades),,Beleza e Perfumaria,Produtos para cabelo
29471407,Removedor De Cravos Espinhas Eletrônico Rosa Acne Rejuvenescimento Pele Beleza,,Beleza e Perfumaria,Cuidados Pessoais
123959570,Cacheador Ceramic Magic Curls Bivolt - Philco,philco,Beleza e Perfumaria,Cabelo
22669468,Escova Profissional de Cabelos - Salon Line 43,,Beleza e Perfumaria,Cabelo
7937158,Velox Removedor De Cutícula - 35ml,,Beleza e Perfumaria,Unha
13068014,Óleo Essencial De Vetiver 10ml - Phytoterápica,,Beleza e Perfumaria,Cabelo
118202661,Maleta de Maquiagem Markwins Bon Voyage,markwins,Beleza e Perfumaria,Maquiagem
26434154,Schwarzkopf Professional Bc Bonacure Repair Rescue - Condicionador 1000ml,,Beleza e Perfumaria,Produtos para cabelo
24495979,Schwarzkopf Bc Fibre Force Fortifying - Shampoo,,Beleza e Perfumaria,Produtos para cabelo
9822051,Richée Liso Bb Cream - Kit De Alinhamento Capilar Multi Benefícios - 3x50ml,,Beleza e Perfumaria,Cabelo
30159173,Kit 3 frascos Pill Food Turbo120 Cápsulas,,Beleza e Perfumaria,Produtos para cabelo
29997359,Protetor Solar Fps-30 1 Litro,,Beleza e Perfumaria,Proteção solar
14873289,Protetor Solar Bioderma Photoderm Spot Fps 50+,,Beleza e Perfumaria,Dermocosméticos
24495488,Modelador De Cachos Escova Rotativa Cabelos Bivolt,,Beleza e Perfumaria,Cabelo
128796571,Escova Rotativa Philco Spin Brush - 1000w,philco,Beleza e Perfumaria,Aparelhos elétricos para cabelo
16083785,Hidratante Corporal La Roche-Posay Lipikar Baume Ap+ 400ml,,Beleza e Perfumaria,Dermocosméticos
24996184,Slim Body Mhpro Prosecret - Redutor De Medidas,,Beleza e Perfumaria,Cuidados Pessoais
23944736,Placa para Carimbo de Unha L03,,Beleza e Perfumaria,Unha
121758221,Protetor Solar Neutrogena Sun Fresh FPS 70 200ml,neutrogena,Beleza e Perfumaria,Proteção solar
118202687,Maleta Profissional de Maquiagem Markwins Professional Colours,markwins,Beleza e Perfumaria,Maquiagem
20756107,Escova Progressiva Elements Passo Unico Sem Formol 1000ml,,Beleza e Perfumaria,Cabelo
17317794,Wella Sp Luxe Oil Keratin Restore Máscara 400ml - Fab Wella Cosméticos,,Beleza e Perfumaria,Cabelo
19445623,Perfume Le Parfum Cool Madam By Paris Elysees 100ml,,Beleza e Perfumaria,Perfumaria
22563873,Doctor Hair Liss Restore Leave In Recondicionador Bifasico 210ml,,Beleza e Perfumaria,Cabelo
20793393,Marula Kit Profissional De Hipernutrição Shampoo E Condicionador Felps 2x1000ml,,Beleza e Perfumaria,Banho
18238585,Protetor Solar Expertise Fps 50 Supreme Protect 4 L'Oréal 200ml,,Beleza e Perfumaria,Tratamento de Pele
23079676,Máscara Tonalizante Hidratante Colour Tv Be Russet Sun Shine 300ml - Leads Care,,Beleza e Perfumaria,Cabelo
127371010,Prancha CP9 Tourmaline Digital Ion Plus - Ga.Ma Italy,ga.ma italy,Beleza e Perfumaria,Cabelo
15714585,"Prancha Nano Titanium Babyliss Pro Tamanho 1+1/4"" 230°C - 450°F - 220 V",,Beleza e Perfumaria,Cabelo
13651619,Perfume Ck In2u Eau De Toilette Masculino 150ml - Calvin Klein,,Beleza e Perfumaria,Perfumaria
14811858,Top Coat Esmalte Uv Para Unhas De Gel E Porcelana,,Beleza e Perfumaria,Unha
26026288,Crook Real Time Eau De Parfum - Perfume Feminino 100ml,,Beleza e Perfumaria,Perfumaria
25976960,Kit Alfaparf Midollo Di Bamboo Reconstrução Profissional (3 Produtos),,Beleza e Perfumaria,Produtos para cabelo
11563786,Meet Matt(E) Hughes The Balm - Batom Líquido Comitted,,Beleza e Perfumaria,Maquiagem
23002519,Yenzah - Máscara Rosa Mosqueta Linha SPA do Cabelo - 480g,,Beleza e Perfumaria,Cabelo
27081304,"Óleo Essencial De Melaleuca 100% Puro 10ml Tea Tree Tratamento De Unha Preta,micoses,sinusite,larin",,Beleza e Perfumaria,Cuidados Pessoais
12981080,Máscara Tigi Bed Head Urban Anti Dotes Ressurrection 200g,,Beleza e Perfumaria,Cabelo
21055005,Mantecorp Blancy Tx Clareador 30g,,Beleza e Perfumaria,Dermocosméticos
9789873,Senscience Pro-Formance C.P.R 2x25ml,,Beleza e Perfumaria,Cabelo
25977996,Klass Vough Bm-1401bl 15x - Espelho De Aumento,,Beleza e Perfumaria,Cuidados Pessoais
113090583,Perfume Lancôme La Vie Est Belle  Feminino Eau de Parfum 50ml,lancome,Beleza e Perfumaria,Perfumaria
9422683,Inoar Argan Oil Óleo De Tratamento 7ml - Óleo De Argan,,Beleza e Perfumaria,Cabelo
113415843,Depilador Elétrico Chiaro DEP131 Cadence Dourado e Branco,cadence,Beleza e Perfumaria,Depilação
18547127,Escova Disciplinante Alta Moda Semi Di Lino - Alfaparf,,Beleza e Perfumaria,Cabelo
31618775,Hidratante Facial FPS15 Todos Os Tipos De Pele 50G 017 Davene,,Beleza e Perfumaria,Cuidados Pessoais
31164906,Lancome Oui! 75Ml,,Beleza e Perfumaria,Perfumaria
27801700,Fibra De Vidro Para Alongamento De Unhas Piubella 100 Unid,,Beleza e Perfumaria,Unha
126898936,Estojo de Maquiagem Imakepad Roxo Vivai,vivai,Beleza e Perfumaria,Maquiagem
113914301,Shampoo Garnier Fructis Força e Brilho 400ml,,Beleza e Perfumaria,Produtos para cabelo
7934340,Super Billion Hair Fibra 25g Billion Hair - Disfarce Para Calvície Castanho Escuro,,Beleza e Perfumaria,Cabelo
18484376,Kit Antioxidante Shampoo Condicionador Cabelos Normais E Mistos Spray - Acquaflora,,Beleza e Perfumaria,Cabelo
120469170,Bálsamo Pós-Barba Nivea for Men Sensitive,nivea,Beleza e Perfumaria,Cuidados Pessoais
110961259,Batom Super Stay 24 Horas Várias Cores - Maybelline,maybelline,Beleza e Perfumaria,Maquiagem
29090935,Inoar Argan Oil Salon Duo Kit (2 Produtos),,Beleza e Perfumaria,Produtos para cabelo
130022347,Modelador Ga.ma Ceramic Nano Tourmaline 33mm,ga.ma italy,Beleza e Perfumaria,Cabelo
9716214,Kérastase Specifique Bain Prévention - Shampoo 250ml,,Beleza e Perfumaria,Banho
20760309,Madame Lis Escova Progressiva Madameliss Umbrella 2x1000ml,,Beleza e Perfumaria,Cabelo
11760346,Aparador De Pelos 127v Er389x-K881 Preto Panasonic,,Beleza e Perfumaria,Barbearia
11551322,Handsome Eau De Toilette Paris Elysees - Perfume Masculino 100ml,,Beleza e Perfumaria,Perfumaria
24288674,Prancha Bella Infrared,,Beleza e Perfumaria,Cabelo
31389324,Kit Com 12 Pincéis Mac Maquiagem Profissional Jogo Pincel,,Beleza e Perfumaria,Maquiagem
19534882,Chapinha Prancha Profissional Titanium 1 1/4 Até 450ºF Bivolt,,Beleza e Perfumaria,Cabelo
31525235,Cigar for Men - Masculino - 100 ml - 100 ml,,Beleza e Perfumaria,Perfumaria
11004959,Neutrogena Norwegian Hidratante Corporal Com 500 Ml,,Beleza e Perfumaria,Tratamento de Pele
22311465,Kanekalon Jumbo X-Pression,,Beleza e Perfumaria,Cabelo
120677711,BB Cream L'Oréal Paris Solar Expertise Protetor Solar Diário 5 em 1 FPS 50 50g,l'oreal paris,Beleza e Perfumaria,Proteção solar
119542712,Espelho de Maquiagem Portátil com Luz LED Pocket Mirror - Relaxmedic,relaxmedic,Beleza e Perfumaria,Cuidados Pessoais
28055263,Organizador de Cosméticos com 36 Nichos 93771,,Beleza e Perfumaria,Maquiagem
16018740,Portier Unique Reestruturante Capilar 1 Litro,,Beleza e Perfumaria,Cabelo
20626987,Shampoo Hipoalergenico Ibasa - 1 L,,Beleza e Perfumaria,Banho
21441711,Perfume Cool Madam Feminino Eau De Toilette 100ml | Paris Elysées,,Beleza e Perfumaria,Perfumaria
23709975,Barbeador Aparador Eletrico Powerpack Br395 6 Pentes Novo.,,Beleza e Perfumaria,Barbearia
14386841,Prancha Super Nano Titanium Babyliss Pro Optima3000 1 + 1/4,,Beleza e Perfumaria,Cabelo
9877782,Intensy Color Platinum Matizador Desamarelador 500ml,,Beleza e Perfumaria,Cabelo
30546093,Oli-Ola 300mg 30 Cápsulas + Sérum com Hydrolive 1% 30g,,Beleza e Perfumaria,Nutricosméticos
10716488,Creme Depilatorio Depimiel Para Corpo 120g,,Beleza e Perfumaria,Depilação
15831306,Senscience True Hue Condicionador 300ml - Fab Senscience Cosméticos,,Beleza e Perfumaria,Banho
120431729,Pó Compacto Maybelline Pure Make Up,maybelline,Beleza e Perfumaria,Maquiagem
22036302,Traduções Gold Nº 10 Perfume Feminino Referência Angel - 100 Ml Hinode,,Beleza e Perfumaria,Perfumaria
18265864,Lavande 1902 Tradition Eau De Cologne - Perfume Unissex 480ml,,Beleza e Perfumaria,Perfumaria
12915939,Selagem Térmica Cauterização 1kg Power Repair - Probelle,,Beleza e Perfumaria,Cabelo
11551416,Vodka Limited Edition Eau De Toilette Paris Elysees - Perfume Masculino 100ml,,Beleza e Perfumaria,Perfumaria
7448082,Nasal Trimmer Mini Aparador à Pilha - Wahl,wahl,Beleza e Perfumaria,Barbearia
120488135,Máscara para Cílios Colossal a Prova D'água Preto Maybelline,maybelline,Beleza e Perfumaria,Maquiagem
26652571,Espelho De Mesa Com Led Para Maquiagem Portátil - Cor Preto,,Beleza e Perfumaria,Cuidados Pessoais
6581523,Coloração Koleston Kit 366 Acaju Púrpura - Wella,,Beleza e Perfumaria,Cabelo
5616898,Sundown Protetor Solar Econômico FPS 50 200ml - Johnson & Johnson,sundown,Beleza e Perfumaria,Tratamento de Pele
110431160,Perfume Golden Delicious Feminino Eau de Parfum 100 ml - DKNY,,Beleza e Perfumaria,Perfumaria
27937915,Kit Tri Restore Aramath Home Care,,Beleza e Perfumaria,Produtos para cabelo
27668304,Paleta Maquiagem Ruby Rose 12 Sombras E Primer Blushed Nude,,Beleza e Perfumaria,Maquiagem
7330642,Hot Couture Eau de Parfum Feminino 100ml - Givenchy,,Beleza e Perfumaria,Perfumaria
27078835,Itallian Extreme Up Kit 3 Peças,,Beleza e Perfumaria,Produtos para cabelo
29717973,Inoar Macadâmia Oil Premium Tratamento Cabelo Bem Cuidado Kit (3 Produtos) + Nécessaire,,Beleza e Perfumaria,Produtos para cabelo
29717948,Inoar Macadâmia Oil Premium Kit de Tratamento Diário - 1000ml (2 Produtos) + Nécessaire,,Beleza e Perfumaria,Produtos para cabelo
25977988,Klass Vough Mr-01 15x - Espelho De Aumento,,Beleza e Perfumaria,Cuidados Pessoais
26485194,Kit Recarga Para Aparelho De Barbear Bic Flex 4 - 10 Unidades,,Beleza e Perfumaria,Barbearia
28196904,B.B. Cream Creme Milagroso 5 em 1 Base Média FPS20 30mL,,Beleza e Perfumaria,Maquiagem
12978909,Leave-In Truss Finish Hair Protector 250ml,,Beleza e Perfumaria,Cabelo
17194851,Banho De Verniz 1kg Hidratação E Brilho Máximo Forever Liss,,Beleza e Perfumaria,Cabelo
325827,Laloa Blue Eau de Toilette Feminino 100ml - Via Paris,,Beleza e Perfumaria,Perfumaria
15489587,Y-Kas Repair Treatment Bbtox Gold Máscara Botox 1kg,,Beleza e Perfumaria,Cabelo
11542741,Master Precise By Eye Studio Maybelline - Delineador Black,,Beleza e Perfumaria,Maquiagem
30876442,Zap Escova Progressiva (2 x 1 litro),,Beleza e Perfumaria,Produtos para cabelo
27550625,Leg Show Corretivo 90g - Maquiagem para Pernas - Pele Morena Media - Cosmezi,,Beleza e Perfumaria,Produtos para cabelo
29822145,Yenzah Om Óleo de Argan - Leave-In 240ml,,Beleza e Perfumaria,Produtos para cabelo
14054129,Perfume Lancôme La Vie Est Belle Eau De Parfum Feminino 100ml,,Beleza e Perfumaria,Perfumaria
29306596,Gama Secador Classic Branco 220v,,Beleza e Perfumaria,Aparelhos elétricos para cabelo
26346025,Kiss New York Brush-on Cola Para Unha Ref - Fbgl504,,Beleza e Perfumaria,Unha
18496180,Alicate De Tips De Unhas Aclp02br - Kiss New York,,Beleza e Perfumaria,Unha
12725402,Chapinha Prancha Profissional 1 1/4 Elo Titanium  450f - Lavinnhair,,Beleza e Perfumaria,Cabelo
11582561,Beauty Lady Eau De Parfum Cuba Paris - Perfume Feminino 100ml,,Beleza e Perfumaria,Perfumaria
113585210,Secador de Cabelo Portátil Travel Hair Sc1200 1200W Bivolt - Black & Decker,black & decker,Beleza e Perfumaria,Produtos para cabelo
24644514,Protetor Solar Antioleosidade La Roche-posay Anthelios Airlicium Fps 30 Gel-creme 50g,,Beleza e Perfumaria,Proteção solar
26054238,Máquina De Cortar Cabelo Cab175 220v Cadence,,Beleza e Perfumaria,Barbearia
22807313,Body Splash Victoria'S Secret Coconut Passion 250 Ml,,Beleza e Perfumaria,Perfumaria
20748680,Perfume Joop Homme Masculino Eau De Toilette 125ml Joop,,Beleza e Perfumaria,Perfumaria
403262,Aparador de Pêlos Britânia,britania,Beleza e Perfumaria,Barbearia
15498852,Versace Yellow Diamont Eau De Toilette 30 Ml,,Beleza e Perfumaria,Perfumaria
15604511,Leau Dissey Pour Homme Masculino Eau De Toilette 125ml - Issey Miyake,,Beleza e Perfumaria,Perfumaria
24869088,Hi & Dri Power Fresh Roll-on Desodorante (3 Un X 50 Ml),,Beleza e Perfumaria,Cuidados Pessoais
132803729,Barbeador Philips S1030 Cerberus com 3 Cabeças de Corte e Lâminas Clean Cut,,Beleza e Perfumaria,Barbearia
31299630,Truss Shampoo + Cond Ultra-hidratante+ Masc+ Uso Obrigatório,,Beleza e Perfumaria,Produtos para cabelo
12978923,Reparador De Pontas Truss Finish Gloss Shine 60ml,,Beleza e Perfumaria,Cabelo
20038371,Truss Work Station Miracle Shampoo Deep Cleaning - 1lt,,Beleza e Perfumaria,Banho
14388893,"Loreal Professionnel Lumino Contrast Kit Sh 1,5l + Cond 1,5l + Máscara 500g",,Beleza e Perfumaria,Cabelo
7933969,Lanza Finalizador Healing Strength Neem Plant Silk Serum - 100ml,,Beleza e Perfumaria,Cabelo
337917,Perfume Grès Cabotine Feminino Eau de Toilette 100ml,,Beleza e Perfumaria,Perfumaria
27278050,Wahl Unicord Combo 110v Magic Clip V9000 + Razor Edger 110v,,Beleza e Perfumaria,Cabelo
11543764,Normalize Fps 60 Ada Tina - Protetor Solar 50ml,,Beleza e Perfumaria,Dermocosméticos
7937112,Keune Shampoo Design Silver Reflex 1000ml,,Beleza e Perfumaria,Banho
23006431,Leave In Memorizador Cachos Sim Haskell 500ml,,Beleza e Perfumaria,Cabelo
22281363,Inoar Kit Plástica Capilar Marroquina Ghair 3x1 Litro,,Beleza e Perfumaria,Cabelo
15807244,Anthelios Airlicium Helioblock Gel-Creme Toque Limpo Antioleosidade La Roche-Posay Fps 70 50g,,Beleza e Perfumaria,Dermocosméticos
20117542,Kit Cosméticos Crece Pelo Boé Pack Com 5 Produtos Boé,,Beleza e Perfumaria,Cabelo
23018507,Modelador Triondas Deep Waver Nano Titanium Babyliss Pro - 230ºc440ºf 110v,,Beleza e Perfumaria,Cabelo
27802444,Gaby Eau De Toilette Paris Elysees Feminino 100ml,,Beleza e Perfumaria,Perfumaria
23357941,Escova Para Cabelo Santa Clara Jacaré,,Beleza e Perfumaria,Cabelo
325701,Máquina de Cortar Cabelo Home Pro Basic - Wahl Clipper,wahl,Beleza e Perfumaria,Cabelo
21948454,Lâmina De Reposição Para Barbeador Bodygroom Philips,,Beleza e Perfumaria,Barbearia
20783585,Lâmina De Reposição Para Barbeador Bodygroom Philips,,Beleza e Perfumaria,Barbearia
22061629,Lâmina De Reposição Para Barbeador Bodygroom Philips,,Beleza e Perfumaria,Barbearia
31421422,Creme Anti Rugas Nívea Q10 Diurno 49g,,Beleza e Perfumaria,Cuidados Pessoais
23370938,Imecap Hair Queda Intensa,,Beleza e Perfumaria,Cabelo
14360509,Tesoura De Cabeleireiro 7polegadas,,Beleza e Perfumaria,Cabelo
113908808,Máquina Multi Acabamento Bivolt Mega,mega,Beleza e Perfumaria,Barbearia
20038616,Truss Cuidados Diários Equilíbrium Shampoo (Cabelo Misto) - 300ml,,Beleza e Perfumaria,Cabelo
132343777,Chapa Taiff Fox Íon 3 Visor Digital Bivolt Rosé,,Beleza e Perfumaria,Aparelhos elétricos para cabelo
23222065,Wahl Legend V9000 110v,,Beleza e Perfumaria,Barbearia
28647279,Emagrecedor Seca Barriga Reduz Celulite Wonder Patch Up Body,,Beleza e Perfumaria,Cuidados Pessoais
5097804,"Modelador Tourmaline Íon Cerâmica  3/4"" - Bivolt - Taiff",,Beleza e Perfumaria,Cabelo
19190691,Barbeador 4d Philco Premium - | Bivolt Bivolt,,Beleza e Perfumaria,Barbearia
114270535,Perfume Paco Rabanne 1 Million Masculino Eau de Toilette 200ml,paco rabanne,Beleza e Perfumaria,Perfumaria
12198313,Chapa Look Ion 450 Action,,Beleza e Perfumaria,Cabelo
25843483,Secador Titanium Colors 5 Temperaturas 2 Velocidades 2100w Laranja 220v - Taiff,,Beleza e Perfumaria,Aparelhos elétricos para cabelo
25520694,Secador De Cabelos Taiff Vulcan 2400w 110v,,Beleza e Perfumaria,Aparelhos elétricos para cabelo
20036364,Truss Cuidados Diários Discipline Kit Shampoo + Condicionador,,Beleza e Perfumaria,Cabelo
119796755,Pincel para Base Flat Foundation - Ecotools,ecotools,Beleza e Perfumaria,Maquiagem
16729511,Reviline Olhos Creme Antirrugas 15g,,Beleza e Perfumaria,Dermocosméticos
30326314,Secador De Cabelo Portátil Black Decker Bivolt Sc 1200,,Beleza e Perfumaria,Aparelhos elétricos para cabelo
16032523,"Chapinha De Cabelo Taiff Cerâmica Com 180 Graus, Led Indicador E Cabo De 1.80m - Bivolt Automático",,Beleza e Perfumaria,Cabelo
122700540,Creme Revitalift Blur Lóreal Paris 30ml,revitalift,Beleza e Perfumaria,Cuidados Pessoais
26090770,Lift Derma Creme Anti Idade Rejuvenecedor Hidratante Anti Rugas 50 Ml Combate o Envelhecimento,,Beleza e Perfumaria,Dermocosméticos
11472960,Hugo Eau De Toilette Hugo Boss - Perfume Masculino 125ml,,Beleza e Perfumaria,Perfumaria
11693829,Le Parfum Eau De Parfum Jacomo - Perfume Feminino 100ml,,Beleza e Perfumaria,Perfumaria
116327996,Secador Parlux 385 Ion Vermelho,parlux,Beleza e Perfumaria,Aparelhos elétricos para cabelo
15716722,"Escova Alisadora Mondial Ea-01 Magic Brush Íon Bivolt, Vermelha Bivolt",,Beleza e Perfumaria,Cabelo
30974114,Alicate de cutícula soling profissional referência 72,,Beleza e Perfumaria,Unha
24807788,Vodka Night - Paris Elysses - Masculino - 100ML,,Beleza e Perfumaria,Perfumaria
131984847,Escova Rotativa Britânia Single 2 Temperaturas Branca - 900W,britania,Beleza e Perfumaria,Aparelhos elétricos para cabelo
25976940,Nick & Vick Nutri-Hair Raiz e Pontas Equilibradas Kit (2 Produtos),,Beleza e Perfumaria,Produtos para cabelo
18238786,Good Girl Carolina Herrera Eau De Parfum - Perfume Feminino 30ml,,Beleza e Perfumaria,Perfumaria
20750115,Kit 8 Pentes Premium Cutting Guides Wahl,,Beleza e Perfumaria,Cabelo
31785292,Azenka Ampola de Chantily 1 Unidade 1x15ml,,Beleza e Perfumaria,Produtos para cabelo
18154907,Renovil - Efeito Cinderela Com Dmae Tensup 30ml - Abelha Rainha,,Beleza e Perfumaria,Tratamento de Pele
23433831,Perfume Masculino Joop Red King Limited Edition Homme Eau De Toilette - 125ml,,Beleza e Perfumaria,Perfumaria
18843722,Richée Professional Escova Capilar Bioplástica 2x1000ml,,Beleza e Perfumaria,Cabelo
29883753,Paris Riviera Soul 100ml EDT,,Beleza e Perfumaria,Perfumaria
8462206,Creme Anti-Rugas Redermic R 30g - La Roche-Posay,,Beleza e Perfumaria,Dermocosméticos
22509266,Invictus Intense Paco Rabanne - Perfume Masculino - Eau De Toilette,,Beleza e Perfumaria,Perfumaria
25520929,Máquina De Corte Babyliss Pro X2 Ferrari Volare Fx8,,Beleza e Perfumaria,Produtos para cabelo
12958459,Escova Progressiva Sem Formol Salvatore Blue Gold (2x1litro),,Beleza e Perfumaria,Cabelo
6733522,Azzaro Pour Homme Eau de Toillete Vapo Masculino 200ml - Azzaro,,Beleza e Perfumaria,Perfumaria
20053402,Chapinha/Prancha Alisadora Mondial Ultra Ion P-14 - Bivolt,,Beleza e Perfumaria,Cabelo
29543425,Kit Escova Japonesa Coolth,,Beleza e Perfumaria,Produtos para cabelo
8098657,Silver Reflex Keune - Shampoo Para Cabelos Louros Ou Grisalhos 250ml,,Beleza e Perfumaria,Banho
10811731,Clareador Reflexos Naturais Biondina Refil 140ml - Anaconda,,Beleza e Perfumaria,Cabelo
9421294,Natutrat Reconstrução Máxima Sos 10 Em 1 Shampoo 1000ml - 50 Aplicações,,Beleza e Perfumaria,Banho
24707229,Gel Lipo Redutor Slimfit Termo Ativo Anti Celulite 200g,,Beleza e Perfumaria,Cuidados Pessoais
11549162,Super Billion Hair Fibra 25g Billion Hair - Disfarce Para Calvície Castanho Médio,,Beleza e Perfumaria,Cabelo
21081537,Elixir Remineralizante Age System 500ml - Aneethun,,Beleza e Perfumaria,Banho
24332705,Aneethun Age Máscara Regeneradora 250g,,Beleza e Perfumaria,Cabelo
31753846,Anna Haven Lv-1 Leave-in  250ml,,Beleza e Perfumaria,Produtos para cabelo
126510639,Protetor Facial Solar  L'Oréal Expertise Toque Seco Com Cor FPS 50,l´oreal,Beleza e Perfumaria,Maquiagem
11551447,Vodka Love Eau De Toilette Paris Elysees - Perfume Feminino 100ml,,Beleza e Perfumaria,Perfumaria
132627403,Aparador de Pelos Multigroom com 6 Acessórios MG3712 - Philips,,Beleza e Perfumaria,Barbearia
27636633,Protetor de camisas Axil Clean antimanchas de suor para axilas Ideal-sec Kit 3cx,,Beleza e Perfumaria,Cuidados Pessoais
8588380,Batom Dailus Matte 08 Lips Sexy,,Beleza e Perfumaria,Maquiagem
120469090,Creme Antissinais Nivea Q10 Hidratante Dia,nivea,Beleza e Perfumaria,Cuidados Pessoais
352097,Protetor Solar Expertise Loção FPS 15 200ml - L'Oréal Paris,l´oreal,Beleza e Perfumaria,Tratamento de Pele
26097036,Kit Shampoo + Condicionador Mandioca 1000 Ml - Seduction Professional,,Beleza e Perfumaria,Produtos para cabelo
132608528,Depilador Philco Aqua Deluxe - Bivolt,,Beleza e Perfumaria,Depilação
30576466,Cabelo humano loiro  60 cm 50 gramas,,Beleza e Perfumaria,Produtos para cabelo
28621456,Love Potion Hidratante Capilar Gelatina 300g,,Beleza e Perfumaria,Produtos para cabelo
121460214,Lixas Rotativas Amopé Pedi Perfect Substituíveis,amope,Beleza e Perfumaria,Cuidados Pessoais
7939641,Miracurl Babyliss Pro Nano Titanium - 110v,,Beleza e Perfumaria,Cabelo
27986278,Ruby Rose Paleta Corretivo 6 Cores HB-8088 - Medium,,Beleza e Perfumaria,Maquiagem
16655489,Truss Ultra Hidratante Plus - Kit 2 Produtos (Sh.+Cond.) 300ml,,Beleza e Perfumaria,Cabelo
22180916,Protetor Térmico Truss Finish Body Volume 250ml,,Beleza e Perfumaria,Cabelo
20657153,Lixa Elétrica Para Unhas - Multiuso C/ 5 Acessórios,,Beleza e Perfumaria,Unha
20036267,Truss Cuidados Diários Blond Kit Shampooo + Condicionador + Máscara,,Beleza e Perfumaria,Cabelo
115840368,Escova Rotativa Cadence Candie ESC301,cadence,Beleza e Perfumaria,Aparelhos elétricos para cabelo
120288686,Body Splash Barbie Pink Sweet 200ml,barbie,Beleza e Perfumaria,Perfumaria
18555813,Tonalizante Creative Crazy Colors Dark Violet Alta Moda 120g – Alfaparf,,Beleza e Perfumaria,Cabelo
27192712,Aplique de cabelo Rabo de Cavalo Hairdo 58cm Avelã,,Beleza e Perfumaria,Produtos para cabelo
27544352,Escova Alisadora Para Cabelos Hqt906b,,Beleza e Perfumaria,Cabelo
121398895,Perfume Golden Secret Antonio Banderas Masculino Eau de Toilette 200ml,antonio banderas,Beleza e Perfumaria,Perfumaria
15091998,Loréal Professionnel Absolut Repair Pós-Química Intra-Filtre Multi-Reconstrutor - Ampola 3 X10ml,,Beleza e Perfumaria,Cabelo
18542993,Hair Spray Fixador Mega Hold Finish  Control 24 Hour Hold 283g - Vital Care,,Beleza e Perfumaria,Cabelo
12125519,Mavala Double Lash Tratamento De Crescimento Dos Cílios 10ml,,Beleza e Perfumaria,Maquiagem
8641484,Igora Royal Tintura  Nova  ( Cor 8.0 Cor 12.19). - 9.5/18 - Rosa,,Beleza e Perfumaria,Cabelo
307872,Very Irrésistible Sensual Eau de Parfum Feminino 30ml - Givenchy,,Beleza e Perfumaria,Perfumaria
15715300,Cacheador Ondulador Enrolador De Cabelo - Bivolt,,Beleza e Perfumaria,Cabelo
31995318,Creme TOE - Tratamento Ortomolecular para Estrias,,Beleza e Perfumaria,Cuidados Pessoais
11933010,Miracurl Babyliss Pro Nano Titanium 220v,,Beleza e Perfumaria,Cabelo
20255722,Espuma De Banho Para Hidromassagem Kama Sutra,,Beleza e Perfumaria,Banho
18497485,Kit Lina Banho De Gel Completo,,Beleza e Perfumaria,Unha
12758475,Máscara 500g Loréal Absolut Repair Pós Quimica,,Beleza e Perfumaria,Cabelo
29258351,Loção Hidratante É Hoje,,Beleza e Perfumaria,Cuidados Pessoais
11500282,Esfoliador de Pés Elétrico Ped Egg,,Beleza e Perfumaria,Tratamento de Pele
13433216,Revlon Primer Photoready Perfecting Primer - 27ml,,Beleza e Perfumaria,Maquiagem
16029840,Eucerin Protetor Solar Mat Toque Seco Fps60 50ml,,Beleza e Perfumaria,Dermocosméticos
23000706,Escova Progressiva ILike Kit 2x1 Litro,,Beleza e Perfumaria,Cabelo
27116859,Kit Bioplastia Reconstrução Capilar Lowell,,Beleza e Perfumaria,Produtos para cabelo
21746139,Prancha Babyliss Pro Nano Titanium Pink 1 ¹/4´´ 450º F/230 ºC By Roger 110v,,Beleza e Perfumaria,Cabelo
30883582,Cílios Postiços Sem Cola Magnéticos Imã Cabelo Artificial,,Beleza e Perfumaria,Maquiagem
18544610,Shampoo Com Algas 500 Ml – Midori Profissional,,Beleza e Perfumaria,Banho
115158158,Perfume Britney Spears Fantasy Midnight  Feminino Eau de Parfum 100ml,britney spears,Beleza e Perfumaria,Perfumaria
28916659,Kit Senscience Balance Duo 2 Produtos,,Beleza e Perfumaria,Produtos para cabelo
18799701,K.Pro Petit Condicionador 1kg,,Beleza e Perfumaria,Cabelo
20825336,Máquina De Corte Sem Fio Mini Pro Wahl,,Beleza e Perfumaria,Barbearia
30408224,Kit Máquina Wahl Detailer Bivolt + Wahl Legend V9000 220v,,Beleza e Perfumaria,Barbearia
128339265,Espelho de Bolsa com Luz LED Color Mirror - Ana Hickmann,ana hickmann,Beleza e Perfumaria,Cuidados Pessoais
15650127,Felps Btox Massa Óleo De Argan E Macadâmia - 1kg,,Beleza e Perfumaria,Cabelo
132679705,Aparador de Pelos Multigroom com 8 acessórios Mg3731/15 - Philips,,Beleza e Perfumaria,Barbearia
119394511,Perfume Feminino Miss Gabriela 60ml,gabriela sabatini,Beleza e Perfumaria,Perfumaria
27545758,Maybelline Colossal Falsies Waterproof Kit (2 Produtos),,Beleza e Perfumaria,Maquiagem
32232285,Mesa para manicure e prateleira 80Lx76Ax30P 100% Mdf branco fosco,,Beleza e Perfumaria,Artigos de Salão de Beleza
21502093,Shampoo de Silicone Tutano e Queratina Linha A 1L - Aneethun,,Beleza e Perfumaria,Banho
9928176,Batom Maybelline Color Sensational Cremoso 210 Sorte Jogo,maybelline,Beleza e Perfumaria,Maquiagem
20792736,Shampoo L´Oréal Professionnel Absolut Repair Cortex Lipidium 1500 Ml + Válvula De Brinde,,Beleza e Perfumaria,Banho
25410113,Emulsão Perfumada Frangipani Flower 350 ml,,Beleza e Perfumaria,Cuidados Pessoais
26619367,Andis Slimline Pro Li Máquina Acabamento Profissional Bivolt,,Beleza e Perfumaria,Barbearia
19668531,Perfume Empire Vip 100ml - Hinode,,Beleza e Perfumaria,Perfumaria
5411969,Bvlgari Extrême Pour Homme Masculino Eau de Toilette 50 ml - Bvlgari,bvlgari,Beleza e Perfumaria,Perfumaria
126763636,Lenços de Limpeza Facial Dermo Expertise Lenço Micelar 5 em 1 -  L'Oréal Paris,l'oreal paris,Beleza e Perfumaria,Cuidados Pessoais
13432390,Gabriela Sabatini Feminino Eau de Toilette,,Beleza e Perfumaria,Perfumaria
16784517,Aparador De Pelos Clean  Confident Roxo Wahl,,Beleza e Perfumaria,Barbearia
31262449,Barbeador Philips HQ6904 3 Cabeças 2V,,Beleza e Perfumaria,Barbearia
19405255,Perfume Animale Animale Eau De Toilette Masculino 200ml,,Beleza e Perfumaria,Perfumaria
31480764,Depilador Elétrico Philips Satinelle BRE-632 5.4W Resistente a Água Bivolt - Branco/Rosa,,Beleza e Perfumaria,Depilação
114382537,Prancha Salon Line Progessive Titanium Bivolt,salon line,Beleza e Perfumaria,Aparelhos elétricos para cabelo
12024679,Inoar Escova Progressiva Inteligente Alemã Germany Hair - Ghair (3 X 1 Litro),,Beleza e Perfumaria,Cabelo
11485738,Mega Bottox Realinhamento Térmico 1kg Força Super Probelle,,Beleza e Perfumaria,Cabelo
22783785,Pedra Hume Farmax Spray 30ml,,Beleza e Perfumaria,Cabelo
15948779,Dermage Improve C20 30g,,Beleza e Perfumaria,Dermocosméticos
118846319,Escova Lava Costas de Bambu - Orgânica,organica,Beleza e Perfumaria,Cuidados Pessoais
14970182,Ampola Power Queratina - Superdose Imediata - 15ml - (05.231) - Yenzah,,Beleza e Perfumaria,Cabelo
26021981,Revlon Colorstay Pele Mista E Oleosa True Beige - Base Líquida 30ml,,Beleza e Perfumaria,Maquiagem
7011022,Loção Hidratante Firmador Q10 Plus 200ml - Nivea,nivea,Beleza e Perfumaria,Tratamento de Pele
18482833,Kit Shampoo Progress + Hidratação De Impacto + Máscara Sos 250g - Midori Profissional,,Beleza e Perfumaria,Cabelo
24867905,"Aussie Kit Moist Shampoo, Condicionador 865ml E Mascara 236ml",,Beleza e Perfumaria,Produtos para cabelo
26037911,Secador De Cabelo Modelo Viagem Preto E Prata 1200w Bivolt - Eb01 - Multilaser,,Beleza e Perfumaria,Aparelhos elétricos para cabelo
15726791,Barbeador Elétrico Multifuncional 3 Em 1 Cinza,,Beleza e Perfumaria,Barbearia
27986530,Óleo Essencial Lavanda Francesa,,Beleza e Perfumaria,Cuidados Pessoais
29583885,Inoar Vegan Tratamento Kit (3 Produtos),,Beleza e Perfumaria,Produtos para cabelo
17054810,Inoar Oxyfree Cachos Online Crespoélindo Creme De Pentear 300ml,,Beleza e Perfumaria,Cabelo
31104527,"Maybelline Master Strobing Stick Light Iridescent 100 - Iluminador Cintilante 6,8g",,Beleza e Perfumaria,Maquiagem
112032197,Creme Multitratamento Diurno Total Repair 10 FPS 20 Revitalift 50ml - Dermo Expertise - L'Oréal Paris,l'oreal paris,Beleza e Perfumaria,Cuidados Pessoais
15828937,Maquina Profissional De Cortar Cabelo Aparar Barba Depilador,,Beleza e Perfumaria,Barbearia
8026633,Lee Stafford Poker Straight Flat Iron Protection Shine Mist - Protetor Térmico 200ml,,Beleza e Perfumaria,Cabelo
304871,Anaïs Anaïs Cacharel Eau de Toilette Feminino 100ml,cacharel,Beleza e Perfumaria,Perfumaria
20591959,Aparador De Pelos Do Nariz E Ouvido Panasonic Er416,,Beleza e Perfumaria,Barbearia
27164548,Alinhador E Pente Modelador Para Barba De Madeira Barbeiro,,Beleza e Perfumaria,Barbearia
24840402,"Kit Dermaroller 2.00mm + 3 Serum (colageno, Vitamina C E Ácido Hyaluronic)",,Beleza e Perfumaria,Cuidados Pessoais
29622397,L'Oréal Paris Magic Retouch Preto - Corretivo de Raiz Instantâneo 75ml,,Beleza e Perfumaria,Produtos para cabelo
131018147,Secador de Cabelo Taiff Fox Íon 3 2 Velocidades Dourado - 2200W,taiff,Beleza e Perfumaria,Aparelhos elétricos para cabelo
23004382,Cacheador Profissional Modelador De Cachos Digital Led Curl Secret Ceramic Bivolt,,Beleza e Perfumaria,Cabelo
116398410,Barbeador Shaver Bivolt - New Me,new me,Beleza e Perfumaria,Barbearia
23079917,Secador De Cabelo Black And Decker 2000w Com Duas Velocidades 220v - 220v,,Beleza e Perfumaria,Cabelo
22701538,Kerastase Nutritive Shampoo Bain Satin 2 Irisome 1000ml,,Beleza e Perfumaria,Banho
30641775,Cabeça De Boneca 100% Natural 60 Cm Castanho Médio E Suporte De Mesa,,Beleza e Perfumaria,Cabelo
22297728,Botox White Maria Escandalosa Creme Alisante 1kg,,Beleza e Perfumaria,Cabelo
23420959,D’agua Natural - Creme de Massagem CAFEÍNA 7 ATIVOS - 650g,,Beleza e Perfumaria,Banho
6852529,Máquina de Cortar Cabelos Pro Basic - Wahl,,Beleza e Perfumaria,Cabelo
24341636,Kit Tesoura Profissional Fio LASER + Navalha + Navalhete Desfiadeira Prata,,Beleza e Perfumaria,Barbearia
18483697,Kit Buriti Mechas Pó Descolorante E Oxigenada 40 Vol - Cadiveu,,Beleza e Perfumaria,Cabelo
29900884,Estojo de Maquiagem Completo Luisance 87 itens - L227,,Beleza e Perfumaria,Maquiagem
19193103,"Lola Cosmetics - Kit Meu Cacho, Minha Vida (Shampoo/Cond/Gel/Creme De Pentear/Masc)",,Beleza e Perfumaria,Cabelo
30063481,Necessaire Bolsa Térmica feminina modelo 3 CBRN04874,,Beleza e Perfumaria,Maquiagem
9548784,Lupa De Aumento De Mao 75mm Com Iluminacao De Luz De Led E Ampliacao 3x,,Beleza e Perfumaria,Unha
23102957,Perfume Bvgari Aqva Pour Homme Edt Masculino,,Beleza e Perfumaria,Perfumaria
30207761,Kit Sabonete Vegetal Rosas C/4un 200gr Cada 366 Davene,,Beleza e Perfumaria,Cuidados Pessoais
7939803,Pó Descolorante Buriti Mechas Cadiveu 500g,,Beleza e Perfumaria,Cabelo
18895238,Barbeador Aparador Portatil Kemei 5500 Recarregavel Bivolt,,Beleza e Perfumaria,Barbearia
16370737,Nuxe Reve De Miel Shampoo Shampoo 300ml,,Beleza e Perfumaria,Banho
14281087,La Roche-Posay Effaclar Gel Concentrado De Limpeza 60g,,Beleza e Perfumaria,Dermocosméticos
11130886,Secador De Parede Milano - 220v 1600w,,Beleza e Perfumaria,Cabelo
10640036,Perfume Yves Saint Laurent Kouros Silver Masculino Eau De Toilette 100ml,,Beleza e Perfumaria,Perfumaria
11556484,Maquina De Corte Wahl Super Taper,,Beleza e Perfumaria,Cabelo
110870613,Secador Taiff Titanium Colors 2100W,taiff,Beleza e Perfumaria,Aparelhos elétricos para cabelo
26022695,Viva La Juicy Gold Couture Juicy Couture Eau De Parfum - Perfume Feminino 100ml,,Beleza e Perfumaria,Perfumaria
22702371,Protetor Térmico Kérastase Nutritive Nectar Thermique 150ml,,Beleza e Perfumaria,Cabelo
18340829,Redken All Soft Argan 6 Oil - Óleo de Argan 90ml,,Beleza e Perfumaria,Cabelo
9941862,Issey Miyake Leau Dissey Pour Homme Masculino Edt 200 Ml,,Beleza e Perfumaria,Perfumaria
21975166,Inoar Argan Oil Óleo De Tratamento 7ml,,Beleza e Perfumaria,Cabelo
17311183,Shampoo Em Barra Barba Forte Jungle 130g,,Beleza e Perfumaria,Banho
132343101,Chapa Taiff Fox Íon 3 Visor Digital Bivolt Dourada,,Beleza e Perfumaria,Aparelhos elétricos para cabelo
27843645,Kit Escova Progressiva Zap All Time + Botox Capilar Ztox 1kg + Máscara 60 Segundos Alto Impacto 950g,,Beleza e Perfumaria,Produtos para cabelo
22701682,Kérastase Résistance Mascara Force Architecte 1-2 - 200ml,,Beleza e Perfumaria,Cabelo
16018673,Salvatore Blue Gold Premium - Escova Progressiva,,Beleza e Perfumaria,Cabelo
12292288,Leads Care Glitter Cream - Máscara 500g,,Beleza e Perfumaria,Cabelo
16180330,Perfume Masculino Calvin Klein Eternity For Men 100ml Edt Spray,,Beleza e Perfumaria,Perfumaria
23676658,Prancha Chapinha Lizz Smart Titanium Profissional Até 450º F,,Beleza e Perfumaria,Cabelo
11780525,Black Caviar Woman Eau De Toilette Paris Elysees - Perfume Feminino 100ml,,Beleza e Perfumaria,Perfumaria
18482675,Kit Shampoo 300ml + Tônico Fortalecedor Crescimento Acelerado Sos Bomba 100ml - Salon Line,,Beleza e Perfumaria,Cabelo
7343552,Secador Íon Parlux 3800 Preto,parlux,Beleza e Perfumaria,Cabelo
23119328,Perfume Grace Midnight 100ml - Hinode,,Beleza e Perfumaria,Perfumaria
24160295,Serum 10 Skinceuticals - Rejuvenescedor Facial,,Beleza e Perfumaria,Dermocosméticos
17739394,Modelador Gama Ceramic Nano Tourmaline 25mm Bivolt,,Beleza e Perfumaria,Cabelo
119690731,Kit de Unha Acrílico Profissional New Me by First Kiss,new me,Beleza e Perfumaria,Unha
16033642,Maria Escandalosa Kit Escova Progressiva + Beautox White,,Beleza e Perfumaria,Cabelo
17474269,Máscara Capilar Tpm Anti Stress Cabelo Seco E Danificado Forever Liss,,Beleza e Perfumaria,Cabelo
26202394,Kit Calvin Klein 2 Perfumes Ck One 100ml E Ck Be 100ml,,Beleza e Perfumaria,Perfumaria
21007057,Pinça Depilação 10 Cm Laqueada Ergo Tech Ponta Fina,,Beleza e Perfumaria,Maquiagem
24698436,Silicon Mix Bambu Kit Shampoo 1 Litro + Mascara 1 Kilo,,Beleza e Perfumaria,Produtos para cabelo
22603060,Lola Cosmetics Morte Súbita Máscara Hidratação 930g,,Beleza e Perfumaria,Cabelo
22674674,Catharine Hill Paleta De Sombras - 30 Cores - Cód. 1017,,Beleza e Perfumaria,Maquiagem
15807383,Profuse Nutrel Gel De Limpeza Facial 100ml,,Beleza e Perfumaria,Dermocosméticos
25494291,Red Iron Inibidor De Irritabilidade Suavizador Hp 120ml,,Beleza e Perfumaria,Produtos para cabelo
6746845,Tratamento para Unhas Fracas Nail Shield 10ml - Mavala,mavala,Beleza e Perfumaria,Unha
9424445,Babyliss Pro Modelador Nano Titanium Triondas Waver - 230ºC/440ºF - 110v,,Beleza e Perfumaria,Cabelo
31082616,Mascara Matizadora RED Maria Escandalosa - 500g,,Beleza e Perfumaria,Cabelo
29447301,100 Moldes Tips Reutilizável Unha Porcelana Acrigel Modelo F1,,Beleza e Perfumaria,Unha
30846039,Kérastase Mascara Nutri - Thermique 200Ml,,Beleza e Perfumaria,Perfumaria
18277079,Inoar Extreme Premium Lifting Capilar Kit (2 Produtos),,Beleza e Perfumaria,Cabelo
7141665,Shampoo Botanique Cabelos Oleosos 200ml - Vizcaya,,Beleza e Perfumaria,Banho
110759595,Suavizador de Olheiras Roll on Revitalift 15 ml - Dermo Expertise - L'Oréal Paris,l'oreal paris,Beleza e Perfumaria,Cuidados Pessoais
15038872,Lápis De Sobrancelha Maybelline Brow Drama Express Cor Castanho Médio,,Beleza e Perfumaria,Maquiagem
29471725,KIT 3 Desodorantes Em Creme Pierre Alexander - 50g cada,,Beleza e Perfumaria,Cuidados Pessoais
30246480,Ruby Rose Base Liquida Matte 29ml Hb-8073 L15,,Beleza e Perfumaria,
28507553,Botox e Progressiva Sem Formol Yper Blend Mega Alisamento 2x1000ml,,Beleza e Perfumaria,Produtos para cabelo
25748096,"Escova Secadora Philco Soft Brush 1000w, Seca E Escova, 3 Temperaturas, 2 Velocidades - 110v",,Beleza e Perfumaria,Aparelhos elétricos para cabelo
18356475,Kit Unha Gel Acrigel + Cabine + Lixa + Kit Gel Acrygel -110v,,Beleza e Perfumaria,Unha
28393098,Sutia Adesivo Invisivel Push Up Silicone Ajustavel Tamanho B Bege (88837),,Beleza e Perfumaria,Cuidados Pessoais
30452455,DermoDin  Proteção e Hidratação Diabetes  100 gramas - Apotech,,Beleza e Perfumaria,Cuidados Pessoais
32313650,Depilador Philips Satinelle HP6420 2 Velocidades 100-240V / 50~60Hz - Branco/Rosa,,Beleza e Perfumaria,Depilação
15952805,Prancha Nano titanium Chapinha profissional Bivolt 230c 1 1/4,,Beleza e Perfumaria,Cabelo
30490565,Barbeador Sem Fio Philips Shaver Series 9000 S9031/12 (3 cabeças) 2V,,Beleza e Perfumaria,Barbearia
14684281,Floractive  Escova Progressiva   W One  Revolution 1 Litro,,Beleza e Perfumaria,Cabelo
18894858,Kit 12 Pinceis Pincel Macrilan Maquiagem E Necessaire,,Beleza e Perfumaria,Maquiagem
25398761,Axigram Solst Protetor Solar Sport Fps50 - 55g,,Beleza e Perfumaria,Dermocosméticos
27835275,Real Techniques Kit Pinceis 6 Pcs,,Beleza e Perfumaria,Maquiagem
31540768,Grampo Para Cabelo Darma Invisivel Cobreado Darma,,Beleza e Perfumaria,Produtos para cabelo
8430148,Kérastase Reflection Bain Chroma Captive Shampoo 250ml,,Beleza e Perfumaria,Banho
7842544,Condicionador Fondant Chroma Captive Reflection 200ml - Kérastase,,Beleza e Perfumaria,Banho
12023140,Amend Máscara Matizadora Specialist Blonde 300g,,Beleza e Perfumaria,Cabelo
22260678,Kit Eico Seduction Napaixonada Shampoo + Condicionador + Máscara,,Beleza e Perfumaria,Cabelo
8440629,Kérastase Fusio-Dose Concentré Oléo-Fusion Ampola 12ml,,Beleza e Perfumaria,Cabelo
119372952,Protetor Solar Heliocare Max Defense FPS 50 50g,heliocare,Beleza e Perfumaria,Proteção solar
10654551,Lumixyl Loção Cremosa  Aplicador Com 30 Ml,,Beleza e Perfumaria,Tratamento de Pele
19895727,Kit 12 Pinceis Maquiagem,,Beleza e Perfumaria,Maquiagem
23098217,Creme Alisante Flores Gold Black Amend,,Beleza e Perfumaria,Cabelo
17351201,"Secador Ga.ma Vibrant New 2.000w, 6 Temperaturas, 2 Velocidades, Jato Ar Frio, Bico Direcionador",,Beleza e Perfumaria,Cabelo
26027241,Granado Granaderma Antioleosidade - Gel Hidratante Facial 50g,,Beleza e Perfumaria,Cuidados Pessoais
15802927,Mustela Bebê Shampoo Espuma Recém-Nascido 150ml,,Beleza e Perfumaria,Banho
11310477,Chapinha Prancha Nano Titanium Babyliss PRO Larga By Roger 1 + 3/4 44mm - 220v,,Beleza e Perfumaria,Cabelo
12354289,Inoar Kit Duo Absolut Speed Blond,,Beleza e Perfumaria,Banho
25413403,Loreal Inoa 7 Louro - Tintura 60g,,Beleza e Perfumaria,Produtos para cabelo
18345511,Schwarzkopf Professional Bc Bonacure Q10 Time Restore Spray Kit (3 Produtos),,Beleza e Perfumaria,Cabelo
20583193,Maquina Aparador Pelos Corta Cabelo Barba Pezinho Recarrega,,Beleza e Perfumaria,Barbearia
13194074,Kit Com 10 Pincéis Pincel Similar Sigma,,Beleza e Perfumaria,Maquiagem
29717936,Inoar Bombar Profissional Kit (2 Produtos) + Nécessaire,,Beleza e Perfumaria,Produtos para cabelo
16112522,Mini Cone Modelador De Cachos Nano Titanium Babyliss Pro - Bivolt,,Beleza e Perfumaria,Cabelo
26618536,Desodorante Mineral - Alúmen De Potássio Original Uh-me - 60g,,Beleza e Perfumaria,Cuidados Pessoais
16080528,Máquina Aparador Cortar Pelos Cabelo Barba Pezinho Axila Nhc Vermelho,,Beleza e Perfumaria,Barbearia
26443923,Kit 2 Depiladores Cortador Aparador De Pelos Do Nariz E Ouvido,,Beleza e Perfumaria,Depilação
204376,Calandre Eau de Toilette Feminino 100ml - Paco Rabanne,,Beleza e Perfumaria,Perfumaria
24944497,Agi Max Escova Progressiva Inteligente 3x1000ml - Fab Sollér Cosméticos,,Beleza e Perfumaria,Produtos para cabelo
30664597,Doux Clair X3 Repair Up Mask Hidratante Lv2 Pg1,,Beleza e Perfumaria,Produtos para cabelo
27356510,Doux Clair Effets Sun Kit Tratamento,,Beleza e Perfumaria,Produtos para cabelo
21988714,Leave-in Deva Curl Supercream - Creme De Coco Para Cachos - 250g,,Beleza e Perfumaria,Cabelo
30715929,Espelho Dupla Face C/ Luz Led Aumento 5x Zoom JM905,,Beleza e Perfumaria,Maquiagem
27708825,Lupa Led Luminária Estética Com Apoio De Mesa Lente Aumento - BIVOLT,,Beleza e Perfumaria,Unha
110763252,Protetor Solar Expertise Loção Kids FPS 60 120ml - L'Oreal Paris,l´oreal,Beleza e Perfumaria,Proteção solar
14449988,Perfume Black Mark Masculino Eau De Toilette 100ml,,Beleza e Perfumaria,Perfumaria
17228504,Effaclar Concentrado Sabonete Dermatológico Antioleosidade Antiacne La Roche Posay 80g,,Beleza e Perfumaria,Dermocosméticos
20037997,Truss Cuidados Diários Ultra Hydration Plus Kit Shampoo + Condicionador,,Beleza e Perfumaria,Cabelo
117101155,Protetor Solar ROC Minesol Oil Control FPS 70 50g,roc,Beleza e Perfumaria,Proteção solar
7119838,Manteiga Corporal Calêndula Granado 200g,granado,Beleza e Perfumaria,Tratamento de Pele
22105975,Kérastase Nutritive - Shampoo Bain Satin 2 - 01 Litro E Válv,,Beleza e Perfumaria,Banho
14867445,Batom Vult Stick Matte Nº03,,Beleza e Perfumaria,Maquiagem
29622683,Neutrogena Hydro Boost Water Fps 25 - Gel Hidratante Facial 55g,,Beleza e Perfumaria,Cuidados Pessoais
8678086,Itallian Hairtech Trivitt Fluido Para Escova Nº 6 - 300ml,,Beleza e Perfumaria,Cabelo
25049970,Felps Profissional Xmix Shampoo Antirresíduo 1000ml,,Beleza e Perfumaria,Produtos para cabelo
22298442,Maquina De Corte E Aparador Profoil Lithium Titanium Foil Shaver Andis Bivolt,,Beleza e Perfumaria,Perfumaria
25462550,Innova Multibrush Bivolt,,Beleza e Perfumaria,Cabelo
24777391,Protetor Solar Facial Bioderma - Photoderm Nude Touch Fps50+,,Beleza e Perfumaria,Proteção solar
22012099,Mega Ampola De Hidratação - Sopa De Letrinhas N De Nutrição Todecacho Salon Line 200ml,,Beleza e Perfumaria,Cabelo
21205539,"Escova Secadora Mondial, Gerador De Íons, 1200w, Preta - Es-01",,Beleza e Perfumaria,Cabelo
29337144,Escova Profissional Air Thermal Metallic Line Marco Boni 55MM,,Beleza e Perfumaria,Produtos para cabelo
12355263,Fox - Máscara Reconstrutora Gloss 1l,,Beleza e Perfumaria,Banho
26169090,Prancha Alisadora De Cabelo Automática Cadence Kobalt Bivolt,,Beleza e Perfumaria,Aparelhos elétricos para cabelo
20038596,Truss Cuidados Diários Ultra Hydration Plus Shampoo - 300ml,,Beleza e Perfumaria,Cabelo
11708306,Máquina Para Cortar Cabelo Wahl Pro Basic Profissional 127v,,Beleza e Perfumaria,Cabelo
25876771,Óleo De Melaleuca Puro - Rhr - Australiano - 10ml,,Beleza e Perfumaria,Cuidados Pessoais
25717070,Fast Liss Redutor de Volume NG de France 1000ml,,Beleza e Perfumaria,Produtos para cabelo
7447458,Barbeador Elétrico Extreme Bivolt Preto - Lizz,lizz,Beleza e Perfumaria,Barbearia
18501794,Felps Xmix Bamboo Kit Duo (Plastificado) 2x1lt,,Beleza e Perfumaria,Cabelo
26745492,Kit Homeopast Homeomag 30g Com 6 Unidades,,Beleza e Perfumaria,Cuidados Pessoais
7124028,Perfume Antonio Banderas Seduction in Black Masculino Eau de Toilette 100ml,antonio banderas,Beleza e Perfumaria,Perfumaria
121171720,Perfume Angel Legend Lonkoom Feminino 100ml,,Beleza e Perfumaria,Perfumaria
19190636,Biosilk Silk Therapy - Leave-In E Protetor Térmico 150ml,,Beleza e Perfumaria,Cabelo
20766969,Modelador De Cachos / Babyliss Conair Ceramic Bivolt  Grosso 1 1/2 38 Mm 375º F + Capa Térmica,,Beleza e Perfumaria,Cabelo
28404223,Secador Profissional Taiff Black,,Beleza e Perfumaria,Produtos para cabelo
7155316,Cartucho Gillette Mach 3 Turbo - 4 Unidades,gillette,Beleza e Perfumaria,Barbearia
31580269,Inoar Cicatrifios Pós-Química Super Ampola - Tratamento Capilar 45ml,,Beleza e Perfumaria,Produtos para cabelo
27045768,Máscara 250g Color System Cabelo Colorido Hidratação Inoar In-0124,,Beleza e Perfumaria,Produtos para cabelo
21764667,Pó Acrílico Unhas De Fibra,,Beleza e Perfumaria,Unha
22181324,Loreal Dulcia Advanced 3 (Cabelos Muito Sensibilizados) 75ml,,Beleza e Perfumaria,Cabelo
21945064,Termocera Aquecedor De Cera Junior 400g  Bivolt - Com Refil Preta,,Beleza e Perfumaria,Depilação
18615385,Paleta De Sombras Bitarra Beauty 12 Cores - Modelo 01,,Beleza e Perfumaria,Maquiagem
16664294,Lowell Bioplastia Capilar Máscara De Danos Extremos,,Beleza e Perfumaria,Cabelo
15579809,Perfume Tommy Hilfiger Tommy Masculino Eau De Toilette (100 Ml),,Beleza e Perfumaria,Perfumaria
12293721,Joico K-Pak Revitaluxe 480ml,,Beleza e Perfumaria,Cabelo
11480320,Secador Journey 1600 Bivolt - Produto Certificado,,Beleza e Perfumaria,Cabelo
25501108,Bio Extratus Progressiva Kit Profissional Transformação 1500ml,,Beleza e Perfumaria,Produtos para cabelo
117104014,Óleo Bio-Oil para pele 60ml,bio-oil,Beleza e Perfumaria,Cuidados Pessoais
30881946,Cílios Postiços Sem Cola Magnéticos Imã Cabelo Artificial,,Beleza e Perfumaria,Maquiagem
23687798,Complex Care Mirtilo Salon Lowell Kit Shampoo E Condicionador 1l Cada,,Beleza e Perfumaria,Cabelo
24201960,Manteiga Vegetal Nutrição Abacaxi E Manteiga De Bacuri Be(m)dita Ghee Lola Cosmetics 350g,,Beleza e Perfumaria,Cabelo
16125402,Hair Spray Extra Forte Allwaves 750ml,,Beleza e Perfumaria,Cabelo
9422824,1 Ka. Shampoo Pré Tratamento Anti-Resíduos 1000ml,,Beleza e Perfumaria,Banho
7328662,Perfume Tommy Masculino Cologne 100ml Tommy Hilfiger,tommy hilfiger,Beleza e Perfumaria,Perfumaria
27172236,Zap Escova Progressiva All Time Nova Escova Progressiva Zap All Time,,Beleza e Perfumaria,Produtos para cabelo
16025404,Bepantol Derma Solução Bayer 50ml,,Beleza e Perfumaria,Dermocosméticos
21441604,"Depilador E Aparador De Pelos Feminino Depilação Portatil De Rosto, Sobrancelha, Virilha E Axila A P",,Beleza e Perfumaria,Depilação
387127,Trimmer de Nariz e Orelhas Exact Series En10 - Braun,braun,Beleza e Perfumaria,Barbearia
26023216,Solst Toque Seco Bege Claro Fps 50 Ppd 19.0 - Protetor Solar Facial 55g,,Beleza e Perfumaria,Cuidados Pessoais
12942921,Leave-In Sh Rd Nutra-Therapy Protein Cream 150 Ml,,Beleza e Perfumaria,Cabelo
8716213,Deva Fuser Difusor,,Beleza e Perfumaria,Cabelo
11628307,Pro-Correct Concentrate Intensive Roc - Tratamento Facial Antirrugas 30ml,,Beleza e Perfumaria,Dermocosméticos
337909,Perfume Udv Blue Masculino Eau De Toilette 100ml - Ulric De Varens,ulric de varens,Beleza e Perfumaria,Perfumaria
7329043,Perfume Obsession Feminino Eau de Parfum 100ml - Calvin Klein,,Beleza e Perfumaria,Perfumaria
26232297,Cera Depilatória Depimiel Classica Mel 500g,,Beleza e Perfumaria,Depilação
22951827,Secador De Cabelo Ceramic 2800 1800W 2 Velocidades Pink Mega,,Beleza e Perfumaria,Cabelo
132609951,Secador de Cabelo Britânia Beauty Compact Preto - 2000W,,Beleza e Perfumaria,Aparelhos elétricos para cabelo
27762720,Kit Shampoo + Condicionador + Mascara de Hidratação Desmaia cabelos Kelma - 500ml,,Beleza e Perfumaria,Banho
9888669,Esfoliador E Massageador Para Os Pés Supermedy,,Beleza e Perfumaria,Tratamento de Pele
18793408,Truss Color Duo Kit (2 Produtos),,Beleza e Perfumaria,Cabelo
16831068,Espelho Com Ventosa Hora De Barbear,,Beleza e Perfumaria,Maquiagem
122958671,Shampoo Aussie Moist 400ml,aussie,Beleza e Perfumaria,Produtos para cabelo
18230639,Daisy Dream Eau De Toilette Feminino,,Beleza e Perfumaria,Perfumaria
31299628,Truss Shampoo + Condicionador Ultra-hidratante + Net Mask,,Beleza e Perfumaria,Produtos para cabelo
28239334,Littmann kit de peças p/ estetoscópio Cardiology III 40004,,Beleza e Perfumaria,Cuidados Pessoais
30075540,Balm Para Barba - Coffe Blend - Barba Brava,,Beleza e Perfumaria,Barbearia
11288074,Sos Antiemborrachamento - Reconstrutor 300ml - Forever Liss,,Beleza e Perfumaria,Cabelo
29545197,"Batom líquido Matte Kit com 2 unidades, cor Ruby Line - Fashion Cosméticos",,Beleza e Perfumaria,Maquiagem
11559095,Normalize Ft Fps 60 Compatto Ada Tina - Protetor Solar Beige,,Beleza e Perfumaria,Dermocosméticos
30141728,Kit Unha de Fibra Cabine Uv Lixas Top Coat Primer Moldes Gel Fibra - 110v,,Beleza e Perfumaria,Artigos de Salão de Beleza
28389895,Kit Mairibel Permanente Afro,,Beleza e Perfumaria,Banho
26604629,Kit 1 Tinta e 1 Oxidante Sobrancelhas Refectocil Nº3 Castanho Natural,,Beleza e Perfumaria,Maquiagem
26027763,Silence New Brand Eau De Parfum - Perfume Feminino 100ml,,Beleza e Perfumaria,Perfumaria
12358490,Forever Liss Escova Semi Definitiva Power 3d System Kit 2x1 Litro,,Beleza e Perfumaria,Cabelo
11543707,Billion Woman Eau De Toilette Paris Elysees - Perfume Feminino 100ml,,Beleza e Perfumaria,Perfumaria
28039249,Banana Boat Protetor Solar Ultra Defense FPS 99 - 118ml,,Beleza e Perfumaria,Proteção solar
26392976,Kit 1 Touca Anti Frizz + 2 Fronhas De Cetim 50x70 Pérola,,Beleza e Perfumaria,Cuidados Pessoais
121220755,Perfume Miss Gabriela Night Feminino Eau de Toilette 30ml,gabriela sabatini,Beleza e Perfumaria,Perfumaria
31545483,Kit Vult Make Up bombastic Volume Batom08 caneta delineadora,,Beleza e Perfumaria,Maquiagem
6563016,Be Delicious Feminino Eau de Parfum 100ml - DKNY,dkny,Beleza e Perfumaria,Perfumaria
27155775,Matizador Lé Charmes Intensy Color Efeito Platinado 500ml,,Beleza e Perfumaria,Produtos para cabelo
30716992,Uniq One Revlon Hair Treatment 10 Em 1 - 150ml,,Beleza e Perfumaria,Produtos para cabelo
20748731,Perfume Blanc Masculino Eau De Toilette 100ml Lacoste,,Beleza e Perfumaria,Perfumaria
117269126,Pó Compacto Vult,vult,Beleza e Perfumaria,Maquiagem
26088410,Secador De Cabelo Profissional Super Potente 3200w 110v Top,,Beleza e Perfumaria,Cabelo
19093358,Chapinha Prancha 230 C Profissional Titanium Alisador Cabelo,,Beleza e Perfumaria,Cabelo
27960940,Richée Clinic Repair System Shampoo 1 Litro + Máscara 500g,,Beleza e Perfumaria,Produtos para cabelo
16097510,Kit Tintura Prático Maxton 6.7 Chocolate,,Beleza e Perfumaria,Cabelo
24950809,Perfume La Rive Extreme Story - edt 75ml - Masculino,,Beleza e Perfumaria,Perfumaria
30157467,Modelador de Cachos Taiff Curves 1 1/4 - 32mm - Bivolt,,Beleza e Perfumaria,Cabelo
16158327,Batom Liquido Dailus 36 Arte Nos Pes,,Beleza e Perfumaria,Maquiagem
31081990,Leve Mais Pague Menos: 16 Cargas Gillette Mach3 Sensitive,,Beleza e Perfumaria,Barbearia
24478909,Cabine Secador De Esmalte Portátil Luz Uv Para Secar Unha,,Beleza e Perfumaria,Artigos de Salão de Beleza
29821527,Ch Men Privé Carolina Herrera Eau de Toilette - Perfume Masculino 100ml,,Beleza e Perfumaria,Perfumaria
15655048,Kit Loréal Shampoo + Condicionador + Máscara Série Expert Vitamino Color A.Ox - Pequeno,,Beleza e Perfumaria,Cabelo
24362361,Kit Guarda Barba Negra Don Alcides,,Beleza e Perfumaria,Barbearia
15249909,Gel Massageador Hinode Corps Lignea  500g,,Beleza e Perfumaria,Maquiagem
121044341,Perfume Benetton Stay Positive Feminino Eau de Toilette 50ml,benetton,Beleza e Perfumaria,Perfumaria
13192432,Kit Com 32 Pincéis Maquiagem Pincel Com Case Bs32,,Beleza e Perfumaria,Maquiagem
31431349,Shampoo Tok Bothanico Sem Sal Babosa 500ml,,Beleza e Perfumaria,Produtos para cabelo
10695131,Kit Manutenção Oka Americanoil Ojon - Salvatore,,Beleza e Perfumaria,Cabelo
32376962,Aparelho Dermoabrasão Removedor Cravos Espinhas Sucção Vácuo Sugador Portátil Recarregável,,Beleza e Perfumaria,Cuidados Pessoais
28747585,Óleo Corporal Abacate Uva e Amêndoas Phytoervas 175ml,,Beleza e Perfumaria,Cuidados Pessoais
12981461,Máscara Hidratante Senscience Inner Restore 500ml,,Beleza e Perfumaria,Cabelo
24975836,Perfume Cuba Royal For Men Masculino Eau De Toilette 100 Ml  Cuba,,Beleza e Perfumaria,Perfumaria
24413809,Wahl Máquina De Corte De Cabelo Classic Profissional 220v -fab Wahl Profissional,,Beleza e Perfumaria,Produtos para cabelo
29822919,Kit Completo Profissional Maizena Capilar Mealiza Forever Liss (Máscara 1kg),,Beleza e Perfumaria,Produtos para cabelo
20038549,Truss Finish Care Brush Thermo-Activated Keratin - 250ml,,Beleza e Perfumaria,Cabelo
13432725,Perfume L Eau D Issey Feminino Eau De Toilette 100ml  Issey Miyake,,Beleza e Perfumaria,Perfumaria
11485757,Bottox Capilar Argan Oil Forever Liss 1kg E Kit Platinum Blond Shampoo E Máscara,,Beleza e Perfumaria,Cabelo
11556565,Perfume 5th Avenue Feminino Eau De Parfum 125ml  Elizabeth Arden,,Beleza e Perfumaria,Perfumaria
17437774,Prancha Gama Italy Bella LASER Íon Bivolt,,Beleza e Perfumaria,Cabelo
30685522,Máquina de Cortar Cabelo Mondial CR-06 Hair Stylo II com 4 Pentes de Corte 110V,,Beleza e Perfumaria,Barbearia
5710723,Perfume CKin2u Masculino Eau de Toilette 100ml - Calvin Klein,calvin klein,Beleza e Perfumaria,Perfumaria
11551451,Vodka Man Eau De Toilette Paris Elysees - Perfume Masculino 100ml,,Beleza e Perfumaria,Perfumaria
11543541,Miss Vodka Eau De Toilette Paris Elysees - Perfume Feminino 100ml,,Beleza e Perfumaria,Perfumaria
8430143,Loreal Profissional X-Tenso Care Shampoo 300 Ml,,Beleza e Perfumaria,Banho
30576891,Cabelo Humano castanho natural 65 cm 50 gramas,,Beleza e Perfumaria,Produtos para cabelo
24758797,Versace Pour Homme Eau De Toilette Masculino 200ml,,Beleza e Perfumaria,Perfumaria
30712727,Depi Roll Kit Para Depilação Roll-On Bivolt,,Beleza e Perfumaria,Barbearia
7764756,Tintura Nutrisse Creme N° 50 Amêndoa - Castanho Claro,nutrisse creme,Beleza e Perfumaria,Cabelo
122302470,Shampoo  2 em 1 Cuidado Clássico 400ml - Pantene,pantene,Beleza e Perfumaria,Produtos para cabelo
305632,Perfume Café-Café Masculino Eau de Toilette 100ml - Café-Café,,Beleza e Perfumaria,Perfumaria
20854389,Sebastian Penetraitt Masque Máscara Fortalecedora 500 ml,,Beleza e Perfumaria,Cabelo
30770218,Escova Semi Definitiva 1l foreverliss,,Beleza e Perfumaria,Produtos para cabelo
29324380,Perfume Miss Dior Originale Feminino Eau de Toilette,,Beleza e Perfumaria,Perfumaria
28097062,500 Unhas Tips  - Modelo Sorriso,,Beleza e Perfumaria,Unha
19381412,Fita Com 500 Moldes Para Unhas,,Beleza e Perfumaria,Unha
30234366,Carga para Aparelho de Barbear Gillette Mach3 Sensitive 16un.,,Beleza e Perfumaria,Produtos para cabelo
23065169,Joico K-pak Kit 4 Passos 1l,,Beleza e Perfumaria,Perfumaria
24298362,Pacha Ibiza Privé Eau de Toilette for Men 100ml,,Beleza e Perfumaria,Perfumaria
27835163,Bioderma Photoderm Max Cor Clara Fps 90 - Protetor Solar Com Cor 40ml,,Beleza e Perfumaria,Dermocosméticos
127984174,Sabonete em Barra Rexona Men Sport Fresh 84g,rexona,Beleza e Perfumaria,Cuidados Pessoais
127984158,Sabonete em Barra Rexona Men Active Fresh 84g,rexona,Beleza e Perfumaria,Cuidados Pessoais
12955483,Maquina De Cortar Cabelo Aparar Barba Raymonda Bivolt,,Beleza e Perfumaria,Cabelo
31311889,Mousse Depilatório Depeeling Racco 150ml,,Beleza e Perfumaria,Depilação
132608843,Escova Secadora Britânia Soft Preta - 1200W,,Beleza e Perfumaria,Aparelhos elétricos para cabelo
14845827,Kit Manicure Lixa De Unha Salon Shaper,,Beleza e Perfumaria,Unha
14117319,Pedicuro Taiff Softfeet Bivolt Pés Profissional + Kit Lixas,,Beleza e Perfumaria,Cabelo
25799248,Alicates De Cuticula Profissional Inox 722 Mundial,,Beleza e Perfumaria,Unha
25045622,Bebida Da Beleza À Base De Colágeno Hidrolisado - Sabor Tangerina - Naara,,Beleza e Perfumaria,Nutricosméticos
24196923,Creme Para Massagem São Luiz 140g,,Beleza e Perfumaria,Dermocosméticos
19119351,Truss Blond Duo Kit (2 Produtos),,Beleza e Perfumaria,Cabelo
24941489,Magnific Hair - Blond Platinum Escova Progressiva Cabelos Loiros 2x1000ml,,Beleza e Perfumaria,Produtos para cabelo
10497687,Joico Color Endure Shampoo Sulfate Free 300 Ml,,Beleza e Perfumaria,Cabelo
18240437,Truss Finish Care Brush - Finalizador 250ml,,Beleza e Perfumaria,Cabelo
110817951,Creme de Tratamento Reparação Total 5 300 ml - Elséve L´Oreal Paris,,Beleza e Perfumaria,Produtos para cabelo
28586715,Prancha Eleganza Infinity One,,Beleza e Perfumaria,Aparelhos elétricos para cabelo
24048555,Let Me Be Protein Smoothing Treatment Prosalon 1l,,Beleza e Perfumaria,Cabelo
25068078,Esmalte Metálico Risqué Gota dos Anjos 8ml,,Beleza e Perfumaria,Unha
15277542,Reparador Noturno Risqué Technology 8ml,,Beleza e Perfumaria,Unha
11198039,Esmalte Risque Rendas Do Brasil Tule Com 8ml,,Beleza e Perfumaria,Unha
26039414,Bolsa Térmica C/alca Neoprene Estampa Funny Yins,,Beleza e Perfumaria,Produtos para cabelo
27672536,Botox Capilar - Btox Capilar Argan Oil 1kg - Forever Liss,,Beleza e Perfumaria,Produtos para cabelo
7968057,Depi Roll Kit Para Depilação Roll-On Bivolt,,Beleza e Perfumaria,Depilação
24840455,"Kit Dermaroller 1.00mm + 3 Serum (colageno, Vitamina C E Ácido Hyaluronic)",,Beleza e Perfumaria,Cuidados Pessoais
15515586,Kit Platinum Blond Shampoo E Máscara Matizador Desamarelador Uso Diário Forever Liss,,Beleza e Perfumaria,Cabelo
26277381,Kit Profissional Para Crescimento De Cabelos Suplemento Power Hair Mutari,,Beleza e Perfumaria,Produtos para cabelo
15749502,Shampoo E Condicionador 1l All Soft Redken Hidratação E Maciez Para Cabelos Secos,,Beleza e Perfumaria,Banho
29421288,Prohall - Escova Progressiva Select OnePasso Único Sem Formol (300ml),,Beleza e Perfumaria,Produtos para cabelo
14117307,Fluido Para Escova N6 Trivitt Itallian Hairtech,,Beleza e Perfumaria,Cabelo
29622712,L'Oréal Paris Magic Retouch Louro Escuro - Corretivo de Raiz Instantâneo 75ml,,Beleza e Perfumaria,Produtos para cabelo
352253,212 Sexy Men Eau de Toilette 50ml - Carolina Herrera,,Beleza e Perfumaria,Perfumaria
30704072,Mercedes-Benz Woman Eau de Parfum - Perfume Feminino 60ml,,Beleza e Perfumaria,Perfumaria
28834092,Creme para pés e mãos Fashion Sebo de Carneiro 200 ml,,Beleza e Perfumaria,Cuidados Pessoais
31478936,Kit Shampoo + Condicionador Niely Gold For Men,,Beleza e Perfumaria,Produtos para cabelo
29437916,Natumaxx Matizador Anabolizante Collors Blond Platinum 500ml,,Beleza e Perfumaria,Produtos para cabelo
19394454,La Bella Liss - Cabelo Manteiga Máscara De Hidratação Profunda 240g,,Beleza e Perfumaria,Cabelo
17351052,Secador Nomad 1600W Rosa Bivolt - Arno,,Beleza e Perfumaria,Cabelo
23569098,Barbeador Elétrico Recarregável Lavável Aparador Bivolt,,Beleza e Perfumaria,Barbearia
13333808,Alfaparf Precious Nature  Máscara Cabelos Longos e Lisos 200ml,,Beleza e Perfumaria,Cabelo
26102279,Leite de Enxofre Antiacne Tratamento Profundo Pele Acneica - Trata - Acnew Abelha Rainha 120ml,,Beleza e Perfumaria,Cuidados Pessoais
14117318,Portier Fine Exclusive Semi Definitiva Escova Progressiva,,Beleza e Perfumaria,Cabelo
8430171,Kérastase Reflection Chroma Riche Máscara 200ml,,Beleza e Perfumaria,Cabelo
27802505,Sexy Woman Eau De Toilette Paris Elysees Feminino 100ml,,Beleza e Perfumaria,Perfumaria
25948129,Anasol Protetor Solar Facial Fps99 60g Hipoalergênico - Toque Seco - Argila - Aloe Vera - Vitaminas,,Beleza e Perfumaria,Proteção solar
26098153,Kit Gillette Com 3 Aparelhos Body Para O Corpo Masculino + Necessaire,,Beleza e Perfumaria,Barbearia
23309191,Dermaroller Smart 0.5mm Microagulhamento 540 Agulhas,,Beleza e Perfumaria,Cuidados Pessoais
23160379,Let Me Be Restore Mask 1kg,,Beleza e Perfumaria,Cabelo
17970445,Lixa De Unha Elétrica Acrygel Lixadeira Manicure Pedicure,,Beleza e Perfumaria,Unha
18236443,Happy Heart Clinique Eau De Toilette - Perfume Feminino 50ml,,Beleza e Perfumaria,Perfumaria
29476244,Anti-Assadura Pink Cheeks Redless Cream,,Beleza e Perfumaria,Cuidados Pessoais
132501886,Secador de Cabelo Taiff Vulcan Grafite - 2400W,,Beleza e Perfumaria,Aparelhos elétricos para cabelo
9735863,Jean Paul Gaultier Le Male Masculino Eau De Toilette 75 Ml,,Beleza e Perfumaria,Perfumaria
120556855,Máquina de Cortar Cabelo Aparador Amvox Am 780 com Trimer,amvox,Beleza e Perfumaria,Barbearia
28682354,212 VIP Black Carolina Herrera Eau de Parfum - Perfume Masculino 100ml,,Beleza e Perfumaria,Perfumaria
8309619,Flower By Kenzo Legere Edt 30 Ml,,Beleza e Perfumaria,Perfumaria
124112063,Perfume Dream Collection Feminino Kenmore Women 100ml,dream collection,Beleza e Perfumaria,Perfumaria
17941394,Avanti Silicon Mix Bambu Nutritive Hair - Máscara De Tratamento 450ml,,Beleza e Perfumaria,Cabelo
12493725,Taiff - Chapa Tourmaline Ion Action - Bivolt,,Beleza e Perfumaria,Cabelo
30834332,Navalha Navalhete Retrátil Inox Bc980 Profissional Mundial,,Beleza e Perfumaria,Barbearia
27892903,Kit Aparelho de Barbear Gillette Proglide Styler + 2 Cargas Fusion Proshield + Gel Fusion Proglide H,,Beleza e Perfumaria,Barbearia
7329027,Perfume Ferrari Red Masculino Eau de Toilette 125ml,ferrari,Beleza e Perfumaria,Perfumaria
8082811,Pomada K.pro Two 150g,,Beleza e Perfumaria,Cabelo
13432578,Shampoo My Big Fat Healthy Hair 250ml Cabelos Sem Volume,,Beleza e Perfumaria,Banho
25174759,Felps Xmix Máscara Banho De Argila 250g,,Beleza e Perfumaria,Produtos para cabelo
19231640,K.Pro Ph Balancer Acidificante - Tratamento 230g,,Beleza e Perfumaria,Cabelo
19231446,Cadiveu Professional Açaí Oil Leite De Açaí - Leave-In 215ml,,Beleza e Perfumaria,Cabelo
27295325,Cadiveu Plástica Dos Fios Passo 2 Selagem Térmica 1l,,Beleza e Perfumaria,Produtos para cabelo
15122423,Perfume Tommy Hilfiger Cologne Masculino 100ml,,Beleza e Perfumaria,Perfumaria
31482221,Desodorante Aerosol Playboy New York Masculino 150ml,,Beleza e Perfumaria,Cuidados Pessoais
10230487,Zap Professional Escova Progressiva - ( 2x 1000ml ),,Beleza e Perfumaria,Cabelo
18233680,Ange Ou Démon Le Secret Givenchy Eau De Parfum - Perfume Feminino 100ml,,Beleza e Perfumaria,Perfumaria
337929,Hypnôse Eau de Parfum Feminino 75ml - Lancôme,lancome,Beleza e Perfumaria,Perfumaria
23607204,Maleta De Maquiagem Macrilan Completa Cores Tendência Profissional Sombras Matte,,Beleza e Perfumaria,Maquiagem
132857022,Máquina de Corte de Cabelo Wahl Clipper Quickcut Branca - 9W,,Beleza e Perfumaria,Barbearia
122127819,Secador de Cabelos Philco Action ION LISS N 2 Velocidades Vermelho - 1900W,philco,Beleza e Perfumaria,Aparelhos elétricos para cabelo
19287532,"Shampoo SOS Detox Loreal Absolut Repair Pós Química 1,5L",,Beleza e Perfumaria,Banho
30437874,Prancha Modeladora de Titanium Malina Elite Lollipop,,Beleza e Perfumaria,Aparelhos elétricos para cabelo
8587916,Creme Hidratante Body Lotion Victorias Secret ? Coconut Passion 250ml,,Beleza e Perfumaria,Tratamento de Pele
9252927,Loreal Lumino Contrast Máscara 500g - Cabelos Com Mechas,,Beleza e Perfumaria,Cabelo
26781532,Base Dermacol Embalagem De 4 Gramas Fracionada Cor 210,,Beleza e Perfumaria,Maquiagem
10474057,Máquina De Corte Profissional  Babyliss Pro Nano Titanium - 110v,,Beleza e Perfumaria,Cabelo
11560503,La Petite Fleur D’Amour Eau De Toilette Paris Elysees - Perfume Feminino 100ml,,Beleza e Perfumaria,Perfumaria
14800194,"Lixa Elétrica Bivolt 110v/220v Com Pedal Para Unhas De Porcelana, Gel Ou Acrygel",,Beleza e Perfumaria,Unha
21728889,Schwarzkopf - Bonacure Oil Miracle Tratamento Finalizador 100ml,,Beleza e Perfumaria,Cabelo
10463999,Aparador Para Linha Do Biquini Rosa Brt382 Philips,,Beleza e Perfumaria,Depilação
19231575,Loréal Professionnel Absolut Repair Pós-Química Multi-Reconstrutor - Shampoo 500ml,,Beleza e Perfumaria,Cabelo
24838198,Loção Cremosa Hf65 Plus 120 Ml Para Cobrir Os Fios Brancos - Pepilon,,Beleza e Perfumaria,Produtos para cabelo
27632909,Marroquina Escova Progressiva Kit Profissional (2x1l),,Beleza e Perfumaria,Produtos para cabelo
5989549,Perfume Café-Café Feminino Eau de Parfum 50ml - Café,,Beleza e Perfumaria,Perfumaria
26095256,Kemei Barbeador Elétrico Máquina Shaver Rscw-5500 Bivolt,,Beleza e Perfumaria,Barbearia
30617869,Máquina de Corte Quickcut 127V Wahl,,Beleza e Perfumaria,Barbearia
19717052,Óculos Lupa De Aumento Com 4 Tipos De Lentes E Luzes Leds - Branco,,Beleza e Perfumaria,Unha
22320388,Floractive W-one Progressiva Revolucinaria Apenas Um Passo,,Beleza e Perfumaria,Cabelo
29688585,Omnia Coral Eau de Toilette Feminino 65ml,,Beleza e Perfumaria,Perfumaria
14984130,Aneethun Mascara Capilar Linha A 500g,,Beleza e Perfumaria,Cabelo
21803445,Condicionador Nutritivo Loréal Professionnel Nutrifier 1500ml,,Beleza e Perfumaria,Banho
18894878,Dermacol Make Up Base Alta Cobertura Cor 224,,Beleza e Perfumaria,Maquiagem
26792692,Shampoo Matizador Platinum Blond Forever Liss 300ml,,Beleza e Perfumaria,Produtos para cabelo
18228457,Aromatics Elixir Clinique Eau De Parfum - Perfume Feminino 45ml,,Beleza e Perfumaria,Perfumaria
124950489,Barbeador Mallory BM-8000 Wet&Dry - Bivolt,mallory,Beleza e Perfumaria,Barbearia
24546712,Finalizador Revlon Uniq One All In One Lotus Flower + Revlon Professional Uniq One Leave-in - 150ml,,Beleza e Perfumaria,Produtos para cabelo
111869016,Perfume Dream Feminino Eau de Cologne 50ml - Ana Hickmann,ana hickman,Beleza e Perfumaria,Perfumaria
29908330,Loção Facial Clareadora Clear Pele Abelha Rainha 120ml,,Beleza e Perfumaria,Cuidados Pessoais
12358444,Forever Liss Platinum Blond Kit Manutenção Desamarelador Sh 300ml+ Masc 250g,,Beleza e Perfumaria,Cabelo
22022592,Kit Modelador De Cachos 18 Rolinhos Magic Leverag,,Beleza e Perfumaria,Cabelo
9640071,Jasmyne Maleta De Maquiagem Prata - 68 Itens - V641-S,,Beleza e Perfumaria,Cabelo
120277151,Perfume Royal Marina - Marina Diamond Feminino Eau de Parfum 100ml,marina de bourbon,Beleza e Perfumaria,Perfumaria
16792107,Óleo Complexe Kérastase Elixir Ultime 100ml,,Beleza e Perfumaria,Cabelo
10497237,Kerastase Resistance Máscara Force Architecte 200 Gr,,Beleza e Perfumaria,Cabelo
20036352,Truss Cuidados Diários Structure Kit Shampoo + Condicionador,,Beleza e Perfumaria,Cabelo
26026665,Unic New Brand Eau de Toilette - Perfume Masculino 100ml,,Beleza e Perfumaria,Perfumaria
117269484,Sombra Duo Compacta Vult,vult,Beleza e Perfumaria,Maquiagem
20793411,Prancha Nano Titanium Babyliss Pro 1 1/4 (Média) 450º F/230 ºC By Roger,,Beleza e Perfumaria,Cabelo
25836340,Calvin Klein Eternity For Men Eau De Toilette Masculino,,Beleza e Perfumaria,Perfumaria
26023001,Kit Bio-oil Regenerador (2 Produtos),,Beleza e Perfumaria,Cuidados Pessoais
15712651,Forever Liss Kit Formador E Manutenção Cachos 4 Produtos,,Beleza e Perfumaria,Cabelo
26023946,Latika Lip Vinho Nº23 - Batom Líquido Matte 4ml,,Beleza e Perfumaria,Maquiagem
18236984,Colorama Eu Amo Acessórios Maxi Colar - Esmalte 8ml,,Beleza e Perfumaria,Unha
11561801,Gentleman Eau De Toilette Givenchy - Perfume Masculino 100ml,,Beleza e Perfumaria,Perfumaria
19287174,Travesseiro Soft Nasa - Levittar,,Beleza e Perfumaria,Tratamento de Pele
31068014,Escova Progressiva Sem Formol American Desire Fusion Brush 2x1 litro,,Beleza e Perfumaria,Produtos para cabelo
132785701,Aparador de Pelos Multi Groom 7 em 1 BAP03 Bivolt,,Beleza e Perfumaria,Barbearia
31838631,Revlon Professional Uniq One - Leave-In,,Beleza e Perfumaria,Cabelo
8207898,Tratamento Para Unhas Mavala Stop (Tratamento Para Parar De Roer Unhas) Unissex 10ml Mavala,,Beleza e Perfumaria,Tratamento de Pele
8609181,Acquaflora Shampoo Equilibrio De Resíduos 300ml - Menta E Hortelã,,Beleza e Perfumaria,Banho
108291479,Secador Lizz Super Ionic Amarelo 1800W,lizz,Beleza e Perfumaria,Aparelhos elétricos para cabelo
24285155,Mousse Tonalizante Color Shine Brass Color - Conhaque C.kamura 150ml,,Beleza e Perfumaria,Cabelo
22691092,Maquina Acabamento Corte Profissional Wahl Detailer,,Beleza e Perfumaria,Barbearia
128845854,Prancha Gama Lumina Duo Tourmaline - Bivolt,ga.ma italy,Beleza e Perfumaria,Aparelhos elétricos para cabelo
130255511,Modelador de Cachos Spiral Duo Bivolt EM09 - Mondial,mondial,Beleza e Perfumaria,Cabelo
27698526,Perfume Masculino Scuderia Ferrari Black Eau de Toilette 125ml,,Beleza e Perfumaria,Perfumaria
13000785,1 Ka. Intense Selagem Térmica Anti-Volume 1000ml,,Beleza e Perfumaria,Cabelo
20737170,Perfume Gabriela Sabatini Feminino Eau De Toilette 60ml,,Beleza e Perfumaria,Perfumaria
32374528,Estante organizadora para esmalte com 5 prateleiras 67Lx67Ax8P 100% Mdf 15mm branco fosco,,Beleza e Perfumaria,Artigos de Salão de Beleza
11552635,Plástica Dos Fios Máscara Passo 3 Cadiveu - Máscara Restauradora 1l,,Beleza e Perfumaria,Cabelo
113027189,Secador Multifuncional 10 em 1 Bivolt - Philco,philco,Beleza e Perfumaria,Aparelhos elétricos para cabelo
325747,Perfume Ralph Lauren Polo Black Masculino  Eau de Toilette 125ml,,Beleza e Perfumaria,Perfumaria
122670651,Shampoo Hidratante Yenzah Save Your Hair 200ml,yenzah,Beleza e Perfumaria,Produtos para cabelo
122670678,Condicionador Hidrantante Yenzah Save Your Hair 200ml,yenzah,Beleza e Perfumaria,Produtos para cabelo
20584405,Refectocil Tintura Para Sobrancelhas Castanho Natural 3.0 E Oxidante 50 Ml,,Beleza e Perfumaria,Maquiagem
122372064,Pedicuro Feet Care Lizz,lizz,Beleza e Perfumaria,Cuidados Pessoais
25792901,Mq Professional Modelador De Cachos Gold Titanium 25mm - Bivolt,,Beleza e Perfumaria,Cabelo
26387038,Secador Red Line 3800 Ionic - 127V Lizz,,Beleza e Perfumaria,Aparelhos elétricos para cabelo
8409665,Barbeador Elétrico Aquatouch At756 Bivolt Sem Fio - Philips,,Beleza e Perfumaria,Barbearia
122243941,Aparador de Pelos Philips NT3160/10 para Nariz Orelhas e Sobrancelhas Serie 3000,philips,Beleza e Perfumaria,Barbearia
19409746,Perfume Empire 100ml - Hinode,,Beleza e Perfumaria,Perfumaria
21945055,Kit Depilação Termocera 400gr Com Refil Preta + Aquecedor De Cera Roll-On Preto Mega Bell,,Beleza e Perfumaria,Depilação
23657632,Máquina Wahl Super Taper Cordless De Corte Profissional Bivolt,,Beleza e Perfumaria,Barbearia
18218309,Escova Botox Capilar Em Massa Argan Oil Profissional 1 Kg Forever Liss,,Beleza e Perfumaria,Cabelo
307106,Perfume Escape Masculino Eau de Toilette 100ml - Calvin Klein,,Beleza e Perfumaria,Perfumaria
12354284,Anabolizante Capilar 250g Antiqueda Força Aos Fios Forever Liss,,Beleza e Perfumaria,Cabelo
15651065,Wella Professionals Brilliance Hidratação Profissional Para Cabelos Grossos Kit 3 Produtos,,Beleza e Perfumaria,Cabelo
31015446,Bella Gold Máscara Desmaia Cabelo 400g,,Beleza e Perfumaria,Produtos para cabelo
113887138,Barbeador AquaTouch AT610/14 - Philips,,Beleza e Perfumaria,Barbearia
6600569,Flower by Kenzo Légère Feminino Eau de Toilette 30ml - Kenzo,,Beleza e Perfumaria,Perfumaria
11551315,Black Caviar Eau De Toilette Paris Elysees - Perfume Masculino 100ml,,Beleza e Perfumaria,Perfumaria
18894912,Dermacol Make Up Base Alta Cobertura Cor 211,,Beleza e Perfumaria,Maquiagem
29138304,Three Therapy Pantovin Kit Fortalecimento Capilar (2x500ml),,Beleza e Perfumaria,Produtos para cabelo
21773952,"Paul Mitchell Original Awapuhi Shampoo Galão 3,7ml",,Beleza e Perfumaria,Banho
17434058,Henna Em Pó Acaju Himalaya - 80g,,Beleza e Perfumaria,Cabelo
19451715,Secador De Cabelo Portátil Philco Travel Shine Bivolt,,Beleza e Perfumaria,Cabelo
18555934,Shampoo Matizador Loira De Farmácia 250ml - Lola Cosmetics,,Beleza e Perfumaria,Banho
16373676,Portier Ciclos B-Tox Unique Mascara Reconstrutora - 1kg,,Beleza e Perfumaria,Cabelo
26765224,Pomada Modeladora Jaguar Barber Extra-forte 120g,,Beleza e Perfumaria,Banho
29400760,Kit Eico New Seduction Fermento Capilar: Shampoo 1L + Condicionador 1L,,Beleza e Perfumaria,Produtos para cabelo
25982814,Kit com 6 Desodorantes Antitranspirante Gillette Clear Gel Power Rush 82g,,Beleza e Perfumaria,Cuidados Pessoais
112186735,Escova Rotativa Mondial Ceramic Íon Plus ER-01,mondial,Beleza e Perfumaria,Aparelhos elétricos para cabelo
21791939,Shampoo Tio Nacho Antiqueda Engrossador 415 Ml,,Beleza e Perfumaria,Banho
19008310,Cola Elite Para Alongamento De Cílios Fio A Fio,,Beleza e Perfumaria,Tratamento de Pele
26752783,Kit Cadeira Hidraulica Futurama Base Nylon+carr. Auxiliar Dompel Beauty + Lavatório Freedom Reclináv,,Beleza e Perfumaria,Artigos de Salão de Beleza
132768302,Máquina de Cortar Cabelo Philco Titanium Pro PCR01 - Preta,,Beleza e Perfumaria,Barbearia
16765020,Alfa - X Nano Condicionador De Metais,,Beleza e Perfumaria,Banho
24611585,G.hair Perfect Blond Home Care - Duo Kit (2 Produtos 250ml),,Beleza e Perfumaria,Produtos para cabelo
16740611,Kit Com 2 Loções Antiqueda De Cabelos - Ampolas Para Queda De Cabelos,,Beleza e Perfumaria,Cabelo
10157637,Secador Profissional Taiff Vulcan 2400 Watts 127v,,Beleza e Perfumaria,Cabelo
127371183,Escova Modeladora Turbo íon 3.000 Rotating Styler - Ga.Ma Italy,ga.ma italy,Beleza e Perfumaria,Cabelo
16192284,Pomada Modeladora Go Fixação Flexivel 50g,,Beleza e Perfumaria,Cabelo
22351111,Kit Escova Progressiva Zap Professional 100% Original,,Beleza e Perfumaria,Cabelo
31337345,Cílios Postiço Fio A Fio Alongamento Kit Navina,,Beleza e Perfumaria,Maquiagem
25018375,Ácido Hialurônico Puro E Vitamina C 35% 30 Ml Alta Potencia,,Beleza e Perfumaria,Cuidados Pessoais
26553871,Kopayderm Creme Para Acne E Espinhas,,Beleza e Perfumaria,Cuidados Pessoais
31150769,Pomada modeladora yelsew barber  matte seca extra forte 150g,,Beleza e Perfumaria,Cabelo
113914028,Shampoo Garnier Fructis Anticaspa 2x1 200ml,,Beleza e Perfumaria,Produtos para cabelo
24800401,Máquina De Corte Profissional Com Fio Wahl Classic Series,,Beleza e Perfumaria,Produtos para cabelo
26022341,Revlon Colorstay Pele Normal E Seca Toast - Base Líquida 30ml,,Beleza e Perfumaria,Maquiagem
25059177,La Roche-posay Anthelios Xl Protect Face Fps60 - 40g,,Beleza e Perfumaria,Proteção solar
27547543,Deva Curl Set It Free – Spray Anti-frizz - 120 Ml,,Beleza e Perfumaria,Produtos para cabelo
26383221,Piastra Babyliss Prismatic 220v + Máscara Botox É Show 950gr,,Beleza e Perfumaria,Aparelhos elétricos para cabelo
30038716,Sabonete Davene Hipoalergênico - 90g,,Beleza e Perfumaria,Cuidados Pessoais
12711410,Mustela Stelatopia Baume Relipidant - Hidratante 200ml,,Beleza e Perfumaria,Cabelo
9721586,Kérastase Nutritive Masquintense Cabelos Finos 500ml,,Beleza e Perfumaria,Cabelo
27229773,Perfume Calvin Klein Ck One - 100ml,,Beleza e Perfumaria,Perfumaria
23585943,Máquina De Corte Bivolt Hero Prata Wahl,,Beleza e Perfumaria,Barbearia
18559824,Botox Máscara Ultra Condicionante Fox 1kg,,Beleza e Perfumaria,Cabelo
24496771,Sérum Antimanchas La Roche-posay - Pigmentclar Serum,,Beleza e Perfumaria,Perfumaria
26604363,Kit 1 Tinta e 1 Oxidante Sobrancelhas Refectocil N°3.1 Castanho Claro,,Beleza e Perfumaria,Maquiagem
23612231,Gel Base Honey Girl Para Unhas Em Gel,,Beleza e Perfumaria,Unha
8209546,Kit Cabelo Sh-Rd Nutra Therapy Shampoo 140ml + Sh-Rd Nutra Therapy Conditioner 140ml + Sh-Rd Nutra T,,Beleza e Perfumaria,Cabelo
29883136,Paris Riviera More Love 30ml EDT,,Beleza e Perfumaria,Perfumaria
30420503,Secador de cabelo LION PRO SILENCIAR 2400W Azul 127V - Cód. 200.54.1009-70,,Beleza e Perfumaria,Aparelhos elétricos para cabelo
15610525,Azzaro Pour Homme Eau De Toillete Vapo Masculino 100ml - Azzaro,,Beleza e Perfumaria,Perfumaria
22677367,Kit Eico Total Repair Pós Progressiva Shampoo + Condicionador + Máscara,,Beleza e Perfumaria,Cabelo
29315186,Colágeno hidrolisado Naara sabor tangerina,,Beleza e Perfumaria,Nutricosméticos
26022268,Vivre Molyneux Eau De Parfum - Perfume Feminino 30ml,,Beleza e Perfumaria,Perfumaria
8182200,Leau Dissey Pour Homme Sport Issey Miyake Eau De Toilette - Perfume Masculino 100ml,,Beleza e Perfumaria,Perfumaria
15006838,Nioxin Deep Repair Hair Masque Tratamento Profundo 500ml,,Beleza e Perfumaria,Cabelo
28018794,Perfume Patchouli 10ml PF0010,,Beleza e Perfumaria,Perfumaria
10654047,Phaseblock Leite Fps50 Com 100 Gramas,,Beleza e Perfumaria,Tratamento de Pele
27981403,Miss Dream Feminino La rive EDP 100ml,,Beleza e Perfumaria,Perfumaria
7937034,Keune Design Shampoo Silver Reflex 250ml,,Beleza e Perfumaria,Banho
121771899,Perfume Odoratus Mont'anne Masculino Eau de Parfum 100ml,mont´anne parfums,Beleza e Perfumaria,Perfumaria
14723003,Perfume Hugo Boss Masculino Spray Eau De Toilette 75ml  Hugo Boss,,Beleza e Perfumaria,Perfumaria
122968440,Depilador Elétrico New Me Bivolt,new me,Beleza e Perfumaria,Depilação
122238527,Depilador Elétrico Mondial DP-02 Bivolt,mondial,Beleza e Perfumaria,Depilação
8082825,K.Pro Prime Mask - Máscara Para Cabelos Ressecados - 200g,,Beleza e Perfumaria,Cabelo
22511816,Maquina De Cortar Cabelo Wahl Icon V9000 Legítima 110v,,Beleza e Perfumaria,Barbearia
23861175,Kit Zap All Time Escova Progressiva 2x1000ml Nova Embalagem + Botox Professional,,Beleza e Perfumaria,Cabelo
19395175,Loreal Professionnel Absolut Repair Cortex Lipidium - Shampoo 250ml,,Beleza e Perfumaria,Cabelo
19231796,Wella Professionals Enrich Litro Duo Kit (2 Produtos),,Beleza e Perfumaria,Cabelo
25616218,Perfume Giorgio Beverly Hills Feminino Eau De Toilette 90 Ml,,Beleza e Perfumaria,Perfumaria
7330756,Tartine Et Chocolat Eau de Toilette Vapo 100ml - Givenchy,,Beleza e Perfumaria,Perfumaria
113600811,Secador Lizz Profissional 3800 Ionic Love,lizz,Beleza e Perfumaria,Aparelhos elétricos para cabelo
28057694,Studio Nude Luisance L231,,Beleza e Perfumaria,Maquiagem
24798490,Perfume La Rive Cutê Edp 100 ml - Feminino,,Beleza e Perfumaria,Perfumaria
30388032,Kit Ga.Ma Secador Eleganza 127v + Prancha  Eleganza Plus,,Beleza e Perfumaria,Aparelhos elétricos para cabelo
24079330,Máscara Capilar Cobre Effect Amend 300g,,Beleza e Perfumaria,Cabelo
25230379,La Rive Fleur F Edp 90ML,,Beleza e Perfumaria,Perfumaria
21558291,Prancha Nano Titanium Babyliss Pro 1 1/4 Pink Edição Limitada Original By Roger,,Beleza e Perfumaria,Cabelo
15802589,Dermovance S Reidratante Corporal Para Pele Seca 200ml,,Beleza e Perfumaria,Tratamento de Pele
19534690,Prancha Nano Titanium Chapinha Profissional Bivolt 230c 1 1/4,,Beleza e Perfumaria,Cabelo
11556462,Amour Toujours Eau De Toilette Paris Elysees - Perfume Feminino 100ml,,Beleza e Perfumaria,Perfumaria
132234642,Escova Alisadora Elétrica New Hair Azul Bivolt,,Beleza e Perfumaria,Produtos para cabelo
26550783,Kit Ferrari Black 125ml + Animale Men Tradicional 100ml,,Beleza e Perfumaria,Perfumaria
12711560,Máquina De Cortar Cabelo Cadence Cab173,,Beleza e Perfumaria,Cabelo
28054604,Maleta de Maquiagem Fenzza Rosa HZP723,,Beleza e Perfumaria,Maquiagem
305724,Perfume Amarige Feminino Eau de Toilette 30ml - Givenchy,,Beleza e Perfumaria,Perfumaria
23156465,Creme Antirrugas L'oréal Revitalift Laser X3 Cicatri Correct Fps 25,,Beleza e Perfumaria,Cabelo
21813595,L'oréal Absolut Repair Cortex Lipidium Shampoo 500ml,,Beleza e Perfumaria,Banho
31210400,Wella Oil Reflections Light Luminous Reflective Oil 100ml,,Beleza e Perfumaria,Produtos para cabelo
12984743,Bb Spray Loreal Professionnel Vitamino Color A-Ox 190ml,,Beleza e Perfumaria,Cabelo
21661582,Cortador De Pontas Duplas Fasiz Split End,,Beleza e Perfumaria,Cabelo
28920356,"Pill Food 60 cápsulas - Complexo Vitamínico Cabelos, Unhas e Pele",,Beleza e Perfumaria,Nutricosméticos
25981745,Kit Tratamento Lowell Protect Care Shampoo 240ml E Creme Condicionador 200ml Com Máscara 240g,,Beleza e Perfumaria,Produtos para cabelo
28585491,Lowell Kit Liso Magico Keeping Liss C/3,,Beleza e Perfumaria,Produtos para cabelo
24884438,Zap All Time - Escova Progressiva,,Beleza e Perfumaria,Produtos para cabelo
13324126,Paris Elysees La Petite Fleur Blanche Feminino Eau De Toilette 100ml,,Beleza e Perfumaria,Perfumaria
15802614,Asepxia Spot Gel Secante Antiacne Facial E Corporal 28g,,Beleza e Perfumaria,Tratamento de Pele
129027765,Aparelho de Barbear Gillette Fusion Proshield,gillette,Beleza e Perfumaria,Barbearia
29883650,Água Termal Natural de Gerânio 200ml – Wnf,,Beleza e Perfumaria,Cuidados Pessoais
28320017,Perfume Feminino JPG Scandal EDP - Jean Paul Gaultier - 80 ml,,Beleza e Perfumaria,Perfumaria
29127550,Colnia  Tabu 60ml,,Beleza e Perfumaria,Perfumaria
19703090,Rimel 4d Tango - Mascara Que Alonga E Da Volume - 2 Em 1,,Beleza e Perfumaria,Maquiagem
25269278,Truss Specific Mask Máscara 180 G,,Beleza e Perfumaria,Produtos para cabelo
147682,Azzaro Pour Homme Eau de Toillete Vapo Masculino 30ml - Azzaro,azzaro,Beleza e Perfumaria,Perfumaria
16644344,"Tesoura Profissional Kmach 6,5 Polegadas",,Beleza e Perfumaria,Cabelo
26781587,Base Dermacol Embalagem De 4 Gramas Fracionada Cor 208,,Beleza e Perfumaria,Maquiagem
15699183,Perfume Ferrari Black Masculino Eau De Toilette 125ml,,Beleza e Perfumaria,Perfumaria
5125534,Eau de Varens Nº 3 Unissex Eau Parfumante 150ml - Ulric de Varens,,Beleza e Perfumaria,Perfumaria
26027218,Nuit D'issey Pour Homme Issey Miyake Eau De Parfum - Perfume Masculino 125ml,,Beleza e Perfumaria,Perfumaria
31728276,American Desire Fusion Brush Progressiva Sem Formol Step 2,,Beleza e Perfumaria,Produtos para cabelo
26136907,Máquina Profoil Lithium Titanium Foil Shaver Andis Bivolt,,Beleza e Perfumaria,Barbearia
29275352,Lupa Led De Mesa E Bancada Conta Fios Em Alumínio Preta Grande Com Iluminação Dupla 90mm,,Beleza e Perfumaria,Unha
29535893,L'Oreal Professionnel Silver Shampoo Desamarelador 250ml,,Beleza e Perfumaria,Produtos para cabelo
28549118,Bronzeador Rayito de Sol - Bronze Perfeito - 70g FPS6,,Beleza e Perfumaria,Proteção solar
25959772,Vult Hd Alta Cobertura M-10 - Base Líquida 26ml,,Beleza e Perfumaria,Maquiagem
9424626,Schwarzkopf Repair Rescue Serum Para Pontas Danificadas Sealed Ends 75ml,,Beleza e Perfumaria,Cabelo
27855444,Maca Janfine 3 posições facial com braços,,Beleza e Perfumaria,Artigos de Salão de Beleza
10556006,Creme De Relaxamento Loreal Professionnel X-Tenso Cabelos Naturais 200ml,,Beleza e Perfumaria,Cabelo
18580936,Escova Progressiva Maria Escandalosa,,Beleza e Perfumaria,Cabelo
25860089,Joico K-pak Hair Repair System Kit Tratamento 4 Passos,,Beleza e Perfumaria,Produtos para cabelo
25303659,Mascara Barro Minas - Pós-química Action -barrominas,,Beleza e Perfumaria,Produtos para cabelo
10543157,Tintura Cor E Ton Niely 5.0 Castanho Claro,,Beleza e Perfumaria,Cabelo
25338647,Aneethun Revive System - Finalizador Termoprotetor 250g,,Beleza e Perfumaria,Produtos para cabelo
25209952,Aneethun Creme De Silicone Com Tutano E Queratina - 250m,,Beleza e Perfumaria,Produtos para cabelo
24698776,Aneethun Revive System Shampoo Antioxidante 1l,,Beleza e Perfumaria,Produtos para cabelo
26438620,Pomada Modeladora Fixadora Hair Design 120g - Muriel,,Beleza e Perfumaria,Cabelo
24808948,Bb Cream 8em1 Maybelline Dream Fresh Fps30 Base Média 30ml,,Beleza e Perfumaria,Cuidados Pessoais
26806243,Máscara Matizadora Black Óleo Argan 250g Mairibel Cosméticos,,Beleza e Perfumaria,Produtos para cabelo
24202320,Amor Amor L’eu Flamingo Cacharel - Perfume Feminino Eau De Toilette,,Beleza e Perfumaria,Perfumaria
123434159,Coloração Biocolor Kit Castanho Escuro 3.0,biocolor,Beleza e Perfumaria,Produtos para cabelo
122344354,Creme Depilatório Veet Naturals com Óleo de Semente de Camélia 100ml,veet,Beleza e Perfumaria,Depilação
30013677,"Aparador de Pelos Multigroom Philips MG3711/15, com 6 Acessórios, Lavável, Lâminas Autoafiadoras",,Beleza e Perfumaria,Barbearia
11366770,Inoar Doctor Máscara De Hidratação 450g,,Beleza e Perfumaria,Cabelo
11366736,Inoar Doctor Máscara De Nutrição 450g,,Beleza e Perfumaria,Cabelo
24129651,Máquina De Corte 127 V Pro Basic Branca Wahl,,Beleza e Perfumaria,Cabelo
129002816,Shampoo Fructis Cachos Poderosos - 400ml,,Beleza e Perfumaria,Produtos para cabelo
128900841,Creme de Tratamento Garnier Fructis Cachos Poderosos - 300g,,Beleza e Perfumaria,Produtos para cabelo
24120392,Vezzo Deo-Colônia 120ml Spray,,Beleza e Perfumaria,Perfumaria
29824962,Portier Botox Máscara Reconstrutora Ciclos Matizador 1 Kg,,Beleza e Perfumaria,Produtos para cabelo
11948518,Kit Prancha + Modelador Cônico Babyliss Pro Animal Print Porcelain Ceramic Blue - 110v,,Beleza e Perfumaria,Cabelo
30837446,Maquina Aparador Para Cabelos E Barba Sem Fio - XZ-389C,,Beleza e Perfumaria,Barbearia
113135673,Perfume Joop! Homme Wild Masculino Eau De Toilette 75 ml,joop!,Beleza e Perfumaria,Perfumaria
30652560,Vaporizador Facial Vapor De Ozônio Kingdon K-33s 220v,,Beleza e Perfumaria,Cuidados Pessoais
12633395,Loreal Professionnel Liss Unlimited Máscara 500g,,Beleza e Perfumaria,Cabelo
30284881,Sérum Clareador Cicatricure 30ml,,Beleza e Perfumaria,Cuidados Pessoais
19296419,Trivitt  Leave-In Fluido Para Escova Nº6 - 250ml,,Beleza e Perfumaria,Cabelo
24775340,Anthelios Ae Gel-creme Velouté Fps 50 La Roche Posay - Protetor Solar Facial,,Beleza e Perfumaria,Proteção solar
30137965,Barbeador Elétrico Recarregável Lavável Aparador Bivolt,,Beleza e Perfumaria,Aparelhos elétricos para cabelo
25670991,Fluído Para Escova/proteção Térmica Trivitt 06 250ml,,Beleza e Perfumaria,Produtos para cabelo
30215216,Kit Unhas de gel Cabine Sun 24w Fibra de Vidro Alongamento de Unhas,,Beleza e Perfumaria,Unha
16098607,Tratamento Antiacne La Roche-Posay Effaclar Duo+ 40ml,,Beleza e Perfumaria,Dermocosméticos
118594086,Base Maybelline Super Stay 24h FPS 19,maybelline,Beleza e Perfumaria,Maquiagem
13617250,Kit Inoar Ghair Escova Progressiva Marroquina - 250ml,,Beleza e Perfumaria,Cabelo
29958060,Wella Professionals Oil Reflections Máscara 150 ml,,Beleza e Perfumaria,Produtos para cabelo
28741911,Wella Professionals Oil Reflections Luminous Reval - Shampoo 1000ml,,Beleza e Perfumaria,Produtos para cabelo
17122882,Aparador De Pelo - Clink,,Beleza e Perfumaria,Barbearia
8587911,Creme Hidratante Body Lotion Victorias Secret – Strawberries (Morango) And Champagne 250ml,,Beleza e Perfumaria,Tratamento de Pele
19989501,Kit Aussie Moist,,Beleza e Perfumaria,Banho
16019949,Maria Escandalosa Escova Progressiva (2 X 1 Litro),,Beleza e Perfumaria,Cabelo
24129773,Amor Amor Eau de Toilette Feminino 100ml,,Beleza e Perfumaria,Perfumaria
22095258,Ykas Máscara Banho De Verniz 1kg,,Beleza e Perfumaria,Cabelo
25479082,Escova Modeladora Ga.ma Italy Turbo Ion 2500 Rotating Styler,,Beleza e Perfumaria,Cabelo
22647457,Miracurl Pro Modelador De Cachos Nano Titanium Bi Volt Top,,Beleza e Perfumaria,Cabelo
22279439,Escova Marco Boni Dupla Altura 84mm Ref.7869,,Beleza e Perfumaria,Cabelo
11407120,Forever Liss Escova Progressiva Semi Definitiva Premium - ( 2x 1000ml ),,Beleza e Perfumaria,Cabelo
27825469,Mascara Black Preta Let Me Be Pro Salon 500g,,Beleza e Perfumaria,Produtos para cabelo
11260600,Lola Dream Cream Máscara Hidratante 3 Kg,,Beleza e Perfumaria,Cabelo
9253718,Sérum Loreal Professionnel Lumino Contrast 50ml,,Beleza e Perfumaria,Cabelo
24791445,Navalha Paquistanesa Royal Smith,,Beleza e Perfumaria,Produtos para cabelo
19721156,Black Head Pilaten Máscara Removedora De Cravos Nariz 60g,,Beleza e Perfumaria,Cuidados Pessoais
120391878,Escova Modeladora Fashion Pink Rosa Bivolt - Mondial,mondial,Beleza e Perfumaria,Cabelo
21072700,Souple Liss Gold Liss Realinhamento Térmico Escova Progressiva 2x1000ml- Fab Souple Liss,,Beleza e Perfumaria,Cabelo
11670615,Massageador Pyramid Massage Azul Rm-Mp100 - Relaxmedic,,Beleza e Perfumaria,Cabelo
30604260,Barbeador Philips Oneblade Com 2 Pentes Qp2521 + Necessaire Marrom E Toalha,,Beleza e Perfumaria,Barbearia
30313706,Perfume Feminino La Vie Est Belle 30ml Lancome,,Beleza e Perfumaria,Perfumaria
17459086,Creme Defrizante Helcla Multiação Luxury Liss,,Beleza e Perfumaria,Cabelo
24201918,Btx Orghanic Redutor De Volume - Plancton - 250g,,Beleza e Perfumaria,Cabelo
28678167,Combo Perfume Ferrari Black Masculino Eau de Toilette 2x 125ml,,Beleza e Perfumaria,Perfumaria
20591745,Kit Perfumes Masculino Eau De Toilette Ferrari Scuderia Black 125ml + Ferrari  Scuderia Red 125ml,,Beleza e Perfumaria,Perfumaria
31187134,Kit 3 Máscara Moist 3 Minute Miracle Aussie 236ml,,Beleza e Perfumaria,Produtos para cabelo
13020414,"Shampoo Loreal Absolut Repair Pósquímica 1,5l",,Beleza e Perfumaria,Banho
28968369,Creme Clareador de Pele para o Rosto Facial by Nanotech 50g Helene Deon,,Beleza e Perfumaria,Cuidados Pessoais
29446664,Gel Redutor De Medidas Noite 250ml Helene Deon,,Beleza e Perfumaria,Cuidados Pessoais
29129186,Creme Hidratante Para Os Pes 100g Helene Deon,,Beleza e Perfumaria,Cuidados Pessoais
30639389,Kit 10 Pincéis Maquiagem Kabuki E Precisão Com Bolsa,,Beleza e Perfumaria,Maquiagem
28965732,Creme Facial Antissinais 50g Helene Deon,,Beleza e Perfumaria,Cuidados Pessoais
18894906,Dermacol Make Up Base Alta Cobertura Cor 208,,Beleza e Perfumaria,Maquiagem
27637660,Portier B-tox Ciclos 1kg,,Beleza e Perfumaria,Produtos para cabelo
121577359,Creme Facial Dia Nivea Q10 Plus Antissinais Pele Mista a Oleosa FPS 15,nivea,Beleza e Perfumaria,Cuidados Pessoais
26690008,Rimel Love Alpha Estojo,,Beleza e Perfumaria,Maquiagem
12981781,Máscara De Tratamento Inoar Mask 1 Kg,,Beleza e Perfumaria,Cabelo
112310871,Perfume Calvin Klein CK One Shock Masculino Eau de Toilette 200ml,,Beleza e Perfumaria,Perfumaria
16209542,Perfume Masculino Animale Animale For Men 100ml Edt Natural Spray,,Beleza e Perfumaria,Perfumaria
24090660,Kit Máquina Wahl Detailer Bivolt + Wahl Legend V9000 110v,,Beleza e Perfumaria,Cabelo
18903972,Lola Cosmetics - Kit Morte Súbita (Shampoo 250ml + Cond 250g + Másc 450g + Rep Total 250ml),,Beleza e Perfumaria,Cabelo
32933822,Givenchy Ange ou Demon Le Secret Elixir - Edp 100ml,,Beleza e Perfumaria,Perfumaria
14132551,Kit Loréal Shampoo + Condicionador + Máscara Série Expert Absolut Repair Pós Química - Pequeno,,Beleza e Perfumaria,Cabelo
19682406,Far Away Infinity Fem 50ml - Avon,,Beleza e Perfumaria,Perfumaria
29768241,Prohall - Máscara Hidratante Biomask Explosão de Brilho (300g),,Beleza e Perfumaria,Produtos para cabelo
17892203,Protetor Solar Vichy Capital Soleil Toque Seco Fps 30 Com Cor,,Beleza e Perfumaria,Dermocosméticos
14264468,Máscara Para Dormir - Tapa Olhos - Durma Bem Confortavel 3d,,Beleza e Perfumaria,Cabelo
22953558,Knut Ultra Silver Mask 150g,,Beleza e Perfumaria,Banho
131043334,Secador de Cabelo Taiff Fox Íon 3 Dourado - 2200W,,Beleza e Perfumaria,Aparelhos elétricos para cabelo
17946135,Creme Clareador De Axilas E Virilhas 60g - Intimament -Abelha Rainha,,Beleza e Perfumaria,Tratamento de Pele
28031420,Desodorante Bioessencia Tea Tree 70ml,,Beleza e Perfumaria,Cuidados Pessoais
15511513,Escova Progressiva Ingel Maxx Passos 01 E 02 Forever Liss,,Beleza e Perfumaria,Cabelo
8606454,Avlon Uberliss Hi-Result Condicionador 300ml,,Beleza e Perfumaria,Banho
20038013,Truss Back Bar Lavatório Therapy Menthol Shampoo - 1lt,,Beleza e Perfumaria,Cabelo
29102696,Extrato Almiscar Coty 5ml,,Beleza e Perfumaria,Cuidados Pessoais
29107209,Aparador de pelos Multi Groom 7 em 1 BAP03 Bivolt - Britânia,,Beleza e Perfumaria,Barbearia
28639639,Wahl Óleo De Maq.De Corte,,Beleza e Perfumaria,Produtos para cabelo
24336188,Aneethun Age System - Shampoo + Máscara E Finalizador,,Beleza e Perfumaria,Cabelo
31748082,Wella Brilliance Máscara Cabelo Normal A Fino 500ml,,Beleza e Perfumaria,Produtos para cabelo
24418825,Perfume Polo Red EDT Masculino 30ml Ralph Lauren P,,Beleza e Perfumaria,Perfumaria
26706793,Creme Desinficador Antissinais Profuse Densifiant Fondant Facial 30g,,Beleza e Perfumaria,
121490499,Perfume Fiorucci Paris Colônia Feminina 80ml,fiorucci,Beleza e Perfumaria,Perfumaria
32980902,Ativador de Cachos 300ml,,Beleza e Perfumaria,Produtos para cabelo
25840685,Lift Intense 50 Ml Creme Anti Idade Rejuvenecedor Hidratante Anti Rugas Combate o Envelhecimento,,Beleza e Perfumaria,Dermocosméticos
18736992,Kit Duo Inoar Doctor S.O.S. Cabelo Saudável 2x250ml,,Beleza e Perfumaria,Cabelo
20845104,Kérastase Densifique - Shampoo Bain Densité Homme - 250ml,,Beleza e Perfumaria,Banho
25712934,Perfect Liss Escova Progressiva de Turmalina 3x1000ml-FAB Perfect Liss Cosméticos,,Beleza e Perfumaria,Produtos para cabelo
5343359,Gillette - Carga Sensor Excel c/ 2,,Beleza e Perfumaria,Barbearia
29881983,Ghair inoar escova progressiva Marroquina original,,Beleza e Perfumaria,Produtos para cabelo
13280789,Alfaparf Nutri Seduction Ultra Moisture Máscara 500g,,Beleza e Perfumaria,Cabelo
22060789,"Henna Para Sobrancelhas Slim Castanho Escuro 1,25g Grátis Fixador De Henna 10g - Expressão Facial",,Beleza e Perfumaria,Maquiagem
132762576,Aparador de Pelos à Pilha Groomsman Gift Set - Wahl Clipper,,Beleza e Perfumaria,Barbearia
31159508,pomada firm hold matte peligro pomade,,Beleza e Perfumaria,Barbearia
9861900,Forever Liss Maxx Escova Progressiva Ingel Kit 2x1000ml,,Beleza e Perfumaria,Cabelo
19994036,212 Vip Men Desodorante Spray Carolina Herrera - Desodorante Masculino,,Beleza e Perfumaria,Banho
249143,Perfume Burberry Feminino Eau de Parfum 30ml,burberry,Beleza e Perfumaria,Perfumaria
21611279,Vip Argan Oil Btx Selante Capilar 950g,,Beleza e Perfumaria,Cabelo
23576671,Victoria Secret Hidratante Pure Seduction Creme Corporal Feminino 236ml,,Beleza e Perfumaria,Banho
19790538,Gel Redutor De Medidas Corps Lignea 500g - Hinode,,Beleza e Perfumaria,Cuidados Pessoais
12638619,Lola Tarja Preta - Queratina Vegetal Máscara Restauradora - 230g,,Beleza e Perfumaria,Cabelo
7935070,Loreal Absolut Repair Cortex Lipidium Shampoo 500ml,,Beleza e Perfumaria,Banho
16316460,Máquina De Corte Gama Com  Acabamento Sem Fio Gc616,,Beleza e Perfumaria,Cabelo
121377373,Perfume Mercedes-Benz Club for Men Eau de Toilette 100ml,mercedes benz,Beleza e Perfumaria,Perfumaria
30716988,Wella Brilliance Kit Shampoo + Condicionador de 1 Litro,,Beleza e Perfumaria,Produtos para cabelo
30145154,Pigmerise Creme para Repigmentação da pele com Vitiligo 20g,,Beleza e Perfumaria,Cuidados Pessoais
25522997,Trio Matizador Dicolore Shampoo + Condicionador + Acidificante - 1440ml,,Beleza e Perfumaria,Produtos para cabelo
27729696,"Lupa De Cabeca Pala Com Iluminacao Led 5 Lentes Vision Evolution Branca Write Para Estetica, Odontol",,Beleza e Perfumaria,Unha
25520792,Acidificante Blonde Dicolore 480ml,,Beleza e Perfumaria,Produtos para cabelo
30604090,Kit com 2 Hidratantes Corporal Neutrogena Norwegian Body 500ml,,Beleza e Perfumaria,Cuidados Pessoais
27724576,Ykas Máscara Capiar Anti Emborrachamento 3 Minutos 300 Ml,,Beleza e Perfumaria,Produtos para cabelo
27998416,Aparador de Pelos 7 em 1 Men Care Beauty Multilaser - EB11,,Beleza e Perfumaria,Barbearia
30144874,Longevicel com Ácido Kójico Creme Clareador Anti-aging Noturno 30g - 30g,,Beleza e Perfumaria,Maquiagem
24808822,Nat Skin Ácido Glicólico 6% Hinode 30ml,,Beleza e Perfumaria,Cuidados Pessoais
19231203,Acquaflora Spray Defrizante Termoativo - Finalizador 120ml,,Beleza e Perfumaria,Cabelo
19231415,Lanza Kb2 Protector - Leave-In 300ml,,Beleza e Perfumaria,Cabelo
18445039,Colour Remover Removedor De Coloração Óleo De Queratina E Silicones Especiais 500ml - Alpha Line,,Beleza e Perfumaria,Cabelo
10523569,Perfume Royal Marina Turquoise Edp Feminino 100ml,,Beleza e Perfumaria,Perfumaria
20803189,Curvaceous - Loção Ringlet 180ml - Redken,,Beleza e Perfumaria,Cabelo
29568962,Kit Inoar Kálice Completo (3 Produtos),,Beleza e Perfumaria,Produtos para cabelo
133170329,Aparador de Pelos Philips Satin Shave Prestige BRL180/00,,Beleza e Perfumaria,Depilação
20498267,Creme Para Massagem Pimenta Negra 1kg,,Beleza e Perfumaria,Cuidados Pessoais
11949121,Loreal Profissional Máscara Absolut Repair Pós Química 500ml,,Beleza e Perfumaria,Cabelo
7462372,Chapinha (Prancha) GA.MA Italy Infiniy One Bivolt Preta,ga.ma italy,Beleza e Perfumaria,Cabelo
16990982,Kit 10 Pc Pincel Escova Oval Maquiagem,,Beleza e Perfumaria,Maquiagem
8440677,Wella Profissional Enrich Máscara Para Cabelos Grossos 500ml,,Beleza e Perfumaria,Cabelo
30671071,Retoque Raiz Spray Instantâneo Magic Retouch Castanho Escuro,,Beleza e Perfumaria,Produtos para cabelo
15995405,Deva Curl Styling Cream Creme Para Cachos 500gr - Fab Deva Cosméticos,,Beleza e Perfumaria,Cabelo
6581525,Coloração Koleston Kit 777 Marrom Harmonia - Wella,,Beleza e Perfumaria,Cabelo
6581485,Coloração Koleston Kit 70 Louro Médio - Wella,,Beleza e Perfumaria,Cabelo
27510727,Pacha Ibiza Diva Eau De Toilette - Perfume Feminino 80ml,,Beleza e Perfumaria,Perfumaria
29888906,Perfume Chloe Feminino Eau de Parfum 75ml  Chloe,,Beleza e Perfumaria,Perfumaria
18894870,Dermacol Make Up Base Alta Cobertura Cor 221,,Beleza e Perfumaria,Maquiagem
21969890,Cadeira Hidráulica Em Couro Pu Pel-036a Reclinável,,Beleza e Perfumaria,Artigos de Salão de Beleza
24725425,Desodorante Antitranspirante Men+care Aerosol Invisible Dry 89g Unid - Dove,,Beleza e Perfumaria,Perfumaria
17859157,Tesoura Dentada 6 Marco Boni - Referência 1707,,Beleza e Perfumaria,Cabelo
28553523,Hair Skin e Nails + Coqueteleira - Cápsula da Beleza - Take Care,,Beleza e Perfumaria,Nutricosméticos
29275343,Super Lupa De Cabeça Com Duplo Led Branca Viseira Articulável Para Estética Medicina E Dentista,,Beleza e Perfumaria,Unha
7329943,Perfume Café Feminino Eau de Toilette 60ml - Café-Café,,Beleza e Perfumaria,Perfumaria
23157901,Let Me Be Progressiva S´formol 1 Litro,,Beleza e Perfumaria,Cabelo
20483643,Maquina Para Recorte De Papéis E Tecidos Com Scanner Brother Scanncut Cm650w,,Beleza e Perfumaria,Cabelo
112914421,Carga para aparelho Gillette Proglide - 4 unidades,gillette,Beleza e Perfumaria,Barbearia
11710246,Máquina Para Cortar Cabelo Wahl Pro Basic Profissional 220v,,Beleza e Perfumaria,Cabelo
17519160,Esmalte Vult Aumenta O Som - 081,,Beleza e Perfumaria,Unha
27293548,Removedor De Cravos Espinhas Acne Por Sucção - Spray De Água - Bateria Recarregavel,,Beleza e Perfumaria,Cuidados Pessoais
7253291,Aparador de Pelos Trimer - Lizz,lizz,Beleza e Perfumaria,Barbearia
120347201,Gel-Creme Roc C-Supérieur Olhos,roc,Beleza e Perfumaria,Cuidados Pessoais
15807205,Roc C-Superieur 16 Serum Concentrado Antirrugas Facial 15ml + Gel Creme Hidratante Facial 15g,,Beleza e Perfumaria,Dermocosméticos
31254731,Colônia Be Verde 100 ml Feminina - Be. Colônia.,,Beleza e Perfumaria,Perfumaria
30100897,Colonia Be Azul 15ML,,Beleza e Perfumaria,Perfumaria
21502324,Kit 12 Pincéis Pincel Maquiagem + Case Copo Dourado,,Beleza e Perfumaria,Maquiagem
122055931,Secador Philco Titanium Travel Bivolt 2 Velocidades Vermelho e preto,philco,Beleza e Perfumaria,Produtos para cabelo
31960656,Protetor Solar Kao Bioré UV Bright Milk Spf 50 Pa++++ Rosa 30ml,,Beleza e Perfumaria,Proteção solar
30843729,Lacoste Booster 125Ml,,Beleza e Perfumaria,Perfumaria
31430772,Escova Para Banho Ak Acessórios,,Beleza e Perfumaria,Cuidados Pessoais
31027230,Kit 2 Vinagre Capilar de Maçã Forever Liss,,Beleza e Perfumaria,Produtos para cabelo
13545203,Plástica Dos Fios Cadiveu Selagem Térmica Kit (3 X 1 Litro),,Beleza e Perfumaria,Cabelo
18634999,Exímia Firmalize Age Complex Colágeno c/ 30 Sachês de 13g Cada,,Beleza e Perfumaria,Dermocosméticos
21364876,Plancton Professional - Kit Detox Oxigenação Capilar Shampoo E Máscara,,Beleza e Perfumaria,Cabelo
21113163,Renovil - Serum Concentrado Com Ácido Hialuronico E Vitamina C E E 30g - Abelha Rainha,,Beleza e Perfumaria,Cuidados Pessoais
26160875,Escova Progressiva Ykas Citric 1l,,Beleza e Perfumaria,Produtos para cabelo
19498365,Catharine Hill Sombras Variadas 1017 - Paleta De Sombras 24g,,Beleza e Perfumaria,Maquiagem
25565092,Antonio Banderas Her Secret Temptation Eau De Toilette 50ml,,Beleza e Perfumaria,Perfumaria
18405778,Minesol Oil Control Tinted Fps 60 Roc - Protetor Solar Facial,,Beleza e Perfumaria,Tratamento de Pele
18278514,Inoar Daymoist Fast Repair - Ampola De Tratamento 4x15ml,,Beleza e Perfumaria,Cabelo
18278432,Yenzah Whey Fit Cream - Ampola 4x15ml,,Beleza e Perfumaria,Cabelo
27135854,Mascara tonalizante Color Mask Chocolate Mutari 300g,,Beleza e Perfumaria,Produtos para cabelo
26972634,Kit Desodorante Antitranspirante Old Spice 150ml 2 Pegador + 2 Lenha + 2 Matador,,Beleza e Perfumaria,Cuidados Pessoais
19230877,Alfaparf Semi Di Lino Diamante Illuminating - Shampoo 1000ml,,Beleza e Perfumaria,Banho
27665957,Secador Taiff Kompress Soft Wine 2100W 127V,,Beleza e Perfumaria,Barbearia
10667955,Tintura Surya Henna Creme Castanho Escuro,,Beleza e Perfumaria,Dermocosméticos
24364333,Perfume Baby Touch Infantil Eau De Toilette 100ml Burnberry,,Beleza e Perfumaria,Perfumaria
18454063,Kit Escova Alemã 250ml G.Hair,,Beleza e Perfumaria,Cabelo
30704173,Kit Griffus Quero Cabelão Desmaiado Duo (2 Produtos),,Beleza e Perfumaria,Produtos para cabelo
15807329,Profuse Essencele Filler C Serum Antirrugas Facial 30g,,Beleza e Perfumaria,Tratamento de Pele
29717945,Inoar Herbal Solution Profissional Kit (2 Produtos) + Nécessaire,,Beleza e Perfumaria,Produtos para cabelo
5411881,Eternity For Men Eau de Toilette Masculino 100 ml - Calvin Klein,calvin klein,Beleza e Perfumaria,Perfumaria
26215274,Coloração Souple Liss 9.089 Louro Muito Claro Pérola,,Beleza e Perfumaria,Produtos para cabelo
19305537,Esmalte Ludurana  Efeito Gel Esmero Solto 8ml,,Beleza e Perfumaria,Unha
14586195,Máquina De Cortar Cabelos Dual Action Titanium - Philco,,Beleza e Perfumaria,Cabelo
24519684,Shampoo Kerastase Specifique Bain Divalent 250ml,,Beleza e Perfumaria,Produtos para cabelo
24808906,Perfume Arsenal Woman Edp Feminino 100ml,,Beleza e Perfumaria,Perfumaria
26636115,Kit Completo Maizena Capilar Mealiza Forever Liss,,Beleza e Perfumaria,Produtos para cabelo
12293039,Moroccanoil Shampoo Reparador Moisture Repair Shampoo - 1000ml,,Beleza e Perfumaria,Banho
118566211,Perfume Katy Perry Killer Queen Feminino Eau de Parfum 100ml,,Beleza e Perfumaria,Perfumaria
21775019,Biotina Firmeza e Crescimento Maxinutri 3x60 Cápsulas,,Beleza e Perfumaria,Cuidados Pessoais
5411747,Organza Eau de Parfum Feminino 100ml - Givenchy,,Beleza e Perfumaria,Perfumaria
15277958,Escova Progressiva Selagem Termica Cadiveu Plástica Dos Fios Kit,,Beleza e Perfumaria,Cabelo
27314449,Kit 10 Pincéis Kabuki Para Maquiagem Bolsa Branca Cbr04379,,Beleza e Perfumaria,Maquiagem
23517282,Gel De Barbear 500g – Yelsew,,Beleza e Perfumaria,Cabelo
112310935,Perfume Calvin Klein CK One Shock Feminino Eau de Toilette 100ml,,Beleza e Perfumaria,Perfumaria
16234728,Crece Pelo Sacola Shampoo Condicionador Máscara Leave-In,,Beleza e Perfumaria,Banho
12981734,Sérum Óleo De Argan Inoar 120ml,,Beleza e Perfumaria,Cabelo
16318252,Cacheador Britania Ceramic Bivolt,,Beleza e Perfumaria,Cabelo
17489916,Moldes Reutilizáveis Gel E Porcelana - 5 Unidades,,Beleza e Perfumaria,Unha
131259856,Secador de Cabelo Arno Nomad 2 Velocidades Rosa - 1600W,arno,Beleza e Perfumaria,Aparelhos elétricos para cabelo
31670745,Felithi Full Bb Cream 10 Em 1 Reparador Finalizador 200ml,,Beleza e Perfumaria,Produtos para cabelo
31247375,Sabonete de Própolis Verde,,Beleza e Perfumaria,Cuidados Pessoais
9719243,Joico K-Pak Color Therapy Shampoo 300ml,,Beleza e Perfumaria,Banho
8231798,Shampoo Keratin Healing Oil Unissex 300ml Lanza,,Beleza e Perfumaria,Banho
8082815,K.Pro Ice Man Energy Shampoo 240ml,,Beleza e Perfumaria,Banho
10910612,Joico Moisture Recovery Treatment Balm 250ml,,Beleza e Perfumaria,Cabelo
22390512,Kit Com Prancha Chapinha E Modelador De Cachos 230ºc Cabelo,,Beleza e Perfumaria,Cabelo
28657561,5820177661225,,Beleza e Perfumaria,Perfumaria
31620982,Aquecedor De Cera Quente Panela Elétrica Depilação 110v,,Beleza e Perfumaria,Depilação
15714923,"Chapinha Prancha Nano Titanium Babyliss Pro By Roger - Tamanho 1+1/4"" 230°C - 450°F",,Beleza e Perfumaria,Cabelo
18680504,"Máquina de Cortar Cabelo Wahl - Com 9 Pentes Coloridos + Maleta, Pente e Tesoura - Color Pro",,Beleza e Perfumaria,Cabelo
23206267,Kérastase Nutritive - Shampoo Bain Magistral - 01 Litro,,Beleza e Perfumaria,Banho
25494117,Red Iron Multi Repair Ampola 12x 15ml,,Beleza e Perfumaria,Produtos para cabelo
25453681,Secador Roger Speed Ionic PRO 220V,,Beleza e Perfumaria,Aparelhos elétricos para cabelo
7329862,Light Blue Eau de Toilette Feminino 50ml - Dolce & Gabbana,,Beleza e Perfumaria,Perfumaria
6589810,Perfume Arsenal Blue Masculino Eau de Parfum 100ml,,Beleza e Perfumaria,Perfumaria
18306963,Eliminador De Toxinas Kinoki Detox Kit Com 10 Unidades,,Beleza e Perfumaria,Tratamento de Pele
11600684,Quick Dry Base Coat Revlon - Base Protetora Para Unhas Frágeis,,Beleza e Perfumaria,Unha
17347913,"Cronograma Capilar Mulher Maravilha - Forever Liss - Banho Verniz, Anabolizante E Sos",,Beleza e Perfumaria,Cabelo
18358337,Kit Escova Progressiva Sem Formol New Vip Caribenha Ojon Oil,,Beleza e Perfumaria,Cabelo
19231689,Inoar Absolut Daymoist Clr Kit (2 Produtos),,Beleza e Perfumaria,Cabelo
18240997,Hairdo Ondulado - Chocolate Com Mechas Cobre 58 Cm,,Beleza e Perfumaria,Cabelo
16489894,Cortador Alicate P/ Unhas Postiça Gel Acrigel Porcelana Tips,,Beleza e Perfumaria,Perfumaria
28501327,Kit Desodorante de Sálvia Natural Orgânico Vegano Sem Alumínio,,Beleza e Perfumaria,Cuidados Pessoais
8207384,Shampoo Anti-Loss Ginseng Unissex 250ml N.P.P.E.Ha,,Beleza e Perfumaria,Banho
32208247,Creme Hidratante Antirrugas LiftDerma Rejuvenescedor 50ml,,Beleza e Perfumaria,Cuidados Pessoais
31558805,LiftDerma creme anti idade rejuvenescedor hidratante anti rugas 50ml com Instensyl,,Beleza e Perfumaria,Cuidados Pessoais
21666549,Secador De Cabelos Gama Italy 2200w Ar Frio Quente,,Beleza e Perfumaria,Cabelo
14197272,Linha De Proteção Solar Profissional Fps30 1l,,Beleza e Perfumaria,Tratamento de Pele
15714759,Perfume Tommy Girl Eau De Toilette Feminino 100ml Tommy Hilfiger,,Beleza e Perfumaria,Perfumaria
29217336,Pedra Hume Tablete Rapozo,,Beleza e Perfumaria,Barbearia
21988681,Creme Para Pentear Salon Line Ntodecacho Crespo Divino 300ml,,Beleza e Perfumaria,Cabelo
287402,212 Sexy Feminino Eau de Parfum 60ml - Carolina Herrera,,Beleza e Perfumaria,Perfumaria
21513958,7 Dias Liss La Bela Liss Leave-In Efeito Liso 160ml,,Beleza e Perfumaria,Cabelo
20668125,Perfume Flower By Kenzo Eau De Parfum Feminino 100ml,,Beleza e Perfumaria,Perfumaria
31363508,Alicate De Unha Cutícula Profissional Aço Inox,,Beleza e Perfumaria,Unha
7934108,Redken For Men Working Wax Maneuver - Cera De Modelagem 100g,,Beleza e Perfumaria,Cabelo
17442746,Kit Força E Nutrição - Shampoo Hidratação E Fortificação E Creme Anabolizante Capilar - Forever Liss,,Beleza e Perfumaria,Cabelo
12885744,Escova Progressiva Salvatore Blue Gold- 2x1l,,Beleza e Perfumaria,Cabelo
27724530,Forever Liss Selagem Capilar Vinagre Capilar De Maçã 300ml,,Beleza e Perfumaria,Produtos para cabelo
17819116,Forever Liss Kit Banho De Verniz 1kg + Sos Antiemborrachamento 300ml,,Beleza e Perfumaria,Cabelo
29792045,Perfume Tommy Hilfiger Tommy Masculino Eau De Toilette 100ml,,Beleza e Perfumaria,Perfumaria
28611884,Dagua Natural Creme De Massagem Pimenta Negra 650g,,Beleza e Perfumaria,Cuidados Pessoais
26902087,Shampoo Antirresíduos Itallian Trivitt 01 300ml,,Beleza e Perfumaria,Produtos para cabelo
11639131,Uv Protective Liquid Foundation Spf 43 Shiseido - Base Para Rosto Medium Beige,,Beleza e Perfumaria,Maquiagem
29879128,Bottled Tonic Hugo Boss Eau de Toilette - Perfume Masculino 100ml,,Beleza e Perfumaria,Perfumaria
30876989,Kit Wella Enrich Shampoo + Condicionador 1 Litro,,Beleza e Perfumaria,Produtos para cabelo
23894520,Zap Escova Progressiva Sem Formol Zap Straight,,Beleza e Perfumaria,Cabelo
19231766,"Maybelline Extreme Matte By Color Sensational 10 É Assim E Ponto! - Batom 1,5g",,Beleza e Perfumaria,Maquiagem
127166075,Blush Maybelline Fit Me 03 Nasci Assim,maybelline,Beleza e Perfumaria,Maquiagem
29500335,Maleta Frasqueira Maquiagem e Jóias paris branco preto CBRN04669,,Beleza e Perfumaria,Maquiagem
112149942,Perfume James Bond 007 Masculino Eau de Toilette 70ml - James Bond,james bond,Beleza e Perfumaria,Perfumaria
26483895,Kit Recarga Para Aparelho De Barbear Bic Flex 4 - 4 Unidades,,Beleza e Perfumaria,Barbearia
112524095,Gel Protetor de Calos e Bolhas Granado Pink,granado,Beleza e Perfumaria,Cuidados Pessoais
30725264,Escova Secadora Soft BEC02 Seca E Escova Os Cabelos Britânia,,Beleza e Perfumaria,Aparelhos elétricos para cabelo
13433284,Shampoo Sensciense True Hue Violet 300ml Cabelos Loiros,,Beleza e Perfumaria,Banho
29534612,Barbeador Shaver Series Hq6906 Com Lâminas Closecut - Philips,,Beleza e Perfumaria,Barbearia
10579357,Schwarzkopf 3dmension Molding Wax- Cera Modeladora 100ml,,Beleza e Perfumaria,Cabelo
33493287,CellRepair7 Tratamento Facial Profundo Creme Hidratante Prevenção de Rugas 50ml,,Beleza e Perfumaria,Cuidados Pessoais
127165591,Base Líquida Maybelline Fit Me 210 Médio Verdadeiro - 35ml,maybelline,Beleza e Perfumaria,Maquiagem
18579527,Base Dermacol Embalagem De 4 Gramas Fracionada Cor 222,,Beleza e Perfumaria,Maquiagem
26968676,Perfume Versace Eros Masculino Eau De Toilette 100ml,,Beleza e Perfumaria,Perfumaria
7331006,Kouros Masculino Eau de Toilette 100ml - Yves Saint Laurent,yves saint laurent,Beleza e Perfumaria,Perfumaria
24120377,New Fox Gloss Escova Progressiva - ( 2x 1000ml ),,Beleza e Perfumaria,Cabelo
116331661,Spray Secante de Esmalte Aerojet Aspa 90ml,aspa,Beleza e Perfumaria,Unha
16412467,Escova Modeladora Faet Ls-36 110v,,Beleza e Perfumaria,Cabelo
123439478,Coloração Biocolor Kit Mechas 220g,biocolor,Beleza e Perfumaria,Produtos para cabelo
15039678,Anabolizante Capilar Original - Máscara Fortalecedora De Hidratação E Nutrição 3kg (272) - Natumaxx,,Beleza e Perfumaria,Cabelo
28781594,Lixa Eletrica De Manicure Profissional Pedicure Unha Mulher,,Beleza e Perfumaria,Unha
27191733,Perfume Carrera Pour Homme Masculino 100ml,,Beleza e Perfumaria,Perfumaria
22699606,Kit Completo Cronopower Haskell Com 5 Produtos,,Beleza e Perfumaria,Cabelo
6581531,Coloração Koleston Kit 67 Chocolate - Wella,,Beleza e Perfumaria,Cabelo
18267437,Mademoiselle Azzaro Eau De Toilette - Perfume Feminino 50ml,,Beleza e Perfumaria,Perfumaria
20158569,Split-Ender Removedor De Pontas Duplas Corte Bordado - Fasiz - Vermelho,,Beleza e Perfumaria,Cabelo
27767218,Difusor Universal Ga.Ma,,Beleza e Perfumaria,Aparelhos elétricos para cabelo
7055565,Perfume Versace Versense Feminino Eau de Toilette 30ml - Versace,,Beleza e Perfumaria,Perfumaria
27906769,Joico Kpak Deep Penetrating Reconstructor 150ml,,Beleza e Perfumaria,Produtos para cabelo
22734564,Shampoo Kérastase Nutritive Irisome Bain Satin 2 250ml,,Beleza e Perfumaria,Banho
127371108,Máquina de Corte GM590  - Ga.Ma Italy,ga.ma italy,Beleza e Perfumaria,Barbearia
22954853,Iluminador Facial Orgânico 10g Organela,,Beleza e Perfumaria,Maquiagem
13910248,Zap Morte Vida Máscara De Hidratação Profunda - 950g,,Beleza e Perfumaria,Cabelo
12759207,Probelle Profissional - Protetor Térmico Ultra Relax Nutritive Repair - 120ml,,Beleza e Perfumaria,Cabelo
15807219,Episol Color Base Facial Pele Morena Fps 70 40g,,Beleza e Perfumaria,Dermocosméticos
25859959,Perfume Pour Homme Blue Label Givenchy 100ml,,Beleza e Perfumaria,Perfumaria
18499074,Removedor de Cutícula Instantâneo 45ml - Vefic,,Beleza e Perfumaria,Unha
10712899,Melora C Max Espuma Fps 50 Com 45 Ml,,Beleza e Perfumaria,Dermocosméticos
14970049,Bisturi Ponteiro De Ponta Reta - Professional Club - (54010612) - Merheje-Unhex,,Beleza e Perfumaria,Maquiagem
16505690,Máscara Kérastase Nutritive Irisome Mask Magistral 200ml,,Beleza e Perfumaria,Cabelo
12809048,La Grace Escova Progressiva 2 X 1000 Ml,,Beleza e Perfumaria,Cabelo
23491745,Corretivo Concealer Contour Ruby Rose Hb-8088 - Light,,Beleza e Perfumaria,Maquiagem
28368705,Máquina Aparador Nariz Cabelo Barba Pezinho Bivolt 3 em 1,,Beleza e Perfumaria,Barbearia
127391475,Escova Mágica Lizz Vermelha Bivolt,lizz,Beleza e Perfumaria,Aparelhos elétricos para cabelo
24316762,Forever Liss Selante Termico Argan Oil 500 Ml -,,Beleza e Perfumaria,Cabelo
8429948,Agimax Kera-X Restauração Instantânea 1000ml,,Beleza e Perfumaria,Cabelo
25475555,Bb Cream Super 10 Em 1,,Beleza e Perfumaria,Maquiagem
29476162,Gel Facial Anti-Oleosidade Granaderma,,Beleza e Perfumaria,Cuidados Pessoais
6776415,Van Cleef Tsar Eau de Toilette Masculino 100ml,mra,Beleza e Perfumaria,Perfumaria
23186220,Pinca Dep 9cm Banh Ouro Larga,,Beleza e Perfumaria,Maquiagem
21268852,Barbeador Bic Sensitive 1 Lâmina En com 24,,Beleza e Perfumaria,Barbearia
18238604,Perfume Good Girl Feminino Eau De Parfum 50ml Carolina Herrer,,Beleza e Perfumaria,Perfumaria
11624927,United Dreams Be Strong Eau De Toilette Benetton - Perfume Masculino 100ml,,Beleza e Perfumaria,Perfumaria
23092130,Prancha Chapinha Nano Titanium 450 °F,,Beleza e Perfumaria,Cabelo
9249331,Cicatricure Creme Reduz Rugas E Linhas De Expressão Com 60 Gramas,,Beleza e Perfumaria,Dermocosméticos
15802571,"Roc Pro-Define Creme Concentrado Antirrugas Facial 3,5 50ml",,Beleza e Perfumaria,Dermocosméticos
27034121,Edt Dolce Vita 50ml,,Beleza e Perfumaria,Perfumaria
21343045,Barbeador E Aparador De Barba Panasonic Er 389k 127v Máquina De Acabamento,,Beleza e Perfumaria,Barbearia
14028228,Eternity Now Eau de Parfum Feminino,,Beleza e Perfumaria,Perfumaria
15801928,Cetaphil Advanced Moisturizer Loção Hidratante Corporal Pele Seca E Sensível 473ml,,Beleza e Perfumaria,Dermocosméticos
112021156,Perfume Tommy Hilfiger Eau de Prep Feminino Eau de Toilette 50ml,,Beleza e Perfumaria,Perfumaria
19230632,Sp System Professional Luxe Oil - Óleo 100ml,,Beleza e Perfumaria,Cabelo
22231520,Prancha De Cabelo Mq Line Up Ceramic,,Beleza e Perfumaria,Cabelo
22272487,Henna Para Sobrancelha Henafix Castanho Médio,,Beleza e Perfumaria,Maquiagem
127370957,Batom Maybelline Color Sensational Matte 408 Mate de Inveja,maybelline,Beleza e Perfumaria,Maquiagem
26991807,Máscara De Hidratação Banana E Mel Onix Liss 1kg,,Beleza e Perfumaria,Produtos para cabelo
12291819,Eos Organic Lip Balm Blueberry Açaí - Protetor Labial 7g,,Beleza e Perfumaria,Tratamento de Pele
21764825,Lixa Elétrica Polidor De Unha Profissional,,Beleza e Perfumaria,Unha
9550255,Depilador Feminino Eletrico Com Estojo E Escova A Pilha Western,,Beleza e Perfumaria,Depilação
25411255,Kit Miracle Truss Shampoo E Condicionador 300ml,,Beleza e Perfumaria,Produtos para cabelo
11486269,G.Hair Escova Progressiva Alemã Kit 3x250ml - Fórmula Inoar,,Beleza e Perfumaria,Cabelo
8182403,Perfume Leau Dissey Pour Homme Intense Edt Mascu,,Beleza e Perfumaria,Perfumaria
26655319,Dedeira de Látex Santa Clara com 50 Unids.,,Beleza e Perfumaria,Unha
117021489,Perfume Puma Sync Masculino Eau de Toilette 60ml,puma,Beleza e Perfumaria,Perfumaria
27633442,Oculos Lupa De Cabeça Com 2 Leds E Kit De Lentes Ate 25x Branca Para Leitura Estetica Dentista Medic,,Beleza e Perfumaria,Unha
127952720,Shampoo TRESemmé Expert Selagem Capilar Crespo Original 200ml,tresemme,Beleza e Perfumaria,Produtos para cabelo
27593135,Truss Ultra Hydration Plus Condicionador 300ml,,Beleza e Perfumaria,Banho
25262943,Kit Máquina Wahl Detailer Bivolt + Wahl Legend V9000 220v,,Beleza e Perfumaria,Barbearia
8209844,Shampoo K-Pak Color Therapy Unissex 300ml Joico,,Beleza e Perfumaria,Banho
23883307,Prancha Nano Titanium Babyliss Optima 3000 + Desmaia Cabelo,,Beleza e Perfumaria,Cabelo
12541376,"Kit Loreal Absolut Repair Lipidium Sh 1,5l + Cond 1,5l + Masc 500g",,Beleza e Perfumaria,Cabelo
28785352,Perfume Masculino Euroessence Pólo Essence 100ML,,Beleza e Perfumaria,Perfumaria
27853993,Shampoo Keune Color Care 250ml,,Beleza e Perfumaria,Produtos para cabelo
23001225,Combo 2 Kits Progressiva Maria Escandalosa,,Beleza e Perfumaria,Cabelo
11655094,Inner Restore Intensif Senscience - Máscara Reconstrutora 150ml,,Beleza e Perfumaria,Cabelo
11345745,Kit Escova Semi Definitiva Power 3d 2x1litro E Máscara Pós Progressiva 250gr Forever Liss,,Beleza e Perfumaria,Cabelo
112190591,Perfume Mercedes-Benz Masculino Eau de Toilette 40ml,mercedes benz,Beleza e Perfumaria,Perfumaria
127371132,Secador Eleganza 2200 - Ga.Ma Italy,ga.ma italy,Beleza e Perfumaria,Aparelhos elétricos para cabelo
23960608,Chapinha Profissional Nano Titanium 450f + Progressiva Zap,,Beleza e Perfumaria,Cabelo
22540889,Kérastase Specifique Bain Prévention Shampoo 250 Ml,,Beleza e Perfumaria,Banho
29567911,Let Me Be Escova Progressiva Supreme Liss Control 2X500ML,,Beleza e Perfumaria,Produtos para cabelo
29159571,Depiladora Philips BRE620/00 30mm 2V  Branco/Verde,,Beleza e Perfumaria,Barbearia
7143182,Cortador de Cabelos QC5115/15 PR - Philips,,Beleza e Perfumaria,Cabelo
14983970,Aneethun Revive Finalizador Termoprotetor - 250g,,Beleza e Perfumaria,Cabelo
31422662,Kit Tintura Light Color Salon Line Castanho Escuro 3.0,,Beleza e Perfumaria,Produtos para cabelo
14373749,Kit Com 12 Pincéis Necessaire - Kp1-5 - Macrilan,,Beleza e Perfumaria,Maquiagem
29368104,Creme Facial Yves Rocher Serum Vegetal Rugas e Luminosidade Noturno 50ml,,Beleza e Perfumaria,Cuidados Pessoais
22669716,Escova Para Cabelos Revolucionária - The Secret,,Beleza e Perfumaria,Cabelo
21168515,Prancha Babyliss Optima 3000 Alisa Faz Cachos 240 °C (465 °F) By Roger,,Beleza e Perfumaria,Cabelo
16489930,Lâmpada Branca Uv 9w Nail Para Cabine De Unhas Gel Acrygel,,Beleza e Perfumaria,Unha
31671272,Vitalessence Sérum 60ml com T-Growth Hair Nano. Tratamento Capilar Anti-quedas,,Beleza e Perfumaria,Produtos para cabelo
32339118,Vitalessence Shampoo 200ml com T-Growth Hair Nano. Tratamento Capilar Anti-quedas,,Beleza e Perfumaria,Produtos para cabelo
32138853,Vitalessence Sérum 60ml. Tratamento Capilar Anti-quedas.,,Beleza e Perfumaria,Produtos para cabelo
32138850,Vitalessence Shampoo 200ml. Tratamento Capilar Anti Quedas.,,Beleza e Perfumaria,Produtos para cabelo
11905707,Shampoo Vitamino Color 250ml - Loréal,,Beleza e Perfumaria,Banho
20792602,Condicionador L´Oréal Professionnel Vitamino Color 1500 Ml + Brinde Válvula Pump,,Beleza e Perfumaria,Banho
29500451,Perfume Ch Feminino Carolina Herrera Eau de Toilette,,Beleza e Perfumaria,Perfumaria
19231787,Loréal Professionnel Absolut Repair Power Repair Cortex Lipidium - Ampola De Tratamento 4x 10ml,,Beleza e Perfumaria,Cabelo
30559610,Creme Redutor de Papadas 50g,,Beleza e Perfumaria,Maquiagem
10827833,Secador Taiff Vulcan 2400W* 220V,,Beleza e Perfumaria,Cabelo
28138343,Truss Shampoo Ultra Hydration Plus - 300ml,,Beleza e Perfumaria,Produtos para cabelo
28694648,Avora Vivance Relax Tioglicolato Creme Alisante/Relaxante 480g,,Beleza e Perfumaria,Produtos para cabelo
9411122,Protetor Térmico Ciment Thermique Resistance 150ml - Kérastase,,Beleza e Perfumaria,Cabelo
9718243,L´Oréal Professionnel Homme Cover 5 N° 4 Castanho 3x50ml,,Beleza e Perfumaria,Cabelo
27883314,Kit Victoria's Secret Love Spell Creme Hidratante 236ml + Body Splash 250ml,,Beleza e Perfumaria,Perfumaria
11625606,Touzz Tendre For Women Eau De Parfum Linn Young - Perfume Feminino 100ml,,Beleza e Perfumaria,Perfumaria
23490140,Tarja Preta Lola Cosmetics Queratina Vegetal Líquida 250ml,,Beleza e Perfumaria,Cabelo
6607432,Joop! Go Masculino Eau de Toilette 50ml  - Joop!,joop!,Beleza e Perfumaria,Perfumaria
22511811,Máquina De Corte Andis Fade Master 110v,,Beleza e Perfumaria,Barbearia
15472401,Eleganza Plus Ga.Ma Italy - Prancha De Cabelo - Bivolt,,Beleza e Perfumaria,Cabelo
7767277,Perfume Live Feminino Eau de Parfum 100ml - Jennifer Lopez,jennifer lopez,Beleza e Perfumaria,Perfumaria
5717940,Perfume Live Luxe Feminino Eau de Parfum 100ml - Jennifer Lopez,jennifer lopez,Beleza e Perfumaria,Perfumaria
26026330,Revlon Colorstay Pele Mista E Oleosa Sand Beige - Base Líquida 30ml,,Beleza e Perfumaria,Maquiagem
31363111,Kit 12 Pincel Maquiagem Naked 3 Power Brush Com Estojo,,Beleza e Perfumaria,Maquiagem
120853500,Óleo Bronzeador Banana Boat Gold FPS 8 236ml,,Beleza e Perfumaria,Proteção solar
7261460,Secador de Cabelo Lizz para Viagem Mini 1500 Dobrável Prata Bivolt - 1200W,lizz,Beleza e Perfumaria,Cabelo
18909209,Plancton - Creme Alisante Platinum  Argan E Ojon Oils 250g,,Beleza e Perfumaria,Cabelo
8619687,Lowell Final Effects - Selador De Cutícula,,Beleza e Perfumaria,Cabelo
31954085,Combo Escova Progressiva Zap Professional e Chapinha Prancha Nano Titanium 1 1/4 Até 450ºf - Bivolts,,Beleza e Perfumaria,Produtos para cabelo
112570041,Perfume Montblanc Presence Masculino Eau de Toilette 75 ml,,Beleza e Perfumaria,Perfumaria
25059157,Vichy Mineral 89 - 50ml,,Beleza e Perfumaria,Dermocosméticos
24424663,Rejuvenescedor Facial - Vichy Neovadiol Noite,,Beleza e Perfumaria,Dermocosméticos
5711129,The One Eau de Parfum Feminino Dolce Gabbana 75ml - Dolce & Gabbana,,Beleza e Perfumaria,Perfumaria
24359697,Perfume Olympéa Eau De Parfum Feminino,,Beleza e Perfumaria,Perfumaria
27519952,Tintura Para Sobrancelhas E Cílios Refectocil Cor Castanho Natural N° 03 - 15ml,,Beleza e Perfumaria,Maquiagem
19231609,Shills Black Mask Peel Off - Máscara Preta 15ml,,Beleza e Perfumaria,Tratamento de Pele
19191514,4711 Original Eau De Cologne Eau De Cologne - Perfume Unissex 800ml,,Beleza e Perfumaria,Perfumaria
27229709,Perfume Masculino Udv For Men - 100ml,,Beleza e Perfumaria,Perfumaria
11288960,Kit Absolut Repair Cortex Lipidium - Loréal - 3 Produtos,,Beleza e Perfumaria,Cabelo
24473853,Modelador de Cachos Profissional Life Curl Azul - New Hair,,Beleza e Perfumaria,Cabelo
20809953,Givenchy Live Irrésistible Perfume Feminino Eau De Toilette,,Beleza e Perfumaria,Perfumaria
27469749,"Secador De Cabelos Cherry Philco 3 Temperaturas, 2 Velocidades - 220v",,Beleza e Perfumaria,Aparelhos elétricos para cabelo
18238667,Moschino Fresh Couture Eau de Toilette - Perfume Feminino 100ml,,Beleza e Perfumaria,Perfumaria
116236146,Protetor Solar Banana Boat Ultra Defense Loção FPS 50 236ml,,Beleza e Perfumaria,Proteção solar
31772788,Kit Top Perfume Calvin Klein CK Be Unissex 200ml + Relógio Smart X3 - Chip - Ligação - Bluetooth,,Beleza e Perfumaria,Perfumaria
19673956,Cadiveu Hair Remedy Sos Serum Leave-In 150ml,,Beleza e Perfumaria,Cabelo
22985355,Kit Lanugo (Depilação A Cera),,Beleza e Perfumaria,Depilação
32346295,Mega Blend Escova Progressiva Beauté 1000ml,,Beleza e Perfumaria,Produtos para cabelo
26024378,Catharine Hill Four Concealer Pele Clara - Paleta De Corretivo 8g,,Beleza e Perfumaria,Maquiagem
17858646,Catharine Hill Máscara Para Cílios Waterproof,,Beleza e Perfumaria,Maquiagem
12822847,Matizador Magic Color Gloss 3d Blond Black 500ml,,Beleza e Perfumaria,Cabelo
8440707,Sebastian Profissional Penetraitt Máscara 150ml,,Beleza e Perfumaria,Cabelo
12023126,Olaplex Hair Perfector N°3 Restaurador Capilar 100ml,,Beleza e Perfumaria,Cabelo
27698781,Mesa Manicure Com Expositor Para Esmaltes Paris Madeira Preta Ou Branca,,Beleza e Perfumaria,Artigos de Salão de Beleza
32296284,"Kit Cabelo, Pinça Megahair Alongamento, Cola de  Queratina ¨K¨, Removedor, Alicate, Agulha, 100 Unid",,Beleza e Perfumaria,Produtos para cabelo
7331460,Perfume Elizabeth Arden Green Tea Scent Feminino Eau de Parfum 100ml,elizabeth arden,Beleza e Perfumaria,Perfumaria
14554876,For Beauty Bomba Capilar Mask 1 Kg,,Beleza e Perfumaria,Banho
23603289,Secador De Cabelo Parlux Advance Light Ion 127v Ice 2100w,,Beleza e Perfumaria,Cabelo
28982213,Agua Micelar 140ml Helene Deon,,Beleza e Perfumaria,Cuidados Pessoais
29338192,Serum Suavizante De Olheiras 15ml Helene Deon,,Beleza e Perfumaria,Cuidados Pessoais
16124112,Botox Btox Capilar Argan Oil Forever Liss,,Beleza e Perfumaria,Cabelo
8626814,Pancake Cremoso Dailus Color 06 Rose,,Beleza e Perfumaria,Maquiagem
132165704,Máquina de Cortar Cabelo Britânia Ceramic Plus Bivolt Preta,,Beleza e Perfumaria,Barbearia
11266214,Felps Xmix Banho De Verniz Máscara 1 Kilo,,Beleza e Perfumaria,Cabelo
9249341,Lakesia Solução Antimicótica Com Iodo Com 30 Ml,,Beleza e Perfumaria,Unha
15651146,Joico K-Pak To Repair Damage Hidratação Profunda Kit 3 Produtos,,Beleza e Perfumaria,Cabelo
18200795,Inoar Kit Absolut Daymoist Manutenção Shampoo + Condicionador (2 Produtos),,Beleza e Perfumaria,Banho
16123920,Escova Progressiva Passo Único Portier Unique,,Beleza e Perfumaria,Cabelo
128834768,Secador de Cabelos Britania Easy Travel Bivolt Preto - 800/1000w,britania,Beleza e Perfumaria,Aparelhos elétricos para cabelo
31338674,Kit com 2 Protetores Solar Sundown Starck FPS 60 200mL,,Beleza e Perfumaria,Proteção solar
19121296,Richée Professional Nano Botox Repair – Repositor De Massa 1000g,,Beleza e Perfumaria,Cabelo
33235647,Fast Liss Ng de France 1000ml,,Beleza e Perfumaria,Produtos para cabelo
128798816,Barbeador Ga.Ma Italy 2 Lâminas GSH850 - Bivolt,ga.ma italy,Beleza e Perfumaria,Barbearia
16210246,Cortador De Cabelo Profissional Gama Italy Personal Clipper Gc541 Bivolt Automatic,,Beleza e Perfumaria,Cabelo
29066569,Máquina Taiff Barber Design Bivolt,,Beleza e Perfumaria,Barbearia
22001924,Shampoo Tío Nacho Antiqueda Engrossador Capilgross 415ml,,Beleza e Perfumaria,Banho
27057343,"Shampoo Hidratante Lavatório Itallian Color 2,5l",,Beleza e Perfumaria,Produtos para cabelo
22182017,Shampoo Truss Specific Blond Hair 300ml,,Beleza e Perfumaria,Banho
27897037,Kit Manicure Lixa Elétrica Portátil Para Unhas Acrigel Gel  Fibras Salão,,Beleza e Perfumaria,Unha
307096,Obsession For Men Eau de Toilette Masculino 125ml - Calvin Klein,,Beleza e Perfumaria,Perfumaria
30162927,Iluminador Lágrimas De Unicórnio Óleos Hidratante Primer Maquiagem - Cat Make,,Beleza e Perfumaria,Maquiagem
24514224,Leave In Loreal Professionnel Creme De Pentear Nutrifier 150 Ml,,Beleza e Perfumaria,Produtos para cabelo
14809764,"Moldes Adesivos Para Unhas Em Gel, Acrygel E Porcelana100 Unidades",,Beleza e Perfumaria,Unha
18265605,Forum Classic Jeans Eau De Cologne - Perfume Unissex 100ml,,Beleza e Perfumaria,Perfumaria
14567821,"Kit Bandagem Preta 3,5 Mts + Protetor Bucal Preto Com Caixinha Fheras",,Beleza e Perfumaria,Cabelo
25298279,Perfume Cuba Gold For Men Masculino Eau De Toilette 100ml Cuba,,Beleza e Perfumaria,Perfumaria
25899250,Perfume Ohh Light New Brand 100ml,,Beleza e Perfumaria,Perfumaria
27229763,Perfume Masculino Silver Scent Jacques Bogart - 100ml,,Beleza e Perfumaria,Perfumaria
307570,Nazareno Gabrielli Eau de Toilette Feminino 100ml,,Beleza e Perfumaria,Perfumaria
29655454,Uso Obrigatório - Reconstrutor Capilar Truss 260ml,,Beleza e Perfumaria,Produtos para cabelo
19231772,Lowell Keeping Liss Liso Mágico - Fluído Termoativado 200ml,,Beleza e Perfumaria,Cabelo
31103711,Kit Carga Gillette Mach3 com 24 unidades + Porta Chuteira,,Beleza e Perfumaria,Barbearia
111869657,Perfume Guess I'm Yours Feminino Eau de Toilette 50ml,,Beleza e Perfumaria,Perfumaria
24808873,Handsome - Paris Elysses - Masculino - 100ML,,Beleza e Perfumaria,Perfumaria
33023225,Creme Para Pentear L'Oréal Profissional Nutrifier 150ml,,Beleza e Perfumaria,Produtos para cabelo
29663404,Kit Nanovin Hair Capsula e 1 Tonico Cavalo De Ouro 30ml,,Beleza e Perfumaria,Produtos para cabelo
11851742,Forever Liss - Uti Mascara Reconstrutora Efeito Teia 950g,,Beleza e Perfumaria,Cabelo
10565471,Wella Sp Liquid Hair - Reparador De Moá©Culas 100ml,,Beleza e Perfumaria,Cabelo
120904451,Secador de Cabelo Gama Eleganza 2200 Portátil Preto - 1900W,gama,Beleza e Perfumaria,Aparelhos elétricos para cabelo
24853562,Ange Ou Demon Le Parfum Son Accord Illicite 75ml Feminino,,Beleza e Perfumaria,Perfumaria
5989529,Perfume Café Feminino Eau de Toilette 90ml - Café-Café,,Beleza e Perfumaria,Perfumaria
25616237,Perfume Grès Cabotine Feminino Eau De Toilette 100ml,,Beleza e Perfumaria,Perfumaria
114424987,Perfume Rue Pergolese Feminino Eau de Parfum 100ml Parfums Pergolèse Paris,,Beleza e Perfumaria,Perfumaria
10664107,Schwarzkopf Igora Royal True Reds 7.77 Louro Médio Cobre Extra 60ml,,Beleza e Perfumaria,Cabelo
21825370,Lola Cosmetics Moulin Rouge - Máscara Tonalizante 230g,,Beleza e Perfumaria,Cabelo
11543852,Velocity + Biosine Complex Lotion Australian Gold - Loção Aceleradora Do Bronzeado,,Beleza e Perfumaria,Dermocosméticos
15899852,Deva Curl Angéll Gel Finalizador Condicionante 1000ml - Fab Deva Cosméticos,,Beleza e Perfumaria,Cabelo
24697980,Deva Curl Profissional Cabelos Cacheados (5 Produtos),,Beleza e Perfumaria,Produtos para cabelo
9954775,Secador De Cabelo 2000w Bivolt Dobravel (Sc-702),,Beleza e Perfumaria,Cabelo
21897371,Óleo Bronzeador Cenoura Fps 6 125ml,,Beleza e Perfumaria,Cabelo
15650225,"Felps Plástica Capilar Pós Xbtx Shampoo, Condicionador E Leave In Manutenção - 3x300ml",,Beleza e Perfumaria,Cabelo
29396294,Aparador de pelos Barba Bigode a pilha com 5 peças tesoura pente regulador e limpador TRIMMER,,Beleza e Perfumaria,Produtos para cabelo
29336304,Condicionador Inforcer Serie Expert L'oréal 1500ml,,Beleza e Perfumaria,Produtos para cabelo
10653919,Episol Sec Loção Fps 60 Com 100 Gramas,,Beleza e Perfumaria,Tratamento de Pele
132877082,"Modelador de Cachos Curves 1"" - 25,4mm  Bivolt - Taiff",,Beleza e Perfumaria,Cabelo
12802663,Forever Liss Botox Capilar Argan Oil - 250 Gr,,Beleza e Perfumaria,Cabelo
33418629,banho de verniz bella gold cosmeticos,,Beleza e Perfumaria,Produtos para cabelo
33407792,Anabolizante Bomba,,Beleza e Perfumaria,Produtos para cabelo
112657461,Unhas Postiças First Kiss Impress Autocolantes Chic Mystique Curta - 24 unhas,first kiss,Beleza e Perfumaria,Unha
320374,Perfume Elizabeth Arden Red Door Feminino Eau de Toilette 100ml,elizabeth arden,Beleza e Perfumaria,Perfumaria
26433352,Kit Cachos Divonicos - Fuá Da Nega,,Beleza e Perfumaria,Produtos para cabelo
11543776,Folcare Ds Loção Melora - Loção Anticaspa,,Beleza e Perfumaria,Cabelo
13544948,Madame Lis Professional - Escova Progressiva (2x1 Litro),,Beleza e Perfumaria,Cabelo
20128992,Atoderm Intensive Baume Bioderma 200ml,,Beleza e Perfumaria,Dermocosméticos
27177214,Escova Rotativa Spin Íon Brush 2 127v  Philco,,Beleza e Perfumaria,Aparelhos elétricos para cabelo
25209953,Kit Kera System Aneethun 4 Itens,,Beleza e Perfumaria,Produtos para cabelo
10565273,Equaliv Reinforce Cabelos Unhas 30 Caps,,Beleza e Perfumaria,Cabelo
123959537,Chapinha (Prancha) Steam Soy Philco Bivolt,philco,Beleza e Perfumaria,Aparelhos elétricos para cabelo
12624351,Máscara Matizadora Forever Liss Mega Blond 500g,,Beleza e Perfumaria,Cabelo
9653787,Prancha Starlight Digital Tourmaline Ion Plus Cabo Giratório Bivolt,,Beleza e Perfumaria,Cabelo
112656784,Cílios Postiços First Kiss Interiços Au Naturale 02 Médio,first kiss,Beleza e Perfumaria,Maquiagem
15806663,Neutrogena Norwegian Creme Hidratante Para As Mãos 56g,,Beleza e Perfumaria,Tratamento de Pele
8026626,Spray Fixador Hold Tight Lee Stafford 250ml,,Beleza e Perfumaria,Cabelo
25622652,Creme Facial Clareador Baba de Caracol Abelha Rainha 30g,,Beleza e Perfumaria,Cuidados Pessoais
23264961,Shampoo Tio Nacho Antiqueda Engrossador,,Beleza e Perfumaria,Banho
19423477,Pó Descolorante Blond Studio Loreal 400g,,Beleza e Perfumaria,Banho
29675643,Roger Chapa Babyliss Pro Nano Titanium Prancha Rosa,,Beleza e Perfumaria,Aparelhos elétricos para cabelo
13058301,Kérastase Resistance Ciment Thermique Leave In - Glaçage Thermo-Seal 125ml,,Beleza e Perfumaria,Cabelo
10616997,Óleo De Argan Marroquino Babyliss Pro - 100ml,,Beleza e Perfumaria,Cabelo
121485382,Perfume La Rive Cash Masculino Eau de Toilette 100ml,la rive,Beleza e Perfumaria,Perfumaria
27985895,Shampoo Sólido Pitanga,,Beleza e Perfumaria,Produtos para cabelo
18217086,Redken Frizz Dismiss Rebel Tame Creme De Pentear 250 Ml,,Beleza e Perfumaria,Cabelo
32505166,Óleo Bronzeador Corporal em Spray FPS8 Soleil 100 ml,,Beleza e Perfumaria,Proteção solar
32505131,Protetor Solar Corporal em Spray FPS50 Soleil 100 ml,,Beleza e Perfumaria,Proteção solar
32505005,Deo Colônia VIP For Him Overdose 90 ml,,Beleza e Perfumaria,Perfumaria
32505010,Deo Colônia For Her Overdose 90 ml,,Beleza e Perfumaria,Perfumaria
26974187,Senscience Silk Moisture Kit Duo Shampoo E Condicionador Profissional 2x1l,,Beleza e Perfumaria,Produtos para cabelo
127983711,Sabonete em Barra Dove Original 90g,dove,Beleza e Perfumaria,Cuidados Pessoais
127983631,Sabonete em Barra Dove Delicious Care Manteiga de Karitê e Baunilha 90g,dove,Beleza e Perfumaria,Cuidados Pessoais
28219645,Silicon Mix Mascara Bambu Nutritivo 450g 3 Unidades,,Beleza e Perfumaria,Produtos para cabelo
29142487,Creme Novex Repositor De Massa 1kg,,Beleza e Perfumaria,Produtos para cabelo
24702255,Combo Duo Shampoo Com Condicionador 2l Cada Protect Care Lowell,,Beleza e Perfumaria,Produtos para cabelo
19281065,Shampoo Tonalizante Phytogen Desamarelador Cinza 120ml,,Beleza e Perfumaria,Cabelo
30065187,Máscara de Tratamento Pantene Hidro-Cauterização 300mL,,Beleza e Perfumaria,Produtos para cabelo
18579538,Base Dermacol Embalagem De 4 Gramas Fracionada Cor 224,,Beleza e Perfumaria,Maquiagem
28877454,Perfume Light Blue Dolce Gabbana Feminino 100ml,,Beleza e Perfumaria,Perfumaria
32215015,Baton Depilador Flawless Batom Indolor Facial Instantâneo,,Beleza e Perfumaria,Maquiagem
30623498,Kit Unha Acrigel Inicial * Cabine Uv * Lixa Eletrica * Kit Gel Acrygel,,Beleza e Perfumaria,Unha
26026436,Scuderia Ferrari Forte Ferrari Eau De Parfum - Perfume Masculino 125ml,,Beleza e Perfumaria,Perfumaria
21034027,Bio Extratus Kit Resgate Spécialiste  (5 Produtos),,Beleza e Perfumaria,Cabelo
27633009,Perfect Liss Turmalina Kit Escova Progressiva (3 Passos),,Beleza e Perfumaria,Produtos para cabelo
11571827,Refil - Uv Protective Compact Foundation Fps35 Shiseido - Base Facial Light Ochre(Sp30),,Beleza e Perfumaria,Maquiagem
25196619,Pomada Para Suor Nas Mãos e Pés Antihydral 70gr,,Beleza e Perfumaria,Cuidados Pessoais
10515800,Condicionador Tigi Bed Head Urban Antidotes Re-Energize Conditioner 200ml,,Beleza e Perfumaria,Banho
18483620,Btx Orghanic Plancton – Redução De Volume Sem Formol 1kg,,Beleza e Perfumaria,Cabelo
26781480,Base Dermacol Embalagem De 4 Gramas Fracionada Cor 213,,Beleza e Perfumaria,Maquiagem
16211202,Givenchy Xeryus Rouge Edt Masculino,,Beleza e Perfumaria,Perfumaria
23668632,Salvatore Escova Progressiva Blue Gold 2x1000ml,,Beleza e Perfumaria,Cabelo
32483809,Victoria Secrets Morango Com Champanhe Body Splash 250 ml,,Beleza e Perfumaria,Perfumaria
20433654,Depilador Portátil Facial E Íntimo Unissex Design Ultra Fino,,Beleza e Perfumaria,Barbearia
31478956,Óleo Amêndoas Paixão Tentadora 200ml,,Beleza e Perfumaria,Cuidados Pessoais
34350726,Máscara de Hidratação Black - Stillo Cosméticos - Ativador de Tons Pretos - 500g,,Beleza e Perfumaria,Produtos para cabelo
25572965,Black Fix Barber Shop Loção Pós Barba - 300ml,,Beleza e Perfumaria,Barbearia
25035903,Schwarzkopf Igora Vibrance Loção Ativadora 4% 13 Vol. 1.000ml,,Beleza e Perfumaria,Produtos para cabelo
22278860,Novex Creme Tratamento Pra Bombar Whey Protein 1kg,,Beleza e Perfumaria,Cabelo
31385518,Secador de Cabelo Quanta QTSCP8 1.600 Watts 110V - Laranja/Preto,,Beleza e Perfumaria,Aparelhos elétricos para cabelo
16030632,Desodorante Roll On Vichy Peles Sensíveis Antitranspirante 48h 50ml,,Beleza e Perfumaria,Dermocosméticos
17572501,Kit Forever Liss Desmaia Cabelo Completo Ação Anti Volume,,Beleza e Perfumaria,Cabelo
23911211,Secador Cabelo Gama Lumina Vermelha 2200w 110v,,Beleza e Perfumaria,Cabelo
11586822,King Of Seduction Antonio Banderas - Perfume Masculino - Eau De Toilette,,Beleza e Perfumaria,Perfumaria
29717918,Kit Australian Gold Protetor + Acelerador (2 Produtos),,Beleza e Perfumaria,Proteção solar
9835030,Shiseido Case For Foundation - Estojo Para Protetor Compacto,,Beleza e Perfumaria,Perfumaria
26604362,Kit 1 Tinta e 1 Oxidante Sobrancelhas Refectocil N°2 Preto Azulado,,Beleza e Perfumaria,Maquiagem
111334388,Secador Alisador Arno Beauty Lissima Clip & Press Gold - Arno,arno,Beleza e Perfumaria,Aparelhos elétricos para cabelo
27524337,Espelho De Mesa Princesa C/ Aumento Para Maquiagem Dourado P,,Beleza e Perfumaria,Maquiagem
34350646,Máscara de Hidratação Black,,Beleza e Perfumaria,Produtos para cabelo
10634919,Normaderm Noite Detox Cr 40ml,,Beleza e Perfumaria,Dermocosméticos
24473805,Perfume Dolce Gabbana Pour Homme Intense 125ml Edp Masculino,,Beleza e Perfumaria,Perfumaria
28611404,Pierre Alexander Desodorante Creme 50g,,Beleza e Perfumaria,Cuidados Pessoais
19296431,Trivitt Color Blonde Máscara Matizante Geléia Dark Blue 500g,,Beleza e Perfumaria,Cabelo
27952797,Tinta para Cabelo Brilho e Ton 656 Vinho Marsala - Niely,,Beleza e Perfumaria,Produtos para cabelo
22104215,Tinta Keune Color 60ml Cor 8.4 - Louro Claro Cobre,,Beleza e Perfumaria,Banho
25514078,Aparador De Pelos Mithos Barber 9 Em 1 Bivolt - Mallory,,Beleza e Perfumaria,Barbearia
14870091,Shampoo Matizador Platinum Blond E Sos Reconstrutor Capilar Antiemborrachamento,,Beleza e Perfumaria,Cabelo
14117344,Taiff Chapa Unique Titanium 450ºF Prancha Chapinha Bi-Volt,,Beleza e Perfumaria,Cabelo
27054274,Kit 6 Und Alicate De Cuticula Profissional Inox 722 Mundial,,Beleza e Perfumaria,Unha
30925446,Claricure Creme Reduz rugas e linhas de expressão,,Beleza e Perfumaria,Cuidados Pessoais
15634823,Olympéa Feminino Eau De Parfum 30ml,,Beleza e Perfumaria,Perfumaria
31105233,Puccini Paris Puccini For Women Eau De Parfum 100Ml,,Beleza e Perfumaria,Perfumaria
18543602,Gel Pedra Sem Álcool 500g - Wind Fix,,Beleza e Perfumaria,Cabelo
31804238,Perfume Traduções Gold Nº 1 Masculino 100ml - Hinode,,Beleza e Perfumaria,Perfumaria
28149495,Truss Shampoo Basic - 2500ml,,Beleza e Perfumaria,Produtos para cabelo
23196733,Keune Care Curl Control Defining Cream Leave-in,,Beleza e Perfumaria,Cabelo
27076187,Euphoria Eau De Parfum Feminino 100ml - Calvin Klein,,Beleza e Perfumaria,Perfumaria
28806889,Aparador de Pelos Multigroom MG3748/15 Philips,,Beleza e Perfumaria,Barbearia
31725066,Reconstrutor Leave-in Bifásico Do-Ha Xtreme Repair,,Beleza e Perfumaria,Produtos para cabelo
8207067,Tratamento Brilliance MÁScara - Fios Normas À Finos 150ml Wella,,Beleza e Perfumaria,Cabelo
17710880,Animale For Men Eau De Toilette Animale - Perfume Masculino - 200ml,,Beleza e Perfumaria,Perfumaria
20755702,Escova Progressiva Let Me Be Supreme Liss 2x1000ml,,Beleza e Perfumaria,Cabelo
305015,Perfume Ralph Lauren Polo Masculino Eau de Toilette 118ml,,Beleza e Perfumaria,Perfumaria
25711661,Pedicuro,,Beleza e Perfumaria,Cuidados Pessoais
14734636,Sais De Banho Pet 500g Essência Flor De Cerejeira,,Beleza e Perfumaria,Banho
31311910,Sabonete Íntimo Masculino Racco For Men Racco 200ml,,Beleza e Perfumaria,Cuidados Pessoais
29529868,Prohall - Kit Manutenção Home Care Extreme Repair Extrato de Macadâmia (3 itens),,Beleza e Perfumaria,Produtos para cabelo
29416367,Prohall - Btox Capilar Revitalizador Max Repair (300g),,Beleza e Perfumaria,Produtos para cabelo
31133022,Calça Modeladora Hot Shapers Stretch Neoprene Queima Gordura,,Beleza e Perfumaria,Artigos de Salão de Beleza
17377662,Kit Com 2 Loções De Preenchimento E Crescimento Das Sobrancelhas 30 Ml.,,Beleza e Perfumaria,Cabelo
16382143,Prancha Chapinha Profissional Nano Titanium Pro Original,,Beleza e Perfumaria,Cabelo
27754029,Richée Soul Blond Repositor De Massa 1kg,,Beleza e Perfumaria,Produtos para cabelo
19184814,Ghair Escova Progressiva Marroquina – Kit 2x1000ml,,Beleza e Perfumaria,Cabelo
18760178,Kit Manutenção Innovator + Escova Nutrilipidica - Itallian Hairtech,,Beleza e Perfumaria,Cabelo
26637112,Perfume Euphoria Masculino Eau de Toilette 100 ml - Calvin Klein,,Beleza e Perfumaria,Perfumaria
15965044,Máscara Esfoliante Gel De Limpeza Vichy Normaderm 3 Em 1 125ml,,Beleza e Perfumaria,Dermocosméticos
21945097,Pedicuro Elétrico Profissional Para Lixar Os Pés 110v Preto + 12 Lixas Descartáveis,,Beleza e Perfumaria,Depilação
7045692,Sachet Escalda Pés Pink 15g (5 Unid) - Granado,,Beleza e Perfumaria,Unha
26392937,Kit 1 Touca Anti Frizz + 2 Fronhas De Cetim 50x70 Bronze,,Beleza e Perfumaria,Cuidados Pessoais
31390213,Depilador Slíque Facial Método Com Linha Salão De Beleza,,Beleza e Perfumaria,Depilação
30727580,Prancha Aqua Plus 8 Saídas de Vapor Britânia Bivolt,,Beleza e Perfumaria,Aparelhos elétricos para cabelo
17395002,"Chapinha Progressive Max Salon Line - Placas Finas, Visor Digital, Ajuste De Temperatura, Bivolt",,Beleza e Perfumaria,Cabelo
11304213,Imecap Hair Queda Intensa Kit (Shampoo Com 300 Ml  Loção Com 100 Ml  30 Cápsulas),,Beleza e Perfumaria,Cabelo
117268115,BB Cream Vult Fps 35 Beauty Balm Multifuncional,vult,Beleza e Perfumaria,Maquiagem
26855457,Queratina Hidrolisada Banho De Verniz Forever Liss 300ml,,Beleza e Perfumaria,Produtos para cabelo
14460463,Shampoo Banho De Verniz 500ml Hidratação Profunda Brilho Forever Liss,,Beleza e Perfumaria,Banho
25500634,Portier Kit Pós Escova Progressiva Manutenção - 3 Produtos,,Beleza e Perfumaria,Produtos para cabelo
25513959,Cute Fem La Rive Edp 100 Ml,,Beleza e Perfumaria,Perfumaria
31419560,Capa Para Corte Ak Nylon Sem Manga Com Botão Preto,,Beleza e Perfumaria,Produtos para cabelo
7431209,Perfume Beauty Feminino Eau de Parfum 30ml - Calvin Klein,,Beleza e Perfumaria,Perfumaria
14876696,Kpro Kit Petit,,Beleza e Perfumaria,Cabelo
30126258,Malina Elite Lollipop Prancha Modeladora Titânio Profissional Bivolt,,Beleza e Perfumaria,Aparelhos elétricos para cabelo
24473769,Perfume Hugo Boss Femme 75ml Eau De Parfum Feminino,,Beleza e Perfumaria,Perfumaria
22563888,Doctor Hair Mann Style Shampoo 250ml (força E Refrescância Para O Homem Moderno/linha Mann Style),,Beleza e Perfumaria,Banho
27724582,Kit Escova Progressiva Ykas Orgânico Sem Formol 2 X 300ml,,Beleza e Perfumaria,Produtos para cabelo
29496345,Tintura Permanente Imédia Excellence Creme Kit Louro Escuro Acinzentado 6.1,,Beleza e Perfumaria,Produtos para cabelo
14808147,Perfume Animale For Men Masculino Eua De Toilette 100ml  Animale,,Beleza e Perfumaria,Perfumaria
9228365,"Cicatricure Contorno Dos Olhos Com 8,5 Gramas",,Beleza e Perfumaria,Tratamento de Pele
112633099,Máquina de Cortar Cabelo Mallory Mithos Power com 9 Acessórios,mallory,Beleza e Perfumaria,Barbearia
33501687,Depilador Removedor De Pelos Yes Smooth Finishing Touch Luz Activa,,Beleza e Perfumaria,Depilação
11543669,Vodka The Time Eau De Toilette Paris Elysees - Perfume Masculino 100ml,,Beleza e Perfumaria,Perfumaria
20218860,Perfume Pink Sugar Eau De Toilette 100 Ml,,Beleza e Perfumaria,Perfumaria
33113709,Maleta de Maquiagem Grande Kit de Maquiagem Completo Profissional Ruby Rose,,Beleza e Perfumaria,Maquiagem
28596667,Aparelho De Exercicio Wonder Arms Para Braco Biceps Elastico Fitness Musculacao,,Beleza e Perfumaria,Cuidados Pessoais
23425575,Scuderia Ferrari Black Ferrari - Perfume Masculino - 125 Ml,,Beleza e Perfumaria,Perfumaria
17164764,Felps Escova Progressiva Tratamento Xbtx De Okra,,Beleza e Perfumaria,Cabelo
12711679,Loreal Professionnel -  Lumino Contrast - Shampoo 250ml,,Beleza e Perfumaria,Banho
27295326,Cadiveu Plástica Dos Fios Selagem Térmica Kit Escova Progressiva Profissional (3x110ml),,Beleza e Perfumaria,Produtos para cabelo
31259431,Esponja Para Base Beauty Blender Anatômico Rosa 6cm,,Beleza e Perfumaria,Maquiagem
15500479,Máquina de Corte 127V Deluxe Home Pro Prata Wahl,,Beleza e Perfumaria,Cabelo
34173801,Wella Professionals Enrich Kit 2 Produtos Shampoo 1 L e Máscara Cabelos Finos 500ml,,Beleza e Perfumaria,Produtos para cabelo
11454238,Cadiveu Glamour Kit Nutritivo Home Care - Shampoo E Condicionador Rubi E Cisteína,,Beleza e Perfumaria,Banho
10570487,Redermic R Olhos 15ml,,Beleza e Perfumaria,Dermocosméticos
25718165,Prancha Lizze Premium 1 1/4 220v,,Beleza e Perfumaria,Aparelhos elétricos para cabelo
14171575,Pincel Para Blush Macrilan (B909),,Beleza e Perfumaria,Maquiagem
9560575,Vult Base Líquida Efeito Matte  Bege 04 -26ml,,Beleza e Perfumaria,Maquiagem
8620717,Loreal Absolut Repair Cortex Lipidium Thermo-Reconstrutor 200ml ·,,Beleza e Perfumaria,Cabelo
23624218,Kit Escova Proart Soft Touch Térmica Profissional - Vermelha 03un,,Beleza e Perfumaria,Cabelo
20074145,Kit Escova Pro Art Bless Pr,,Beleza e Perfumaria,Cabelo
29820746,Tweezerman 15x com Luz - Espelho de Aumento,,Beleza e Perfumaria,Cuidados Pessoais
14832598,Nioxin Sys6 Tratamento Completo Trialkit 3 Produtos,,Beleza e Perfumaria,Cabelo
16018820,Forever Liss Power 3d System Escova Semi Definitiva - 2 X 1l,,Beleza e Perfumaria,Cabelo
21674624,Banho De Verniz Forever Liss Óleo De Coco 60ml,,Beleza e Perfumaria,Cabelo
28602228,Secador de Cabelo Taiff 1900W Turbo Ion,,Beleza e Perfumaria,Aparelhos elétricos para cabelo
30031646,Perfume Gucci II Pink EDP 50ML,,Beleza e Perfumaria,Perfumaria
29352466,Perfume Ibiza Hot Masculino Eau de Toilette 100ml,,Beleza e Perfumaria,Perfumaria
31782727,Wella Brilliance Máscara Cabelos Grossos 500ml,,Beleza e Perfumaria,Produtos para cabelo
30012427,Escova Progressiva de Quiabo Organic Fio Perfeitto,,Beleza e Perfumaria,Produtos para cabelo
17742760,Escova Progressiva Inoar G.Hair Alemã Litro,,Beleza e Perfumaria,Cabelo
25411196,Kit Blond Truss Shampoo E Condicionador 300ml,,Beleza e Perfumaria,Produtos para cabelo
12652166,Babyliss Pro Nano Titanium Mira Curl Cacheador Profissionel 110v,,Beleza e Perfumaria,Cabelo
11933595,Chloé Eau De Parfum Chloe - Perfume Feminino 75ml,,Beleza e Perfumaria,Perfumaria
24809170,Perfume Masculino Empire Intense Hinode 120ml,,Beleza e Perfumaria,Perfumaria
128900868,Spray Elseve Óleo Extraordinário Edição Verão Brasileiro - 100ml,,Beleza e Perfumaria,Produtos para cabelo
18659761,Máscara Desmaia Cabelo 240g + Banho De Verniz 240g Forever Liss,,Beleza e Perfumaria,Cabelo
29032911,Máscara Inforcer Serie Expert L'oréal 500ml,,Beleza e Perfumaria,Produtos para cabelo
16332342,"Secador De Cabelos Gama Italy Lumina Nano Tourmaline, 2 Velocidades, 2200w",,Beleza e Perfumaria,Cabelo
23214638,Escova Secadora Elétrica E Alisadora Styler,,Beleza e Perfumaria,Cabelo
11226601,La Roche-Posay Kerium Ds Shampoo,,Beleza e Perfumaria,Banho
26035284,"Secativo De Espinhas Redutor de Acne Bastão - Trata - Acnew Abelha Rainha 3,42g",,Beleza e Perfumaria,Cuidados Pessoais
16080418,Máquina Aparador Cortar Pelos Cabelo Barba Pezinho Axila Nhc Azul,,Beleza e Perfumaria,Barbearia
18215363,Desodorante Cannon Musk Aerosol 250ml Importado,,Beleza e Perfumaria,Perfumaria
28654731,Bruna Tavares By Tracta Corretivo Matte,,Beleza e Perfumaria,Maquiagem
27124159,Terre D'hermès Eau De Toilette Masculino-100ml,,Beleza e Perfumaria,Perfumaria
16489414,Shampoo Anti Queda Enerfol 400 Ml,,Beleza e Perfumaria,Cabelo
16341613,Kit Com 3 Loções Capilar Para Crescimento De Cabelo - Produtos Naturais,,Beleza e Perfumaria,Cabelo
25413963,Johnnie Black Beard Oil - 30ml,,Beleza e Perfumaria,Barbearia
20701737,Hidratante Para Barba Beard Balm 180 Ml Da Johnnie Black,,Beleza e Perfumaria,Barbearia
122968466,Prancha New Me Tourmaline P-18 Preta,new me,Beleza e Perfumaria,Aparelhos elétricos para cabelo
11368609,Redken Frizz Dismiss Máscara 250ml,,Beleza e Perfumaria,Cabelo
10940538,Redken Frizz Dismiss - Shampoo 1000ml,,Beleza e Perfumaria,Banho
21981683,Infinita Prime One Escova Progressiva Alinhamento Térmico 1l,,Beleza e Perfumaria,Cabelo
9250261,Loréal Professionnel Absolut Repair Sérum - 50ml,,Beleza e Perfumaria,Cabelo
24697806,"Aneethun Shampoo Kinoa Lizz 1 Litro Ph 6,0",,Beleza e Perfumaria,Produtos para cabelo
23657626,Máquina Wahl Icon de Cortar Cabelo Profissional - 220v,,Beleza e Perfumaria,Barbearia
19192100,Redken Blonde Idol Sulfate-Free - Shampoo 1000ml,,Beleza e Perfumaria,Banho
14892364,Shampoo Vichy Dercos Anticaspa Intensivo,,Beleza e Perfumaria,Banho
33088453,Perfume Victorinox Swiss Army For Her Eau de Toilette Feminino 100ML,,Beleza e Perfumaria,Perfumaria
112657269,Unhas Postiças First Kiss Impress Autocolantes Rock It Curta - 24 unhas,first kiss,Beleza e Perfumaria,Unha
9721632,Kérastase Nutritive Condicionador Lait Vital 1 Litro,,Beleza e Perfumaria,Banho
21017554,Salvatore Kit Manutenção Nano Reconstrutor Shampoo 300ml E Máscara 250ml- Fab Salvatore Cosmeticos,,Beleza e Perfumaria,Banho
12872101,Anti-Oleosidade Lanza Healing Remedy Scalp Balancing 100ml,,Beleza e Perfumaria,Banho
27530800,Depilador Lady Trimmer Rosa - Relaxbeauty,,Beleza e Perfumaria,Cuidados Pessoais
18478235,Loréal Professionnel Curl Contour Creme Para Cachos 150 Ml,,Beleza e Perfumaria,Banho
32313089,Lowell Kit Bioplastia Reconstrução Home C. + Bálsamo Da Cura,,Beleza e Perfumaria,Produtos para cabelo
11244600,Trimmer Personal Gnt 510 - Gama,,Beleza e Perfumaria,Barbearia
27752455,Kérastase Chronologiste Masque Crème De Régénération Máscara - 200ml,,Beleza e Perfumaria,Produtos para cabelo
126426736,Escova Mágica Lizz EN2000 Chocolate Bivolt,lizz,Beleza e Perfumaria,Aparelhos elétricos para cabelo
28355344,KIT S.A SENSUAL Sais e espuma de banho óleo e sabonete liquido LAPIMIENTA,,Beleza e Perfumaria,Cuidados Pessoais
119373171,Tensor Endocare Tensage Olhos Iluminador 15ml,endocare,Beleza e Perfumaria,Cuidados Pessoais
10705163,Espuma De Barbear Gillette Foamy Mentol 175 Gramas,,Beleza e Perfumaria,Barbearia
18493732,Kit Cavalo Forte Shampoo Condicionador E Máscara 500ml - Haskell,,Beleza e Perfumaria,Cabelo
112570163,Perfume Montblanc Individuelle Feminino Eau de Toilette 75ml,,Beleza e Perfumaria,Perfumaria
30230643,Depilador A LASER Lescolton Home Pulsed Ligth UF-62115,,Beleza e Perfumaria,Depilação
34414217,Máscara de Hidratação Pink - Ativador de tons Pink - Stillo Cosméticos - 250g,,Beleza e Perfumaria,Produtos para cabelo
30575074,Perfume Paris Elysees La Petite Fleur Romantique Edt 100mL,,Beleza e Perfumaria,Perfumaria
27581652,Lowell Liso Mágico Kit Sh 240ml + Cond 200ml + Fluído 200ml + Óleo + Necessaire,,Beleza e Perfumaria,Produtos para cabelo
5728192,I Love Love Eau de Toilette Feminino Spray 100ml - Moschino,,Beleza e Perfumaria,Perfumaria
25976961,Kit Alfaparf Midollo Di Bamboo Reconstrução Duradoura (3 Produtos),,Beleza e Perfumaria,Produtos para cabelo
18211478,Kerastase Nutritive Concentré Oléo Fusion Ampola 12 Ml,,Beleza e Perfumaria,Cabelo
18487671,Kérastase Discipline Cleansing Conditioner Curl Idéal Creme De Limpeza Condicionador 400ml,,Beleza e Perfumaria,Banho
23695627,Lizz Professional - Combo Secador IONIC 2000 Vermelho 110v + Prancha Passione,,Beleza e Perfumaria,Cabelo
121295538,Máscara para Cílios Vult Extravolume,vult,Beleza e Perfumaria,Maquiagem
132920706,Kit Aparador de Cabelo e Pelos Deluxe Groom Pro - Wahl Clipper,,Beleza e Perfumaria,Barbearia
30846472,Ted Lapidus Rumba 30Ml,,Beleza e Perfumaria,Perfumaria
29275338,Lupa Para Estetica De Mao Luz De Wood Com 8 Leds Branco Ultra Violeta Profissional 60mm,,Beleza e Perfumaria,Unha
24998051,Removedor Extrator De Cravos Acne Eletrico,,Beleza e Perfumaria,Cuidados Pessoais
22802204,Protetor Solar Facial Fps 50 Sunless Com Base 60g,,Beleza e Perfumaria,Proteção solar
18212822,Loreal Absolut Repair Máscara 500 G,,Beleza e Perfumaria,Cabelo
20760310,Madame Lis Botox Btx Mask Control Madameliss 1000g,,Beleza e Perfumaria,Cabelo
112132331,Perfume The Golden Secret Eau de Toilette Antonio Banderas 100ml Masculino,antonio banderas,Beleza e Perfumaria,Perfumaria
31431290,Reconstrutor Capilar Lisa Creme Soft Hair 520g,,Beleza e Perfumaria,Produtos para cabelo
30595768,"Secador de Cabelo Taiff Tourmaline Íon, 2 Vel, 4 Temp, 2000W - 220V",,Beleza e Perfumaria,Aparelhos elétricos para cabelo
18213543,Salvatore Blue Gold Escova Progressiva Italiana (2 X 500 Ml),,Beleza e Perfumaria,Cabelo
12902169,Shampoo Paul Mitchell Clarifying Two 1 Litro,,Beleza e Perfumaria,Banho
26379145,Forever Liss Banho De Verniz Mascara 250 G,,Beleza e Perfumaria,Produtos para cabelo
29386607,Kit com Pente Régua Alinhador Pomada Modeladora Kit Barber Completo,,Beleza e Perfumaria,Barbearia
30133946,Suplemento Oral para Acne 60 Cápsulas,,Beleza e Perfumaria,Cuidados Pessoais
11310531,Chapinha Prancha Nano Titanium Babyliss Pro Larga By Roger 1 + 3/4 44mm - 110v,,Beleza e Perfumaria,Cabelo
24697969,Kit Deva Curl No-poo E On Condition De1 Litro,,Beleza e Perfumaria,Produtos para cabelo
14517153,Magic Color Matizador Power - Efeito Pérola 500ml,,Beleza e Perfumaria,Cabelo
26372910,Shampoo E Condicionador Aussie Com 865ml,,Beleza e Perfumaria,Produtos para cabelo
8207200,Leave-In Enrich Straight Cream Unissex 150ml Wella,,Beleza e Perfumaria,Cabelo
32266858,Kit 2Pçs Swissport Profissional Nano Titanium Rosa + Escova Mágica Elétrica Rosa,,Beleza e Perfumaria,Aparelhos elétricos para cabelo
18266234,"Vult Make Up Cremoso 46 - Batom 3,5g",,Beleza e Perfumaria,Maquiagem
20759041,Botox Let Me Be Matizador Blond Selagem 1000gr,,Beleza e Perfumaria,Cabelo
16614001,Seduction In Black Edt 100ml - Puig Brasil Com. De Perfumes S/A,,Beleza e Perfumaria,Perfumaria
15644764,Perfume Salvador Dali Laguna Feminino Eua De Toilette 100ml  Salvador Dali,,Beleza e Perfumaria,Perfumaria
25794015,K.pro Profissional Special Blond Masque Máscara De Hidratação 165g,,Beleza e Perfumaria,Produtos para cabelo
116931974,Perfume Christina Aguilera Royal Desire Feminino Eau de Toilette 30ml,christina aguilera,Beleza e Perfumaria,Perfumaria
27868562,Narciso Rodriguez For Her 100ml Eau De Parfum - Feminino -,,Beleza e Perfumaria,Perfumaria
23729429,Kit Elseve Reparação Total 5 Especial Química Shampoo 400ml + Condicionador 400ml,,Beleza e Perfumaria,Cabelo
29471713,silver black,,Beleza e Perfumaria,Perfumaria
26027765,Hugo Iced Hugo Boss Eau De Toilette - Perfume Masculino 125ml,,Beleza e Perfumaria,Perfumaria
26559989,Beyoung Booster Creme Anti Idade Hidratante Anti Rugas 30 Ml Combate O Envelhecimento Rejuvenecedor,,Beleza e Perfumaria,Dermocosméticos
16209867,Perfume Feminino Animale 100 Ml Edp Natural Spray,,Beleza e Perfumaria,Perfumaria
24605547,Zap Cosméticos Botox Capilar Ztox 950g Nova Embalagem,,Beleza e Perfumaria,Produtos para cabelo
18019644,Kit Shampoo E Condicionador Fitoterapeutico Crece Pelo Boé,,Beleza e Perfumaria,Banho
30083700,Kit Botox Platinum Matizador Plancton 1kg e Creminho Da Hora 250g,,Beleza e Perfumaria,Produtos para cabelo
23391454,Perfume Masculino Silver Scent Original 100ml,,Beleza e Perfumaria,Perfumaria
11499310,Antonio Banderas King Of Seduction Absolute Eau De Toilette,,Beleza e Perfumaria,Banho
30986438,Glitter Bitarra - 218 Multicor,,Beleza e Perfumaria,Maquiagem
26140341,Impala Profissional Spray Secante De Esmalte - 400ml,,Beleza e Perfumaria,Unha
27978747,Máscara De Tratamento Nutritivo Silicon Mix Bambu 450g,,Beleza e Perfumaria,Produtos para cabelo
19288294,Trivitt Power Oil N 17 30ml Reparador De Pontas Toque Seco,,Beleza e Perfumaria,Cabelo
24353949,Intensy Color Platinum Lé Charme's Máscara Matizadora 500ml,,Beleza e Perfumaria,Cabelo
34507480,Máscara Extrato de Mandioca - Stillo Cosméticos - 250g,,Beleza e Perfumaria,Produtos para cabelo
7294345,"Máquina de Cortar Cabelo TS 975, 127V - NKS",,Beleza e Perfumaria,Cabelo
34173578,Tratamento Profundo Máscara Profissional Puro Óleo De Ojon,,Beleza e Perfumaria,Produtos para cabelo
28631141,Alfaparf Semi di Lino Diamante Illuminating Kit Duo (2 produtos),,Beleza e Perfumaria,Produtos para cabelo
24868457,Caneta Depiladora De Sobrancelhas Skysuper Na Cor Rosa,,Beleza e Perfumaria,Depilação
27223256,Portier Fine Matiz Color Care Violet Condicionador Matizador 250ml,,Beleza e Perfumaria,Produtos para cabelo
9253225,Loreal Profissional Shampoo Silver 250ml,,Beleza e Perfumaria,Banho
28762830,Kit Ampola Azul Alfaparf Semi Di Lino Diamante (06x15ml),,Beleza e Perfumaria,Produtos para cabelo
21856848,Creme De Massagem Pimenta Negra 500g Vedis,,Beleza e Perfumaria,Dermocosméticos
20038016,Truss Back Bar Lavatório Basic Condicionador - 2.4lt,,Beleza e Perfumaria,Cabelo
29623574,Shampoo Yves Rocher Cuidado Vegetal Anticaspa  300ml,,Beleza e Perfumaria,Produtos para cabelo
33672385,Acessório para Coque Magic Bun,,Beleza e Perfumaria,Produtos para cabelo
24840861,Escova Secadora Mondial Magic Air Ion Es01 3 Temperaturas 1200w - 220v,,Beleza e Perfumaria,Aparelhos elétricos para cabelo
8587842,Creme Hidratante Body Lotion Victorias Secret – Love Spell 250ml,,Beleza e Perfumaria,Tratamento de Pele
24981548,Creme Para As Mãos Luva De Silicone Hands Hinode 100g,,Beleza e Perfumaria,Perfumaria
30212546,Cápsula anti-acne 60 caps,,Beleza e Perfumaria,Cuidados Pessoais
26023522,Private Show Britney Spears Eau De Parfum - Perfume Feminino 50ml,,Beleza e Perfumaria,Perfumaria
24735555,Schwarzkopf Bonacure Fibre Force Fortifying Mask Máscara 150ml,,Beleza e Perfumaria,Produtos para cabelo
20485028,Perfume Joop! Homme Masculino Eau De Toilette 125ml,,Beleza e Perfumaria,Perfumaria
27981385,Hello Beauty Feminino La Rive EDP 100ml,,Beleza e Perfumaria,Perfumaria
23009598,Prancha Escova Removedora De Pontas Duplas Fasiz Split Corte,,Beleza e Perfumaria,Barbearia
28482519,Proart - Escova Bless Cerdas Mistas Kit 3 Escovas,,Beleza e Perfumaria,Produtos para cabelo
29608496,Poltrona Cadeira Naty Hidraulica Cabeleireiro - Cor: Preto it,,Beleza e Perfumaria,Artigos de Salão de Beleza
25649783,Cauterização Profissional Trivitt 250ml,,Beleza e Perfumaria,Produtos para cabelo
15274862,Fotoprotetor Isdin Fusion Water Oc Oil Control Facial Fps 50 50ml,,Beleza e Perfumaria,Tratamento de Pele
24633799,Máquina De Corte Profissional Wahl Magic Clip 5 Star 220v,,Beleza e Perfumaria,Produtos para cabelo
132691122,Aparador de Pelos Feminino Complete Confidence - Wahl Clipper,,Beleza e Perfumaria,Depilação
34576207,Gel Cola - Stillo Cosméticos - 500g,,Beleza e Perfumaria,Produtos para cabelo
117269089,Pó Compacto Duo Bronzeador / Iluminador Vult,vult,Beleza e Perfumaria,Maquiagem
28054117,Pincel de Maquiagem para Base Linha Color Macrilan C03,,Beleza e Perfumaria,Maquiagem
11454908,"Hair Sink Fresh Tratamento Antiqueda Kit Shampoo 240ml, Tônico Capilar 140ml E Condicionador 240ml",,Beleza e Perfumaria,Cabelo
28348101,Prancha Malina Nova Turmalina,,Beleza e Perfumaria,Barbearia
18579602,Base Dermacol Embalagem De 4 Gramas Fracionada Cor 218,,Beleza e Perfumaria,Maquiagem
24268118,Portier - Shampoo Matizador Color Care Violet 250ml,,Beleza e Perfumaria,Cabelo
17741495,Secador De Cabelos Philco Beauty Shine,,Beleza e Perfumaria,Cabelo
9721597,Kérastase Réflection Máscara Chroma Riche 500ml,,Beleza e Perfumaria,Cabelo
10617562,Cortador De Cabelos Mondial Recarregavel Flex Clipper Bivolt - Cr-04,,Beleza e Perfumaria,Cabelo
29144921,Antiderrapante Plantar Só Pés - 1 Par,,Beleza e Perfumaria,Cuidados Pessoais
22069125,Rolo De Massagem Para Turbinada 1 Unidade,,Beleza e Perfumaria,Cuidados Pessoais
124950526,Cacheador de Cabelos Pearl Bivolt -  Mallory,mallory,Beleza e Perfumaria,Cabelo
11553109,Tommy Girl Eau De Toilette Tommy Hilfiger - Perfume Feminino 100ml,,Beleza e Perfumaria,Perfumaria
24131610,Escova Rotativa  2200 Rot Style 110V  Gama,,Beleza e Perfumaria,Cabelo
20038428,Truss Finish Underground Fluid Fix Long Lasting Curl Hold - 250ml,,Beleza e Perfumaria,Cabelo
13636682,Suplemento Nitro Hard Integralmedica Baunilha 907g,,Beleza e Perfumaria,Cabelo
32989974,Shampoo Meu Liso #muito+liso Amido de Milho 300ml - Salon Line,,Beleza e Perfumaria,Produtos para cabelo
10657472,Anthelios Airlicium Gel Creme Fps 70 Com 50 Gramas,,Beleza e Perfumaria,Dermocosméticos
32333434,Kit Lowell Extrato De Mirtilo Shampoo 1000ml + Condicionador 1000ml,,Beleza e Perfumaria,Produtos para cabelo
21800392,Máquina De Corte Andis Fade Master 110v + Kit 5 Pentes Guias Magneticos,,Beleza e Perfumaria,Barbearia
16371882,Maquina Acabamento E Cortar Cabelo Andis T-Outliner Gtx,,Beleza e Perfumaria,Cabelo
29520866,Tiara Triple Headband Preto,,Beleza e Perfumaria,Produtos para cabelo
29447081,Desodorante Antitranspirante Aerosol Rexona Women Sem Perfume 105ML,,Beleza e Perfumaria,Cuidados Pessoais
27883311,Kit Victoria's Secret Pure Seduction Creme Hidratante 236ml + Body Splash 250ml,,Beleza e Perfumaria,Perfumaria
32766371,Sebastian Flow Potion 9 Leave-In 150 ml,,Beleza e Perfumaria,Produtos para cabelo
29966499,Paco Rabanne Olympéa Woman Kit - Eau de Parfum 50ml + Loção Corporal 75ml,,Beleza e Perfumaria,Perfumaria
33506575,Kérastase Specifique Bain Vital Dermo-Calm Shampoo - 500ml,,Beleza e Perfumaria,Produtos para cabelo
18900196,For Beauty - Creme Alisante Max Illumination Platinum Argan Oil Reconstrução Profunda 250g,,Beleza e Perfumaria,Cabelo
10337346,Wella Professionals Máscara Cabelos Normais A Finos Enrich - 500ml,,Beleza e Perfumaria,Cabelo
27014510,Kit Aussie Shampoo * Mascara * Condicionador,,Beleza e Perfumaria,Produtos para cabelo
22193653,Perfume Princesse Marina De Bourbon Classique Eau De Parfum 100ml Marina De Bourb,,Beleza e Perfumaria,Perfumaria
22630778,Cicatrissim - Creme Hidratante Redutor De Estrias 150g,,Beleza e Perfumaria,Cuidados Pessoais
30890498,Máquina de Cortar Cabelo Philco Titanium 14W com 8 Pentes de Corte 220V,,Beleza e Perfumaria,Barbearia
17299851,Is My Love Shampoo Que Alisa,,Beleza e Perfumaria,Cabelo
121898371,Condicionador Fortificante Elseve Arginina Resist X3 Restituição de Massa  400ml,elseve,Beleza e Perfumaria,Produtos para cabelo
26134344,Mini Prancha Titanium,,Beleza e Perfumaria,Aparelhos elétricos para cabelo
115991684,Perfume Giorgio Armani Eau Pour Homme Masculino Eau de Toilette 100ml,,Beleza e Perfumaria,Perfumaria
27547191,Secador De Cabelos Philco Titanium Travel Bivolt ? Vermelho,,Beleza e Perfumaria,Aparelhos elétricos para cabelo
27158673,Perfume Feminino Euphoria Calvin Klein - 100ml,,Beleza e Perfumaria,Perfumaria
26239275,Kit Queravit 9 Produtos Bio Extratus,,Beleza e Perfumaria,Produtos para cabelo
22738745,Condicionador Kérastase Nutritive Irisome Lait Vital 200ml,,Beleza e Perfumaria,Cabelo
32069793,Creme para Afinar os Pés 250g Sofisticatto,,Beleza e Perfumaria,Cuidados Pessoais
20122435,Base Fortalecedora Mfitness Nutripower,,Beleza e Perfumaria,Unha
25303575,Barbeador E Aparador De Barba Panasonic Er 389k 127v Máquina De Acabamento,,Beleza e Perfumaria,Barbearia
21668800,Lupa De Cabeca Pala Profissional Com Iluminacao Led Com 3 Lentes E Maleta Vision Wide Estek,,Beleza e Perfumaria,Unha
28514311,Modernité L´eau de Parfum 100 ml - La D'vi - Perfume Feminino Cítrico - D'Vianne,,Beleza e Perfumaria,Perfumaria
33411983,Manteiga Corporal Orgânica Buriti e Pracaxi 200g - Glory By Nature,,Beleza e Perfumaria,Cuidados Pessoais
23061003,Prancha Super Nano Titanium Babyliss Pro Optima 3000,,Beleza e Perfumaria,Cabelo
29821740,Tratamento L'Oréal Professionnel Absolut Repair Pós-Química Selador,,Beleza e Perfumaria,Produtos para cabelo
22490597,Alisehair Progressiva No Chuveiro 500 Ml,,Beleza e Perfumaria,Cabelo
121044667,Perfume Antonio Banderas King of Seduction Masculino Eau de Toilette 50ml,antonio banderas,Beleza e Perfumaria,Perfumaria
29947492,Creme redutor de medidas 200 g FisioFort,,Beleza e Perfumaria,Cuidados Pessoais
7842202,Máscara De Tratamento Nutritive - Masquintense Cabelos Grossos 200ml Kérastase,,Beleza e Perfumaria,Cabelo
27123644,Kit De Paletas Ruby Rose Sobrancelha + Sombra + Corretivo,,Beleza e Perfumaria,Maquiagem
29834983,Sabonete Líquido Natural Facial e Corporal Sem Fragrância 220ml - Arte dos Aromas,,Beleza e Perfumaria,Cuidados Pessoais
22785153,Condicionador Castanha Nutritivo 250ml Arte Dos Aromas,,Beleza e Perfumaria,Banho
11717752,Kit Com 12 Pincéis Profissionais Para Maquiagem Macrilan Kp1-2d,,Beleza e Perfumaria,Maquiagem
22986673,Máscara Vinho Marsala Mairibel Matizador Óleo De Argan 500g,,Beleza e Perfumaria,Cabelo
10917551,Kit Tratamento Disciplinador Transformação - Bio Extratus,,Beleza e Perfumaria,Cabelo
10691850,Modelador De Cachos Babyliss Pro Nano Titanium 25mm,,Beleza e Perfumaria,Cabelo
12967051,Prancha Progressive Pro,,Beleza e Perfumaria,Cabelo
25026835,Máscara De Hidratação Instantânea 3s 250gr - Sagge,,Beleza e Perfumaria,Produtos para cabelo
30583506,Óleo para as Pernas Sebo de Carneiro Abelha Rainha 120ml,,Beleza e Perfumaria,Cuidados Pessoais
30893164,Portier Exclusive Escova Progressiva 2X250ml,,Beleza e Perfumaria,Produtos para cabelo
30614217,Barbeador Philips Oneblade com 2 Pentes QP2521 + Necessaire e Toalha,,Beleza e Perfumaria,Barbearia
27192463,Aplique de cabelo Rabo de Cavalo Hairdo 58cm Castanho com Mechas Douradas,,Beleza e Perfumaria,Produtos para cabelo
31971872,Chapinha Profissional Hair Salon Steam Styler  A Vapor,,Beleza e Perfumaria,Aparelhos elétricos para cabelo
32095773,Cabelo Humano Tela Tic Tac 75 cm 100 gramas,,Beleza e Perfumaria,Produtos para cabelo
27226090,Prancha Nano Titanium Optima Baby Lili 3000,,Beleza e Perfumaria,Aparelhos elétricos para cabelo
29758821,Kit 10 Desodorante Rexona V8 Masculino Aerosol 90g,,Beleza e Perfumaria,Cuidados Pessoais
129604913,Máquina de Cortar Cabelos Wahl Clipper Cord Cordless Clipper Bivolt Kit de Corte Completo Ideal para Cortar Cabelo e Barba,wahl,Beleza e Perfumaria,Barbearia
28519621,Kit tratamento para acne espinha cravos no rosto completo,,Beleza e Perfumaria,Cuidados Pessoais
25306990,Chapa Taiff Fox Ion 3 Soft Rose Bivolt,,Beleza e Perfumaria,Aparelhos elétricos para cabelo
34391447,Forever Liss Kit Explosão de Brilho e Hidratação Banho de Verniz,,Beleza e Perfumaria,Produtos para cabelo
26262501,Kit 10 Pinceis Para Maquiagem Kabuki Preto Com Prata,,Beleza e Perfumaria,Maquiagem
29757545,Kit Felps Profissional Cronograma Nutriforce (2 Produtos),,Beleza e Perfumaria,Produtos para cabelo
25637519,Kiss Unhas Postiças Impress (curto) First Cor Fbipd010 Cor:rock It,,Beleza e Perfumaria,Unha
7323760,Casting Creme Gloss 600 Louro Escuro  - L'oreal,l´oreal,Beleza e Perfumaria,Cabelo
28279516,Uniformizador La Roche-Posay Effaclar Bb Blur Antioleosidade,,Beleza e Perfumaria,Dermocosméticos
21205016,Shampoo Tio Nacho Antiqueda Engrossador 415ml,,Beleza e Perfumaria,Banho
27123361,Poeme Feminino Eau De Parfum 100ml,,Beleza e Perfumaria,Perfumaria
29197769,Condicionador Bio Extratus Pós Progressiva 250ml,,Beleza e Perfumaria,Produtos para cabelo
17892483,Bio Extratus Shampoo Detox Spécialiste Sem Sal 300ml,,Beleza e Perfumaria,Banho
25259933,Boss Bottled Night Masculino Edt 100ml,,Beleza e Perfumaria,Perfumaria
17740600,Perfume Cabotine Rosalie Feminino Eau De Toilette 50ml | Grés,,Beleza e Perfumaria,Perfumaria
24887378,Secador Black 110 - Taiff,,Beleza e Perfumaria,Produtos para cabelo
18933197,Kit 1 Refectocil Preto Nº 1 + Oxidante 50 Ml,,Beleza e Perfumaria,Maquiagem
16084042,Bepantol Derma Spray Bayer 50ml,,Beleza e Perfumaria,Dermocosméticos
24322631,Kit Age System Grande Plástica Capilar - Aneethun,,Beleza e Perfumaria,Cabelo
9421461,Proart Navalhete Sc-7900,,Beleza e Perfumaria,Cabelo
27633520,"Lupa De Cabeca Pala Com Iluminacao Led Vision Evolution Branca Write Para Estetica, Odontologia E Me",,Beleza e Perfumaria,Unha
29277950,Meu Liso #Muito+Liso Amido de milho Capilar Defrizante Selante Térmico 200 ml,,Beleza e Perfumaria,Produtos para cabelo
120258794,Secador Pretty Travel Relaxbeauty Ana Hickmann,relaxmedic,Beleza e Perfumaria,Produtos para cabelo
124111925,Perfume Dream Collection Masculino Fire Sight Men 100ml,dream collection,Beleza e Perfumaria,Perfumaria
10444727,Prancha Nano Titanium Babyliss Pro By  Roger Style With A Kiss  11/4 - 110v,,Beleza e Perfumaria,Cabelo
10486103,Silicon Mix Shampoo Nutritivo Bambu - 473ml,,Beleza e Perfumaria,Banho
16209621,Perfume King Of Seduction Absolute Eau De Toilette 100ml Edt Masculino Antonio Banderas,,Beleza e Perfumaria,Perfumaria
7842434,Loreal Vitamino Color Thermo Color 200ml,,Beleza e Perfumaria,Cabelo
26026614,Lola Cosmetics Meu Cacho Minha Vida - Leave-in 500g,,Beleza e Perfumaria,Produtos para cabelo
32363288,Escova Progressiva Let me be Passo único (1000ml) + biomask prohall (300g),,Beleza e Perfumaria,Produtos para cabelo
9376061,Footner Expoliating Socks - Meias Esfoliantes - Footner,,Beleza e Perfumaria,Cabelo
28501641,Kit Unhas Polygel Alongamento de Unhas Led e Uv,,Beleza e Perfumaria,Unha
12981056,Oxidante Schwarzkopf Igora Água Oxigenada 20 Vol. (6) 1l,,Beleza e Perfumaria,Cabelo
23265251,Cacheador De Cabelos Ceramic Shine Bivolt Rosa Philco,,Beleza e Perfumaria,Cabelo
12112275,33514  Leave-In Haskell Quina Rosa 240g,,Beleza e Perfumaria,Cabelo
32211545,Zap Professional Escova Progressiva - ( 2x 1000ml ),,Beleza e Perfumaria,Produtos para cabelo
33226189,Loreal Force Relax Mascara 500Ml,,Beleza e Perfumaria,Produtos para cabelo
16018689,Inoar Absolut Day Most Clr Duo Kit - 2 Produtos,,Beleza e Perfumaria,Banho
33972180,LiftIntense Advanced Repair Creme Facial Anti-idade 50ml,,Beleza e Perfumaria,Cuidados Pessoais
10579410,Loreal Professionnel Vitamino Color Aox - Shampoo 1500ml,,Beleza e Perfumaria,Banho
22818674,Coloração Alfaparf Evolution - 3000 Amarelo - 60ml,,Beleza e Perfumaria,Cabelo
12299938,Loreal Volumetry Shampoo - 250ml,,Beleza e Perfumaria,Banho
17177647,Dolce Gabbana Pour Homme Eau De Toilette Perfume Masculino 125ml,,Beleza e Perfumaria,Perfumaria
26027220,Olympéa Intense Paco Rabanne Eau De Parfum - Perfume Feminino 80ml,,Beleza e Perfumaria,Perfumaria
30159183,Pill Food 60 cáps,,Beleza e Perfumaria,Produtos para cabelo
32632249,Secador de Cabelos Portátil Black Decker Bivolt 1200W Th-1,,Beleza e Perfumaria,Aparelhos elétricos para cabelo
29064262,Máquina Taiff Barber Extreme Bivolt,,Beleza e Perfumaria,Barbearia
30384144,Chapinha Nano Titanium Profissional Ate 450°F - Bivolt - Dourada,,Beleza e Perfumaria,Aparelhos elétricos para cabelo
28923187,Prancha 1 1/4 Mq Professional Nano Titanium Bivolt Azul Bivolt,,Beleza e Perfumaria,Aparelhos elétricos para cabelo
27451411,Proctermilk Loção Hidratante Intensiva Para Gestante 200g Leve 3 Pague 2,,Beleza e Perfumaria,Cuidados Pessoais
28678161,Perfume In Motion Hugo Boss masc - 90ml,,Beleza e Perfumaria,Perfumaria
24877589,"Escova Giratória Rotativa Seca, Modela E Alisa - Ufree",,Beleza e Perfumaria,Produtos para cabelo
127371167,Prancha Starlight Digital Platinum Ion Plus - Ga.Ma Italy,ga.ma italy,Beleza e Perfumaria,Aparelhos elétricos para cabelo
25792444,Maquina Wahl Shaver Finale Bivolt- Acabamento Original + Gel Roger,,Beleza e Perfumaria,Barbearia
32074258,Aparador Depilador De Pelos Nariz e Orelha,,Beleza e Perfumaria,Barbearia
31426230,Moonovim hair Ampola Capilar Vitamina A 15ml,,Beleza e Perfumaria,Produtos para cabelo
29469300,Sh Monange S/Sal 350ml-Fr Hid Intensa,,Beleza e Perfumaria,Produtos para cabelo
132781700,Kit Secador De Cabelos Ph3500 127v + Prancha Titanium Fashion Bivolt - Philco,,Beleza e Perfumaria,Aparelhos elétricos para cabelo
18277408,Alfaparf Midollo Di Bamboo Pro-C Duo Kit (2 Produtos),,Beleza e Perfumaria,Cabelo
33246729,Kerastase Nutritive Fluido Óleo Relax 125Ml,,Beleza e Perfumaria,Produtos para cabelo
29779979,Joop! Masculino Eau De Toilette 125 Ml,,Beleza e Perfumaria,Perfumaria
25508487,Tô Podendo Salon Line Desmaia Perfeito Máscara Da Hidratação Concentrada Nível 3 1kg,,Beleza e Perfumaria,Produtos para cabelo
22241737,Kit Red Pure Seduction Secador Ion Pro 4000 Bivolt + Prancha Pure Seduction 210°c Bivolt - Mallory,,Beleza e Perfumaria,Cabelo
30662279,Cera Depilatória Depimiel Roll-on Cx 12 Unidades,,Beleza e Perfumaria,Depilação
34015004,Richée  Nanobtox Repair Repositor de Massa (1000g),,Beleza e Perfumaria,Produtos para cabelo
26703713,Envelopes Autoselantes Lbmed 90mmx260mm Com 100 Unids.,,Beleza e Perfumaria,Unha
29759855,Light Plex Passo 2 (Repositor de massa) - Paiolla 300ml,,Beleza e Perfumaria,Produtos para cabelo
9270001,Escova Para Banheiro Easy Decorline Brinox,,Beleza e Perfumaria,Banho
128765352,Creme Ageless Instantly Efeito Cinderela Botox Mágico - 20 Unidades,,Beleza e Perfumaria,Cuidados Pessoais
27112369,Kit Sebastian Professional Penetraitt Shampoo 1l + Condicionador 1l,,Beleza e Perfumaria,Produtos para cabelo
11089793,Kérastase Resistance Sérum Thérapiste - 30ml,,Beleza e Perfumaria,Cabelo
9928188,Batom Maybelline Color Sensational Cremoso 301 Chega Mimimi,maybelline,Beleza e Perfumaria,Maquiagem
128104327,Aparelho para o Corpo Gillette Body com Cartuchos Gillette Body 2 Unidades + Porta Óculos de Sol,gillette,Beleza e Perfumaria,Barbearia
33237587,Perfume presence Masculino Eau De Toilette 75ml,,Beleza e Perfumaria,Perfumaria
9789951,Senscience Volume Shampoo 300ml,,Beleza e Perfumaria,Banho
8211445,Condicionador Volume 300ml Senscience,,Beleza e Perfumaria,Banho
26037884,Aparador De Pelos (multigroom) Com 7 Acessórios Bivolt - Eb11 - Multilaser,,Beleza e Perfumaria,Barbearia
12981510,"Shampoo Loreal Absolut Repair Cortex Lipidium 1,5 Litro",,Beleza e Perfumaria,Banho
28621451,Love Potion Vinagre Capilar de Maça Finalizador 300ml,,Beleza e Perfumaria,Produtos para cabelo
12125334,Prancha Taiff Cerâmica 180ºC Bivolt,,Beleza e Perfumaria,Cabelo
31149751,Pill Food Turbinado 120 Cápsulas - OficialFarma,,Beleza e Perfumaria,Produtos para cabelo
31625175,Limpeza de Pele 5 em 1 Portátil Esfoliação Massageador Facial,,Beleza e Perfumaria,Cuidados Pessoais
31422022,Pincel Para barba Santa Clara Natural Madeira,,Beleza e Perfumaria,Maquiagem
29784917,Máscara de Volume à Prova D'Água Supershock Max True Color 10g,,Beleza e Perfumaria,Maquiagem
9428585,Loreal Tecni.Art Wild Stylers Scruff Me - Modelador Para Efeito Desalinhado - 150ml,,Beleza e Perfumaria,Cabelo
16287930,Secador Prancha E Bolsa De Passeio Kit Verão Britânia Bivolt,,Beleza e Perfumaria,Cabelo
22234380,Secador De Cabelo Profissional Mq Vortex 2400w,,Beleza e Perfumaria,Cabelo
16470721,Leads Care Be Russet Cabelos Ruivos - 300ml,,Beleza e Perfumaria,Cabelo
30464465,Kit Completo Desmaia Cabelo com Máscara 350g - Forever Liss,,Beleza e Perfumaria,Produtos para cabelo
127839372,Desodorante Antitranspirante Aerosol Dove Men+Care Sem Perfume 150ml,dove,Beleza e Perfumaria,Cuidados Pessoais
24371647,Fltro Solar Leave On Amend Para Cabelos 180g,,Beleza e Perfumaria,Cabelo
33476754,Kit Completo Acrigel Com Lixa Elétrica e Cabine de Secagem 32w 220v,,Beleza e Perfumaria,Unha
11562425,Midnight Fantasy Eau De Toilette Britney Spears - Perfume Feminino 100ml,,Beleza e Perfumaria,Perfumaria
10846837,Creme Trim Para Cabelo 65 Gramas,,Beleza e Perfumaria,Cabelo
22902473,Kit Kera System Cauterização De Auto Impacto - Aneethun,,Beleza e Perfumaria,Banho
31625164,Aparelho Fisioterapia Acupuntura Tens & Fes Portátil,,Beleza e Perfumaria,Produtos para cabelo
10718115,Wella Professionals Blondor Soft Blonde Cream - Descolorante Em Creme 200g,,Beleza e Perfumaria,Cabelo
27718711,Shampoo Keune Color Care 1000ml,,Beleza e Perfumaria,Produtos para cabelo
24284529,Másacra Biotonico Capilar 250g Ilike,,Beleza e Perfumaria,Cabelo
25566082,Keune Design Color Care Conditioner Ph6 1000ml,,Beleza e Perfumaria,Produtos para cabelo
20787162,Paleta Super Eyes Luisance L612 - Kit Com 88 Sombras,,Beleza e Perfumaria,Maquiagem
31259422,"Tesoura Profissional 5,5 Fio LASER Titanium Fruta Cor",,Beleza e Perfumaria,Produtos para cabelo
32359268,Zap All Time Escova Progressiva 2x1000ml - Edição Especial,,Beleza e Perfumaria,Produtos para cabelo
26136909,Barbeador E Aparador De Barba Panasonic Er 389k Bivolt,,Beleza e Perfumaria,Barbearia
24132254,Delineador Inglot Amc Eyeliner Gel 77 Preto,,Beleza e Perfumaria,Maquiagem
21107391,Kit De Reconstrução Capilar Extreme Up Italian Hair 3 Passos,,Beleza e Perfumaria,Cabelo
113443289,Perfume Masculino UDV Black Eau de Toilette 100ml,,Beleza e Perfumaria,Perfumaria
28564059,Amend Coco Mascara De Hidratação 250g,,Beleza e Perfumaria,Produtos para cabelo
20130528,Kit Exotrat Completo EXO HAIR COM 06 produtos - Tratamento pós química,,Beleza e Perfumaria,Cabelo
21107480,Deva Curl Heaven In Hair - Máscara De Hidrata Profunda 500gr,,Beleza e Perfumaria,Cabelo
16762029,Truss Specific Equilibrio Shampoo 300ml,,Beleza e Perfumaria,Banho
18638181,Felps Profissional Macadâmia Ultimate Blond Selagem Térmica 1000ml,,Beleza e Perfumaria,Cabelo
30325886,Barbeador Aparador Nanzhong Nz-2088 Resistente A Água Bivolt,,Beleza e Perfumaria,Depilação
22986553,Mairibel Hidratante Matizador Violeta Platinum 500g,,Beleza e Perfumaria,Cabelo
117268158,Batom Vult,vult,Beleza e Perfumaria,Maquiagem
11558339,Perfume Pi Neo Masculino Eau De Toilette 100ml  Givenchy,,Beleza e Perfumaria,Perfumaria
7329063,Fahrenheit Eau de Toilette Masculino 100ml - Dior,,Beleza e Perfumaria,Perfumaria
6581517,Coloração Koleston Kit 635 Marrom Elegante - Wella,,Beleza e Perfumaria,Cabelo
16728780,Schwarzkopf Professional Bc Bonacure Repair Rescue Trio Kit 3 Produtos,,Beleza e Perfumaria,Cabelo
119928148,Secador de Cabelo Turmaline Ion com Cabo Retrátil Preto - Philco,philco,Beleza e Perfumaria,Aparelhos elétricos para cabelo
18266479,Hot Couture Givenchy Eau De Parfum - Perfume Feminino 100ml,,Beleza e Perfumaria,Perfumaria
18497493,Escurecedor De Cabelos Dr. Hair 120ml - Abelha Rainha,,Beleza e Perfumaria,Cabelo
8209431,Pomada E Pasta Tea Tree Shaping Cream Unissex 85g,,Beleza e Perfumaria,Cabelo
30847606,Tangle Teezer Salon Elite Midnight Black,,Beleza e Perfumaria,Perfumaria
30597593,Base Bomba Fortalecedora Para Unhas Sbs Cosmétics 10ml,,Beleza e Perfumaria,Unha
8620686,Loreal Homme Sculpte 3 150ml,,Beleza e Perfumaria,Cabelo
15867895,Zap Botox Capilar Zap Botox Ztox 950gr,,Beleza e Perfumaria,Cabelo
18470042,Vitamina C Complexo  Payot (30ml) Sérum Oil Free Revitalizante,,Beleza e Perfumaria,Tratamento de Pele
28621457,Love Potion Escova Progressiva 2x1l,,Beleza e Perfumaria,Produtos para cabelo
11847728,Untold Absolu Eau De Parfum Elizabeth Arden - Perfume Feminino 50ml,,Beleza e Perfumaria,Perfumaria
27024190,Itallian Trivitt 05 Leave-in Hidratante - Leave-in 250ml,,Beleza e Perfumaria,Produtos para cabelo
22622198,Escova Secadora Mondial Es01 Preta E Vermelha 127v,,Beleza e Perfumaria,Cabelo
31716234,Theraskin Klassis Creme Clareador Fps 18,,Beleza e Perfumaria,Cuidados Pessoais
32095778,Cabelo Humano Tela Tic Tac 55 cm 100 gramas,,Beleza e Perfumaria,Produtos para cabelo
28562137,Prancha G-Evo Evoluzione Ion,,Beleza e Perfumaria,Aparelhos elétricos para cabelo
28742274,Lixa rosa Elétrica De Manicure Profissional,,Beleza e Perfumaria,Unha
7403958,Cartucho Gillette Mach 3 Sensitive - 4 Unidades,gillette,Beleza e Perfumaria,Barbearia
8209134,Finalizador K-Pak Smoothing Balm Unissex 200ml Joico,,Beleza e Perfumaria,Cabelo
20737204,"Prancha Nano Titanium Babyliss Pro Tamanho 1+1/4"" 230°C - 450°F - 110 V",,Beleza e Perfumaria,Cabelo
18548884,Defrizante Termoprotetor Liss Extreme Alta Moda 200g - Alfaparf,,Beleza e Perfumaria,Cabelo
25197719,Imecap Hair 30 Cápsulas,,Beleza e Perfumaria,Nutricosméticos
6553432,Cera Depilatória Quente Chocolate e Mel 500g - Depilart,,Beleza e Perfumaria,Depilação
11560217,Its Life Eau De Toilette Paris Elysees - Perfume Feminino 100ml,,Beleza e Perfumaria,Perfumaria
28534521,02 Kits Progressiva de Quiabo Definitiva + Botox Capilar Liso Absoluto 5x1 litro,,Beleza e Perfumaria,Produtos para cabelo
11134743,Innéov Solar 30 drágeas,,Beleza e Perfumaria,Tratamento de Pele
29268080,Portier Gourmet Kit Máscaras - Maionese + Mostarda,,Beleza e Perfumaria,Produtos para cabelo
19224575,Intensive - Escova Progressiva Marroquina 100ml - Abelha Rainha,,Beleza e Perfumaria,Cabelo
33806723,Tesoura Para Gatos Wahl,,Beleza e Perfumaria,Barbearia
31019354,Depilador Cortador Aparador De Pelos Do Nariz E Ouvido,,Beleza e Perfumaria,Barbearia
18492034,Secador Turbo Titan 2400 Watts  220v - Mega,,Beleza e Perfumaria,Cabelo
31640755,Depilador Elétrico A LASER Carepro DL200 com Lampada de Quartzo e HPL - Branco,,Beleza e Perfumaria,Depilação
30597505,Óleo essencial de Melaleuca (Tea Tree) 10ml - RHR,,Beleza e Perfumaria,Cuidados Pessoais
28828713,Kit Completo Lowell Liso Mágico Keeping Liss - Pequeno,,Beleza e Perfumaria,Produtos para cabelo
23355290,Kit Equilibrium Truss 300ml,,Beleza e Perfumaria,Banho
27690173,Clareador e Hidratante Capilar Sun In Phytoervas 120ml,,Beleza e Perfumaria,Produtos para cabelo
114191167,Shampoo Seco Batiste Castanho Escuro/Preto 200ml,batiste,Beleza e Perfumaria,Produtos para cabelo
16510793,Lixa Elétrica Para Unhas - Multiuso C/ 5 Acessórios,,Beleza e Perfumaria,Unha
23579896,Perfume Feminino Euphoria Original 50ml,,Beleza e Perfumaria,Perfumaria
30275968,ProSalon Let Me Be Escova Progressiva Protein Smoothing Treatment Sem Formol - 1L,,Beleza e Perfumaria,Produtos para cabelo
114032211,Perfume Antonio Banderas Her Golden Secret Feminino Eau de Toilette 30ml,antonio banderas,Beleza e Perfumaria,Perfumaria
14872124,Marco Boni Escova Profissional Térmica Vazada Grande 7812t Vermelha,,Beleza e Perfumaria,Cabelo
31888843,Perfume Feminino Amarige Givenchy Caixa de Presente 100 Eau De Toilette Body Veil + 75 Ml Bath Gel,,Beleza e Perfumaria,Perfumaria
23585317,Secador De Cabelo Gama Italy Eleganza Ion 127v Preto 2000w De Potência,,Beleza e Perfumaria,Cabelo
29629404,Evolution Rosé Deo-Colônia 100ml Lacqua di Fiori,,Beleza e Perfumaria,Perfumaria
26781348,Base Dermacol Embalagem De 4 Gramas Fracionada Cor 224,,Beleza e Perfumaria,Maquiagem
30940831,Escova Progressiva Argentina 1000ml,,Beleza e Perfumaria,Produtos para cabelo
30240265,"Dermaroller Derma Roller 0,3mm 540 Agulhas Micro Agulha Para Rugas E Acne",,Beleza e Perfumaria,Cuidados Pessoais
7934089,Shampoo All Soft Hidratação E Maciez,,Beleza e Perfumaria,Banho
121400414,Condicionador Elseve Nutrição Intensa 200ml,elseve,Beleza e Perfumaria,Produtos para cabelo
33476723,Kit Unha Gel Acrigel + Cabine Led 12w + Lixa + Kit Gel Acrygel X&D,,Beleza e Perfumaria,Unha
27953593,Escova Alisadora Beauty Bivolt Preta Multilaser - EB018,,Beleza e Perfumaria,Aparelhos elétricos para cabelo
9320355,Leave-In Potion 9 150ml Sebastian Professional Lea,,Beleza e Perfumaria,Cabelo
33286099,Kit Lowell Bioplastia SH240ML + COND200ML + Cr RECONST25ML,,Beleza e Perfumaria,Produtos para cabelo
23941499,Escova Progressiva Argentina (2 Passos) 1000ml,,Beleza e Perfumaria,Cabelo
30976609,K.pro Ph Violet Acidificante - Tratamento 1000g,,Beleza e Perfumaria,Produtos para cabelo
28348084,Escova Progressiva Yper Blend Sem Formol Mega Alisamento 1L,,Beleza e Perfumaria,Produtos para cabelo
26225492,Kit De Polimento Manual Podoplus,,Beleza e Perfumaria,Unha
27691291,Kit 6 Pincéis Macrilan Profissional Cerdas Naturais Wb500,,Beleza e Perfumaria,Maquiagem
27014641,Kit Com 10 Batons Matte Fosco Queen - Cx. Dourada,,Beleza e Perfumaria,Maquiagem
27287303,Kit 3 Unidades Dermaroller Drs 540 Micro Agulhas De 2 Mm,,Beleza e Perfumaria,Perfumaria
117104217,Perfume Salvador Dali It is Dream Feminino Eau de Toilette 100ml,salvador dali,Beleza e Perfumaria,Perfumaria
12024814,Truss Uso Obrigatório  Reconstrutor Capilar  260ml,,Beleza e Perfumaria,Cabelo
32366206,"Máscara de Hidratação Whey Protein Hair 2,5Kg - Paiolla",,Beleza e Perfumaria,Produtos para cabelo
21661437,Colônia Desodorante Avon David Beckham Instinct 75ml,,Beleza e Perfumaria,Perfumaria
14893637,Sérum  Antirrugas Vichy Liftactiv 10 Supreme,,Beleza e Perfumaria,Dermocosméticos
29711655,Maleta de Maquiagem Avon 130 Anos,,Beleza e Perfumaria,Maquiagem
16192304,Shampoo Aussie Smooth 400ml,,Beleza e Perfumaria,Banho
24238291,Cortador De Cabelos 14w + Aparador De Pelos Trimmer Britânia - Conjunto Prático Masculino,,Beleza e Perfumaria,Barbearia
18536465,Perfume Tommy Girl Eau De Toilette Feminino 100ml Tommy Hilfiger,,Beleza e Perfumaria,Perfumaria
18543077,Creme Lipotérmico Cafeína e Chá Verde Phytobella (1kg),,Beleza e Perfumaria,Tratamento de Pele
117268001,Base Líquida Hidratante com Filtro Solar Vult,vult,Beleza e Perfumaria,Maquiagem
32880280,Máscara de Cílios Wonder Lashes Bruna Tavares By Tracta,,Beleza e Perfumaria,Maquiagem
25223898,Cetaphil Creme Hidratante Corporal Pele Seca 453g,,Beleza e Perfumaria,Dermocosméticos
122391804,Prancha Salon Line Fusion Gold Azul,,Beleza e Perfumaria,Aparelhos elétricos para cabelo
21683830,Trivitt 17 Power Oil Toque Seco Itallian Óleo 30ml,,Beleza e Perfumaria,Cabelo
33436341,Condicionador Matizador Gota Dourada 3D Super Black 300Ml,,Beleza e Perfumaria,Produtos para cabelo
112724062,Perfume Ralph Lauren Polo Blue Sport Masculino Eau de Toilette 125ml,,Beleza e Perfumaria,Perfumaria
29893018,Prancha Malina Elite Royal Edition,,Beleza e Perfumaria,Barbearia
32201139,Depilador Com 1 Ajuste De Velocidade Philips Satinelle Hp6419,,Beleza e Perfumaria,Depilação
18277168,Yellow Liss Therapy Duo Kit (2 Produtos),,Beleza e Perfumaria,Cabelo
12814875,Carga Gillette Mach3 Regular Para Barbear - 4 Cartuchos,,Beleza e Perfumaria,Barbearia
29633329,Racco Sabonete Íntimo Intimos 210ml,,Beleza e Perfumaria,Cuidados Pessoais
23235651,Prancha De Cabelo Bivolt Turbo Titan Ii Digital At820d Mega,,Beleza e Perfumaria,Cabelo
21421569,Zap Cosméticos Botox Capilar Ztox 950gr Nova Embalagem,,Beleza e Perfumaria,Cabelo
8318877,Aparador De Pelos Feminino Enox,,Beleza e Perfumaria,Barbearia
23128210,Depilador Aparador De Pelos Nariz Sobrancelhas E Orelha Mulher Facial,,Beleza e Perfumaria,Depilação
26215913,Kit Escova Progressiva Turmalina Perfect Liss - Ativo 1250ml,,Beleza e Perfumaria,Produtos para cabelo
24561976,Maquina Acabamento Corte Profissional Wahl Detailer,,Beleza e Perfumaria,Produtos para cabelo
23019617,Prancha Super Nano Titanium Babyliss PRO OPTIMA 3000 1 14 220V,,Beleza e Perfumaria,Cabelo
8597131,Mascara Silicon Mix Bambu Tratamento Capilar Nutritivo 225 Gramas Avanti,,Beleza e Perfumaria,Cabelo
31699692,1ka Progressiva Steel Shield il sem Formol 1000ml,,Beleza e Perfumaria,Produtos para cabelo
26719042,Avlon Keracare Ritual De Reparação Do Equilíbrio Hídrico E Lipídico,,Beleza e Perfumaria,Produtos para cabelo
15988727,G. Hair Máscara B-Tox - 1kg,,Beleza e Perfumaria,Cabelo
6605813,Perfume UDV Isa Feminino Eau de Parfum 100ml,,Beleza e Perfumaria,Perfumaria
14388380,Cabine Estufa Secador De Esmalte E Unhas Em Gel E Acrigel Portatil 220v,,Beleza e Perfumaria,Unha
122238501,Aparador de Pelos Mondial TR-01,mondial,Beleza e Perfumaria,Barbearia
122301055,Carga Gillette Mach3 Sensitive com 3 unidades,gillette,Beleza e Perfumaria,Barbearia
33350077,Bolsa Necessaire Manicure Organizadora De Esmaltes preta,,Beleza e Perfumaria,Maquiagem
27135845,Mascara Tonalizante Para Castanhos E Louro Escuro Color Mask Canela Mutari 300g,,Beleza e Perfumaria,Produtos para cabelo
11260269,Kpro Caviar Intense Hair Mask Máscara 500 G,,Beleza e Perfumaria,Cabelo
11563446,Black Cuba Eau De Parfum Cuba Paris - Perfume Masculino 100ml,,Beleza e Perfumaria,Perfumaria
22386435,Henna Francesa Em Pó Himalaya Castanho 250g,,Beleza e Perfumaria,Cabelo
27857832,Maca Janfine fixa Pop,,Beleza e Perfumaria,Artigos de Salão de Beleza
27155983,Kit Coconut Everyday Completo 5 Itens para hidratação profunda dos cabelos e da pele - Mutari,,Beleza e Perfumaria,Produtos para cabelo
132764045,Kit Secador e Prancha Beauty Duo Red - Britânia,,Beleza e Perfumaria,Aparelhos elétricos para cabelo
24353611,Maleta Preta Com Kit De Maquiagem Fenzza,,Beleza e Perfumaria,Maquiagem
21093845,Progress No Chuveiro La Bella Liss,,Beleza e Perfumaria,Cabelo
33454410,Cílios Postiços Magnéticos,,Beleza e Perfumaria,Maquiagem
32310181,Barbeador Aquatouch S1030 Preto Philips,,Beleza e Perfumaria,Barbearia
15480533,Ykas Escova Progressiva Ouro - ( 2x 1000ml ),,Beleza e Perfumaria,Cabelo
30136332,Perfume Calvin Klein Ck All Masculino Eau de Toilette 100ml,,Beleza e Perfumaria,Perfumaria
27820525,Maquina de cortar cabelo Wahl Magic Clip V9000 110v,,Beleza e Perfumaria,Barbearia
29429612,Pinça Para Alongamento Mega Hair Ponta Reta - Esquenta 210 Graus.,,Beleza e Perfumaria,Produtos para cabelo
15803047,Lqf Derma Nail Amolecedor De Cutícula - 30g,,Beleza e Perfumaria,Unha
21944944,Aquecedor De Cera Roll-On Mega Bell - Preto,,Beleza e Perfumaria,Depilação
26035998,Creme Alisante Manga Forte Pote 500 Gr - Salon Line,,Beleza e Perfumaria,Produtos para cabelo
24041654,Shampoo E Condicionador Lanza Strength White Tea 1000ml,,Beleza e Perfumaria,Cabelo
33249299,Kit Unhas Gel Uv Cabine Sun 24w + Fibra Vidro + Kit Acrilico,,Beleza e Perfumaria,Unha
30571591,Cabelo Humano cacheado ( cacho caipira) 75 cm 100 gramas,,Beleza e Perfumaria,Produtos para cabelo
10712905,Neostrata Skin Active Cellular Restoration Noite Com 50 Gramas,,Beleza e Perfumaria,Dermocosméticos
27287442,Kit 3 Unidades Dermaroller Drs 540 Micro Agulhas De 1 Mm,,Beleza e Perfumaria,Perfumaria
20991356,Escova Mira Curl Preto,,Beleza e Perfumaria,Cabelo
19909763,Máscara Reconstrutora Sleek  Shine Rebonding Conditioner Keune 200ml,,Beleza e Perfumaria,Cabelo
15802641,Profuse Essencele Filler R Serum Antirrugas Facial 30g,,Beleza e Perfumaria,Tratamento de Pele
27161219,Loreal Nutrifier Mascara 500Ml,,Beleza e Perfumaria,Produtos para cabelo
33039598,Escova Progressiva Portier Unique Fine Cosméticos 1 litro,,Beleza e Perfumaria,Produtos para cabelo
30594409,"Secador de Cabelo Taiff Tourmaline Íon, 2 Vel, 4 Temp, 2000W - 110V",,Beleza e Perfumaria,Aparelhos elétricos para cabelo
25793362,Máquina De Corte 220v Magic Prata/vermelha Wahl + Gel Roger,,Beleza e Perfumaria,Barbearia
29593231,Cortador Alicate P/ Unhas Postiça Gel Acrigel Porcelana Tips,,Beleza e Perfumaria,Unha
21668314,Po Acrílico Para Unhas,,Beleza e Perfumaria,Unha
30771400,Pincéis Para Unha Gel Porcelana N°4 N°6 N°8,,Beleza e Perfumaria,Unha
34167102,12 U Loção Loreal Dulcia Advanced Força 2 75m Sensibilizados,,Beleza e Perfumaria,Produtos para cabelo
24698979,Loreal Leave-in Absolut Repair Cortex Lipidium 200ml,,Beleza e Perfumaria,Produtos para cabelo
17857782,Tracta Batom Líquido Bruna Tavares,,Beleza e Perfumaria,Maquiagem
23501064,Tônico Fortalecedor Antiqueda Sos Bomba De Vitaminas 100ml Salon Line,,Beleza e Perfumaria,Cabelo
16630644,Loreal Absolut Repair Pós Química Sos Detox Shampoo 250ml,,Beleza e Perfumaria,Banho
21364847,Plancton Professional - Kit Bomba Whey Protein Capilar Shampoo E Máscara,,Beleza e Perfumaria,Cabelo
25535869,Recarga DORCO PACE6 com 4 cartuchos,,Beleza e Perfumaria,Barbearia
12532365,212 Vip Rosé Feminino Eau De Parfum 50 Ml,,Beleza e Perfumaria,Perfumaria
14555589,Neez Fixador De Maquiagem 60ml,,Beleza e Perfumaria,Maquiagem
14209416,Paleta De Sombras Nude Belle Angel - 28 Cores,,Beleza e Perfumaria,Maquiagem
33234464,Escova Rotativa Ceramic Spin Brush 2 Temperaturas Philco,,Beleza e Perfumaria,Aparelhos elétricos para cabelo
18322066,Aneethun Kera System Kit Home Care Proteção Regeneradora,,Beleza e Perfumaria,Cabelo
28264174,Perfume L'Eau D'Issey Feminino Eau De Toilette 100ml Issey Miyake,,Beleza e Perfumaria,Perfumaria
14382953,Depore Matte Ada Tina - Gel Matificante,,Beleza e Perfumaria,Dermocosméticos
9893328,Anna Pegova Lipo Firma - Gel Redutor de Medidas e Firmador 100ml,,Beleza e Perfumaria,Tratamento de Pele
18212875,Lanza Kb2 Protein Reconstructor 1 Litro,,Beleza e Perfumaria,Cabelo
24561441,Perfume Billion Woman Paris Elysees 100ml,,Beleza e Perfumaria,Perfumaria
21800662,Prancha Nano Titanium Babyliss Pro U Styler 450º F/230 ºC 110v,,Beleza e Perfumaria,Cabelo
28221064,Perfume Laguna Salvador Dalí Fem 50Ml,,Beleza e Perfumaria,Perfumaria
16072834,Caneta Para Sobrancelha 01 Clara Vult,,Beleza e Perfumaria,Maquiagem
31775126,Válvula para Shampoos e Condicionadores L'Oréal & Kérastase,,Beleza e Perfumaria,Produtos para cabelo
29593221,Kit 30 Brocas Lixa Unha Eletrica Profissional Manicure,,Beleza e Perfumaria,Unha
23674445,"Kit Para Sobrancelhas Play The Brows - Sombra, Corretivos, Lápis, Pincéis, Pinça E Molde.",,Beleza e Perfumaria,Maquiagem
29883559,Difusor por Varetas Orgânico com Ação Repelente Citrojelly 250ml – Wnf,,Beleza e Perfumaria,Cuidados Pessoais
147585,Deep Red Eau de Parfum Feminino 90ml - Hugo Boss,,Perfumaria,Perfumes
11948927,Loreal Profissional Shampoo  Absolut Repair Pós Química 1500ml,,Beleza e Perfumaria,Banho
19231058,Inoar Macadâmia Oil Premium Tratamento Cabelo Bem Cuidado Kit (3 Produtos),,Beleza e Perfumaria,Cabelo
16078222,Escova Modeladora E Alisadora Magica In Styler Bivolt Ionic Pro,,Beleza e Perfumaria,Cabelo
33635160,Maquina / Cortador de Cabelos Mondial Hair Stylo Cr-02 + Acessorios,,Beleza e Perfumaria,Barbearia
23671991,Esponja Facial De Silicone Para Base Liquida,,Beleza e Perfumaria,Maquiagem
27697723,Vinagre Capilar De Maça 300ml,,Beleza e Perfumaria,Produtos para cabelo
10734459,Perfume Eternity For Women Edp Feminino 100ml - Calvin Klein,,Beleza e Perfumaria,Perfumaria
24323341,Forever Liss Mascara Botox Matizador Platinum Bond 250 Gr -,,Beleza e Perfumaria,Cabelo
24418202,Grecin Tons De Grisalho,,Beleza e Perfumaria,Produtos para cabelo
32408045,Base Alta Cobertura Vult Ultimate Finish,,Beleza e Perfumaria,Maquiagem
26910106,Aparelho de Exercício Multitarefas Tummy Trimmer Abdômen Tronco Pernas,,Beleza e Perfumaria,Produtos para cabelo
132917865,Secador de Cabelos Mondial Chrome Pink 3 Velocidades - 2000W,,Beleza e Perfumaria,Aparelhos elétricos para cabelo
34773996,Retinol Dear Cream - Dearskin,,Beleza e Perfumaria,Cuidados Pessoais
112406187,Aparelho Descartável  Gillette Feminino Venus Sensitive - 2 unidades,gillette,Beleza e Perfumaria,Depilação
133294129,Depilador Satinelle HP6421/31 - Philips,,Beleza e Perfumaria,Depilação
31961416,Pó Descolorante 500g + Ox 30 + Ox 40 Vol Cremosa - Magic Color,,Beleza e Perfumaria,Produtos para cabelo
33712557,Secador de Cabelo Philips DryCare Bhd-006 1600 Watts - Bivolt - Branco,,Beleza e Perfumaria,Aparelhos elétricos para cabelo
22953608,Inoar Kit Bombar Coconut,,Beleza e Perfumaria,Cabelo
27959277,Felps Plástica Capilar Botox 1 Kilo,,Beleza e Perfumaria,Produtos para cabelo
31356252,Lâminas De Reposição Hq8 P/ Barbeador Philips,,Beleza e Perfumaria,Barbearia
25794028,K.pro Profissional Ph Balancer Tratamento Acidificante 230g,,Beleza e Perfumaria,Produtos para cabelo
31750462,Raquete Para Nudred Cabelo - Raquete Com Pente Dread,,Beleza e Perfumaria,Produtos para cabelo
29520021,Cuba Prime Gold Masculino Eau de Parfum 100ml,,Beleza e Perfumaria,Perfumaria
32352419,Pós Progressiva Maria Escandalosa Kit Home Care,,Beleza e Perfumaria,Produtos para cabelo
32642840,Cabine Sun 5 Led E Uv 48w Digital Bivolt Unha Gel,,Beleza e Perfumaria,Unha
8678016,Escova Progressiva 1ka Steel Sem Formol,,Beleza e Perfumaria,Cabelo
24580034,Depilador Aparador De Pelos Nariz Sobrancelha Orelha Facial,,Beleza e Perfumaria,Barbearia
18545430,Coloração Professional Color 3d 8.4 Louro Claro Acobreado  60g - Yamá,,Beleza e Perfumaria,Cabelo
14875758,Portier ciclos  1kg,,Beleza e Perfumaria,Cabelo
32484459,Escova Progressiva Mega Blend Sem Formol,,Beleza e Perfumaria,Produtos para cabelo
29143243,Effaclar Sabonete Alta Tolerância - 80gr,,Beleza e Perfumaria,Cuidados Pessoais
24697802,Aneethun Creme De Silicone 1000ml,,Beleza e Perfumaria,Produtos para cabelo
22320130,Sal Termo Redutor Bandagem Quente,,Beleza e Perfumaria,Dermocosméticos
23394423,Keune Care Color Brillianz Conditioning Spray - Leave-in 140ml,,Beleza e Perfumaria,Cabelo
31027204,Kit Completo Banho de Verniz com Máscara 1Kg - Forever Liss,,Beleza e Perfumaria,Produtos para cabelo
16873657,Perfume Ted Lapidus Fantasme EDT Feminino - 100ml,,Beleza e Perfumaria,Perfumaria
24268116,La Bella Liss Kit 2 Progressivas No Chuveiro 500ml,,Beleza e Perfumaria,Cabelo
35938097,Camuflagem Makiê Original 17 gr,,Beleza e Perfumaria,Cuidados Pessoais
11134763,Loção Hidratante Cetaphil 473g,,Beleza e Perfumaria,Dermocosméticos
27350781,Perfume Dkny Delicious Delights Limited Edition Cool Swirl Feminino Edt 50 Ml,,Beleza e Perfumaria,Perfumaria
24941041,Ybera Fashion Stylist Creme Progressiva Sem Formol 1kg,,Beleza e Perfumaria,Produtos para cabelo
27143232,Pincel Kit Kabuki Maquiagem - F80 Ao F88 E P80 Ao P88 Dourado,,Beleza e Perfumaria,Maquiagem
28556930,Magia de Unicórnio Koloss,,Beleza e Perfumaria,Maquiagem
30469154,Kit escurecedor capilar Lucys loção shampoo tônico masculino,,Beleza e Perfumaria,Produtos para cabelo
26088444,Eternity Liss Escova Progressiva Afro System Sem Formol 1 Litro,,Beleza e Perfumaria,Produtos para cabelo
29300578,"Kazak - Shampoo 4 in 1 - Cabelo, Rosto, Barba e Corpo 240ml (8.11 fl oz.)",,Beleza e Perfumaria,Produtos para cabelo
26984837,Protetor Dental Anti Bruxismo Tamanho Universal Placa Dente Silicone Tratamento Evite O Desgaste,,Beleza e Perfumaria,Maquiagem
32765721,Uniq One All In One Hair Treatment Coconut Leave in 150 ml,,Beleza e Perfumaria,Produtos para cabelo
29475690,Blend Barba De Respeito 30ml e Regenerador Cutâneo Lorkin 140ml,,Beleza e Perfumaria,Barbearia
31541813,Perfume Masculino Euroessence Pólo Essence 100ML,,Beleza e Perfumaria,Perfumaria
120488178,Máscara para Cílios Colossal Super Filme Lavável Preto Maybelline,maybelline,Beleza e Perfumaria,Maquiagem
11860890,Dailus Quarteto Para Sobrancelha - Universal,,Beleza e Perfumaria,Maquiagem
18614979,Secador De Cabelo Studio Dry 220v - Arno,,Beleza e Perfumaria,Cabelo
31531178,Braé Bond Angel - Bond Fortifier - Passo 3,,Beleza e Perfumaria,Produtos para cabelo
31531032,Cortador Aparador De Cabelo Barba Recarregável Rifieng,,Beleza e Perfumaria,Barbearia
23368198,Aparador Mini Depilador De Pelos Nasal Nariz Ouvido Orelha Cabelos - Mix8 892860,,Beleza e Perfumaria,Depilação
32027335,Laguna Salvador Dali Perfume Feminino Eau de Toilette 50ml,,Beleza e Perfumaria,Perfumaria
34947369,Máquina aparador para cabelos e barba sem fio,,Beleza e Perfumaria,Barbearia
18895241,Maquina Para Corta Cabelo Fazer A Barba E Pezinho,,Beleza e Perfumaria,Barbearia
27759440,Aparador De Barba Rscw 389 - Rifeng,,Beleza e Perfumaria,Barbearia
14986087,Kit 3 Em 1 Descascador Cortador Modelador Frutas Scoop Troop,,Beleza e Perfumaria,Cabelo
27012622,Máquina De Aparar E Cortar Cabelo Barbeador,,Beleza e Perfumaria,Barbearia
35440987,Maquina Aparador Para Cabelos E Barba Sem Fio - XZ-389C,,Beleza e Perfumaria,Barbearia
31497386,"Máquina Para Corta Cabelo Fazer Pezinho Recarregável, rscw-389b",,Beleza e Perfumaria,Barbearia
28033060,"Máquina aparador de barba, cabelo e axilas BIVOLT RSCW-389A - Raymonda",,Beleza e Perfumaria,Barbearia
22463950,Máquina De Aparar E Cortar Cabelo Barbeador,,Beleza e Perfumaria,Barbearia
23833078,Prancha chapinha nano titanium profissional,,Beleza e Perfumaria,Cabelo
24747462,Lixa Elétrica - Escavador de detalhe Rotatório Manicure e Pedicure,,Beleza e Perfumaria,Artigos de Salão de Beleza
23568179,Secador De Cabelo Prosper P6800 Ionic 4000 W 110v – Roxo/prata,,Beleza e Perfumaria,Cabelo
18555893,Relaxante Natural Redutor De Volume 300ml - Capicilin,,Beleza e Perfumaria,Cabelo
31349405,La Petite Fleur Secrete 100ml Paris Elysees,,Beleza e Perfumaria,Perfumaria
11406605,Forever Liss Escova Temporária Bio Defrizante Molecular - 240ml,,Beleza e Perfumaria,Cabelo
15947506,Máquina De Cortar Cabelo Gama Italy 220v Vermelha Com 13 Pentes Guia,,Beleza e Perfumaria,Cabelo
33990949,Panela termocera Mega Bell 400g,,Beleza e Perfumaria,Depilação
24896193,Kit De Hidratação Express Loreal Professionnel Force Relax - Grande,,Beleza e Perfumaria,Produtos para cabelo
19067659,Magnific Hair - Perfect Color 60g,,Beleza e Perfumaria,Cabelo
20725140,Itallian Trivitt 13 Gloss Hidra Cauter Cauterização - 250ml,,Beleza e Perfumaria,Cabelo
19399940,Hidratante Corporal Dior Addict Body Mist Feminino,,Beleza e Perfumaria,Tratamento de Pele
18204162,Perfume Joop! Nightflight Edt 125 Ml,,Beleza e Perfumaria,Perfumaria
31370641,Perfume Estée Lauder Pleasures Feminino Edp 50Ml,,Beleza e Perfumaria,Perfumaria
26776804,Mesa Para Manicure Com Compartimento Para Esmaltes 100%mdf,,Beleza e Perfumaria,Artigos de Salão de Beleza
31680125,Aussie Mega Moist Shampoo 865ml,,Beleza e Perfumaria,Produtos para cabelo
16018660,Salvatore Kit Cachos Perfeitos (4 Produtos),,Beleza e Perfumaria,Cabelo
5710719,Perfume Cheap & Chic Feminino Eau de Toilette 100ml - Moschino,,Beleza e Perfumaria,Perfumaria
29593233,Kit Com 100 Unhas Postiças Acrigel Tips Acabamento Meia Lua,,Beleza e Perfumaria,Unha
14778813,Kit Com 100 Unhas Postiças Acrigel Tips Acabamento Meia Lua,,Beleza e Perfumaria,Unha
15214848,Cola Para Unhas Postiças Com Pincel 10 Gramas,,Beleza e Perfumaria,Perfumaria
22236304,Escova Alisadora Ga.ma Italy Innova Digital - Bivolt,,Beleza e Perfumaria,Cabelo
30164263,Lixa unha Bloco Fecha Poros Para Polimento Branca,,Beleza e Perfumaria,Unha
30665513,Lixa Elétrica Para Unhas - Multiuso com 5 Acessórios,,Beleza e Perfumaria,Unha
33474153,Kit Dois Passos Banho de Vinagre Capilar - Magic Color,,Beleza e Perfumaria,Produtos para cabelo
33860730,Lixa Elétrica De Unha Profissional 25.000 Rpm Bivolt Lina,,Beleza e Perfumaria,Unha
29593209,kit Com 10 Lixas Para Unhas Modelo Banana,,Beleza e Perfumaria,Unha
28647274,kit Com 10 Lixas Para Unhas Modelo Banana,,Beleza e Perfumaria,Unha
30164248,kit Com 10 Lixas Para Unhas Modelo Banana,,Beleza e Perfumaria,Unha
25043856,Kit Lixa Eletrica De Unha Manicure Pedicure Profissional,,Beleza e Perfumaria,Cuidados Pessoais
30164229,Kit 30 Brocas Lixa Unha Eletrica Profissional Manicure,,Beleza e Perfumaria,Unha
35438458,Prancha Gama Eleganza Plus 210c Bivolt,,Beleza e Perfumaria,Aparelhos elétricos para cabelo
34385267,Kit Acrigel Led Cabine Sun 24w Digital + Aspirador + Lixa Unha Elétrica Com Pedal 220v,,Beleza e Perfumaria,Unha
11961386,Lixadeira De Unha Maquina Lixa Eletrica Profissional De Unhas Para Manicure Com Acessorios Bivolt,,Beleza e Perfumaria,Tratamento de Pele
22857734,Kit 10 Lixas Bloco Polidora Unhas Acrílico Gel Fecha Poros,,Beleza e Perfumaria,Artigos de Salão de Beleza
30164274,lixa rosa manicure pedicure profissional eletrica 110v,,Beleza e Perfumaria,Unha
29593201,lixa rosa manicure pedicure profissional eletrica 110v,,Beleza e Perfumaria,Unha
29834887,Condicionador Hidratante A Base De Milho Mairibel 1000g Masc,,Beleza e Perfumaria,Produtos para cabelo
28343585,Kit 30 Lixas Banana Uso Profissional,,Beleza e Perfumaria,Unha
34774493,Cabine Led E Uv 24w Bivolt Sun  Unhas Gel Acrígel Fibra,,Beleza e Perfumaria,Artigos de Salão de Beleza
30615946,Kit Uv Acrigel Manicure Cabine Estufa Uv + Lixa Elétrica,,Beleza e Perfumaria,Unha
33746359,Lixa Bloco Fecha Poros para Polimento de Unhas Acrigel Branca,,Beleza e Perfumaria,Unha
33746195,kit Com 10 Lixas Para Unhas Modelo Banana,,Beleza e Perfumaria,Unha
33522914,X-Series Rush Desodorante Roll-On Antitranspirante 50ml,,Beleza e Perfumaria,Perfumaria
33518569,Desodorante Roll On 300km/H Power,,Beleza e Perfumaria,Perfumaria
29785145,Desodorante Antitranspirante Roll-On 015 50ml,,Beleza e Perfumaria,Perfumaria
31915919,Btox Orgânico Ultra Hidratante Forever Liss 250g 0% Formol,,Beleza e Perfumaria,Produtos para cabelo
23226402,Tracta Base Matte Alta Cobertura - 40g - Cor 01,,Beleza e Perfumaria,Maquiagem
28706179,Perfume UDV Action for Men EDT 60 ml,,Beleza e Perfumaria,Perfumaria
18684447,Balança Digital Com Gancho De Aço Pesca Até 50 Quilos,,Beleza e Perfumaria,Cabelo
19445785,Balança Digital Com Gancho De Aço Pesca Até 50 Quilos,,Beleza e Perfumaria,Cabelo
21715644,Chapinha Prancha Profissional Ladyliss 1 1/4 Nano Titanium 450ºf -rosa,,Beleza e Perfumaria,Cabelo
23600033,Secador De Cabelo Parlux Advance Light Ion 220v Fuscia 2200w,,Beleza e Perfumaria,Cabelo
17879523,Intensive - Protetor Termico Para Cabelos 120ml - Abelha Rainha,,Beleza e Perfumaria,Cabelo
15797869,Mhpro No Dryer - Disciplinador Instantâneo - 120ml,,Beleza e Perfumaria,Cabelo
34859302,Perfume Gold Prime Cuba 100ml,,Beleza e Perfumaria,Perfumaria
132967707,"Modelador de Cachos Curves 1/2 "" - 12,7mm - Taiff",,Beleza e Perfumaria,Cabelo
16665797,Paul Mitchell Tea Tree Hair And Scalp Treatment - Tratamento Fortalecedor,,Beleza e Perfumaria,Cabelo
17796075,Estetoscopio Littmann Classic Iii Framboesa Rainbow 5806 3M,,Beleza e Perfumaria,Banho
22094756,Kit Let Me Be Escova Sem Formol Passo Único Biorestore 250g,,Beleza e Perfumaria,Cabelo
29144882,Adcos Po Compacto Fps 50 Beige,,Beleza e Perfumaria,Maquiagem
18555844,Mousse Suave 140g - Sprayset,,Beleza e Perfumaria,Cabelo
22272830,Navalha Original Edel Solingen Aço Inox Ref. 3011.548,,Beleza e Perfumaria,Barbearia
27116246,Pigmentclar Serum Clareador Intensivo 20ml,,Beleza e Perfumaria,Cuidados Pessoais
23120646,Shampoo Joico Moisture Recovery 300ml,,Beleza e Perfumaria,Banho
28054597,Organizador de Cosméticos para mesa com 3 Nichos 93772,,Beleza e Perfumaria,Maquiagem
133094629,Máquina de Aparar Pelos T-Pro Bivolt - Wahl Clipper,,Beleza e Perfumaria,Barbearia
23695059,"Schwarzkopf Essensity Loção Ativadora 5,5% - 18 vol. 1.000ml",,Beleza e Perfumaria,Cabelo
33543920,Organizador De Maquiagem Acrílico 20 Divisórias Cosméticos,,Beleza e Perfumaria,Maquiagem
35183840,Chá Weleda - Chá Misto da Mamãe,,Beleza e Perfumaria,Cuidados Pessoais
28366470,Perfume Lapidus Pour Homme Eau de Toilette Masculino Ted Lapidus 100ml,,Beleza e Perfumaria,Perfumaria
11573153,Pomada Estilizadora 3 Em 1 Mirra’S - Pomada Para Cabelo 150g,,Beleza e Perfumaria,Cabelo
8328391,Perfume Chic Petals Edt Feminino 30ml Moschino Per,,Beleza e Perfumaria,Perfumaria
20969082,Arsenal Gold Eau De Parfum Gilles Cantuel - 100ml,,Beleza e Perfumaria,Perfumaria
11905323,"Shampoo Lumino Contrast 1,5l - Loréal",,Beleza e Perfumaria,Banho
28553701,Hair Skin e Nails + 3 Coqueteleiras - Cápsula da Beleza - kit com 3 potes - Take Care,,Beleza e Perfumaria,Nutricosméticos
26393237,Kit 1 Touca Anti Frizz + 2 Fronhas De Cetim 50x70 Vermelha,,Beleza e Perfumaria,Cuidados Pessoais
26550711,Salvatore Kit Oless Shampoo 300ml +condicionador 250ml +grátis Ampola Tutto In Uno,,Beleza e Perfumaria,Dermocosméticos
20498299,"Lupa De Mesa E Bancada Com Iluminação Led E Aumento Para Leitura, Joias E Selos Dobravel E Flexivel",,Beleza e Perfumaria,Unha
21677892,Maizzena Para Cabelos Glatten Professional Creme Alisante 1kg,,Beleza e Perfumaria,Cabelo
28725524,Forever Liss Maizena Capilar MeAliza Kit com Máscara 250g (4 itens),,Beleza e Perfumaria,Produtos para cabelo
29434480,Tesoura Reta para Unhas Classic Mundial,,Beleza e Perfumaria,Unha
29623299,Kit Inoar Bombar Tratamento Profissional (3 Produtos),,Beleza e Perfumaria,Produtos para cabelo
31903288,Colônia Masculina Vibe Colônia Enzo Rossi 100 Ml Eau De Toilette,,Beleza e Perfumaria,Perfumaria
23882813,Deva Curl No Poo Kit – Condicionador + Higienizador Condicionante,,Beleza e Perfumaria,Cabelo
24798427,Lancôme La Vie Est Belle Feminino Eau De Parfum 100 Ml,,Beleza e Perfumaria,Perfumaria
26421238,Almiscar Selvagem Wild Mystery Óleo Perfumado Com 5ml Desodorante Perfumado Anos 70 Fragrância,,Beleza e Perfumaria,Cuidados Pessoais
21856433,Óleo Para Massagem Neutro 500 Ml,,Beleza e Perfumaria,Dermocosméticos
32297325,Truss Shampoo & Condicionador Ultra-hidratante + Night Spa,,Beleza e Perfumaria,Produtos para cabelo
17319385,Wella Professionals Enrich Condicionador 200ml-Fab Wella Cosméticos,,Beleza e Perfumaria,Banho
32765980,Schwarzkopf Bonacure Hair Activator Shampoo 250 ml,,Beleza e Perfumaria,Produtos para cabelo
19231817,Loréal Professionnel Absolut Repair Cortex Lipidium Kit Repair (2 Produtos),,Beleza e Perfumaria,Cabelo
28767602,Secador e Prancha Bella Pro Gama 220V,,Beleza e Perfumaria,Produtos para cabelo
8098872,Shampoo Nutritive Bain Satin 1 - 1l Kérastase,,Beleza e Perfumaria,Banho
30845913,Victorias Secret Dream Angels Heavenly 30Ml,,Beleza e Perfumaria,Perfumaria
132806920,Aparador de Pelos Wahl Clipper Minigroomsman 3x1,,Beleza e Perfumaria,Barbearia
25723750,3 Cremes De Tratamento Aussie Shine - Para Brilho Intenso E Duradouro!,,Beleza e Perfumaria,Produtos para cabelo
303700,Desodorante Ferrari Black Masculino 150ml,ferrari,Beleza e Perfumaria,Banho
28135886,Mini Espelho Portátil Dobrável para Maquiagem com LED,,Beleza e Perfumaria,Produtos para cabelo
7328500,Perfume Ferrari Black Masculino Eau de Toilette 75ml,ferrari,Beleza e Perfumaria,Perfumaria
24093757,Condicionador Matizador Mairibel 500 G - Brown,,Beleza e Perfumaria,Cabelo
12303849,"Loreal Expert Absolut Repair Pós-Quimica Shampoo (1500ml), Condicionador (1500ml) E Máscara (500ml)",,Beleza e Perfumaria,Banho
23926278,Shampoo Rubi Cadiveu Glamour 3000ml,,Beleza e Perfumaria,Cabelo
27791829,Chapinha Midi ML-105 Titanium 2V 400W Rosa,,Beleza e Perfumaria,Aparelhos elétricos para cabelo
28500540,Depilador Satinelle HP6419/30 Bivolt Branco Philips,,Beleza e Perfumaria,Depilação
20733310,Cabine Estufa Forno Uv Secador De Unha Gel Acrygel 36w Manicure Salão De Beleza,,Beleza e Perfumaria,Unha
30037822,Truss Miracle Kit Shampoo 300ml  + Condicionador 300ml + Máscara 180g,,Beleza e Perfumaria,Produtos para cabelo
31735179,Retoque De Raiz Koleston Spray Preto 57g,,Beleza e Perfumaria,Produtos para cabelo
18210576,Aussie Smooth Shampoo 865 Ml,,Beleza e Perfumaria,Banho
30378379,Avlon Uberliss Escova Progressiva Sem Formol Restructure 1.L,,Beleza e Perfumaria,Produtos para cabelo
33911525,Baton Depilador Flawless Batom Indolor Facial Instantâneo,,Beleza e Perfumaria,Depilação
26255359,Kit Cronograma Capilar 3 X 10 Ml Bio Extratus,,Beleza e Perfumaria,Produtos para cabelo
117101091,Protetor Solar Neutrogena Sun Fresh FPS 60 200ml,neutrogena,Beleza e Perfumaria,Proteção solar
30603772,Kit com 4 Desodorantes Gillette Clinical Gel Pressure Defense 45g,,Beleza e Perfumaria,Cuidados Pessoais
12834413,Perfume La Rive Aqua Bella Feminino 100ml,,Beleza e Perfumaria,Perfumaria
13088389,Kerastase Shampoo 1 Litro Specifique Bain Prévention,,Beleza e Perfumaria,Banho
19713724,Dermopés - Creme Hidratante Para Afinar Os Pés 130g - Abelha Rainha,,Beleza e Perfumaria,Cuidados Pessoais
21999061,Perfume Versace Dylan Blue Masculino Eau De Toilette 100ml,,Beleza e Perfumaria,Perfumaria
7328658,Perfume Quorum Masculino Eau de Toilette 100ml - Antonio Puig,importado,Beleza e Perfumaria,Perfumaria
12629370,Escova Progressiva Therapy Liss 1l - Sorali,,Beleza e Perfumaria,Cabelo
32211556,Kit Escova Progressiva Zap Professional + Botox Capilar Ztox + Máscara 60 Segundos Alto Impacto 950g,,Beleza e Perfumaria,Produtos para cabelo
34145944,Manequim Cabeça Boneca 80% Natural E 3 Escovas Profissionais,,Beleza e Perfumaria,Produtos para cabelo
21104975,Depilador Esfoliador Skin Care Ultra Be Emotion,,Beleza e Perfumaria,Depilação
25710618,Escova Progressiva Ingel Maxx Fioperfeitto 2x1000ml,,Beleza e Perfumaria,Produtos para cabelo
8026609,Lee Stafford Bleach Blondes Conditioner - Condicionador 250ml,,Beleza e Perfumaria,Banho
132694761,Secador de Cabelo Britânia Bsc2800 3 Temperaturas Lilás - 2100W,,Beleza e Perfumaria,Aparelhos elétricos para cabelo
23311302,Deva Curl One Condition Delight Condicionador 355ml,,Beleza e Perfumaria,Banho
16151953,Perfume Animale Animale Fem Feminino Eau De Perfm (100 Ml),,Beleza e Perfumaria,Perfumaria
20573633,Senscience Cpr Tratamento Reconstrutor De Cutícula E Porosidade 2 X 25ml,,Beleza e Perfumaria,Cabelo
21726640,Kerastase Elixir Ultime Máscara 500ml,,Beleza e Perfumaria,Cabelo
32326973,Prancha Nano Titanium Babyliss PRO TRADICIONAL 1 + 1/4 by Roger + Óleo de Argan 8 ml,,Beleza e Perfumaria,Aparelhos elétricos para cabelo
7323818,Coloração Imédia Excellence Creme 7.7 Chocolate Dourado - L'oreal,l´oreal,Beleza e Perfumaria,Cabelo
32532127,Relógio Ga-110FC-1A masculino Casio Vermelho,,Beleza e Perfumaria,Perfumaria
22581880,Blue Gold 500ml - Salvatore,,Beleza e Perfumaria,Cabelo
18213358,"Loreal Pure Resource Shampoo 1,5 Litros",,Beleza e Perfumaria,Banho
12293285,Loreal Professionnel Dulcia Advanced 2 - Loção Permanente Para Cabelos Sensibilizados - 75ml,,Beleza e Perfumaria,Cabelo
19234074,Cera Depilatoria A Quente Starpil Algas - 1kg,,Beleza e Perfumaria,Depilação
23024879,Mini Chapinha Prancha Babyliss Pro Nano Titanium Profissional - 19mm,,Beleza e Perfumaria,Cabelo
32531716,Relogio Casio G-Shock GA110LN-8A Masculino,,Beleza e Perfumaria,Perfumaria
28196800,Kit Alise Hair The Shock Shampoo e Fluido Térmico 2X250ml,,Beleza e Perfumaria,Produtos para cabelo
28637499,Maleta Com Kit De Maquiagem Rose Fenzza,,Beleza e Perfumaria,Maquiagem
29728277,Colônia Desodorante Avon Homem Power - 200ml,,Beleza e Perfumaria,Perfumaria
112570024,Perfume Montblanc Presence Masculino Eau de Toilette 50 ml,,Beleza e Perfumaria,Perfumaria
119474676,Prancha Saffira Colors 410 Laranja - Taiff,taiff,Beleza e Perfumaria,Aparelhos elétricos para cabelo
21101894,Botox Sem Formol Anti Volume 250g Plancton,,Beleza e Perfumaria,Cabelo
24126113,Piercing Ela Deo Colônia Feminina 100ml,,Beleza e Perfumaria,Perfumaria
10570809,Secador 3800 Ionic Rainbow Lizz 110v,,Beleza e Perfumaria,Cabelo
29404392,Lé Charme's Intensy Color Platinum Matizador 500ml,,Beleza e Perfumaria,Produtos para cabelo
7323012,212 Vip Feminino Eau de Parfum 50ml - Carolina Herrera,,Beleza e Perfumaria,Perfumaria
29519999,Perfume Tommy Girl Feminino Eau de Cologne,,Beleza e Perfumaria,Perfumaria
13085488,Carolina Herrera 212 Vip Men Masculino Edt 200 Ml,,Beleza e Perfumaria,Perfumaria
30787667,Escova Rotativa Giratória Pro 2 em 1 Ambas as Direções,,Beleza e Perfumaria,Barbearia
24126117,Cumplicce Deo Colônia 120ml Spray,,Beleza e Perfumaria,Perfumaria
14969222,Loção Adstringente Aloe Vera E Hortelã - Pré-Depilação - (1002) - 140ml - Tutti Depil,,Beleza e Perfumaria,Depilação
128834629,Secador Cabelos Ph3700 Gold - Philco,philco,Beleza e Perfumaria,Aparelhos elétricos para cabelo
32313393,Kit Loreal Professionnel Nutrifier Pequeno,,Beleza e Perfumaria,Produtos para cabelo
20793016,Kit Escova Evas Cms Kit 6 Tamanhos Resistente E Profissional,,Beleza e Perfumaria,Cabelo
27280152,"Kit 3 Unidades Dermaroller Drs-540 Micro Agulhas 0,5 Mm",,Beleza e Perfumaria,Cuidados Pessoais
28769353,Gel Mega RMC 5 Kg,,Beleza e Perfumaria,Dermocosméticos
22208738,Paul Mitchell Mitch Reformer - Pasta Modeladora 85g,,Beleza e Perfumaria,Cabelo
11720312,Kit Com 22 Pincéis Profissionais Para Maquiagem Macrilan Kp3-7a,,Beleza e Perfumaria,Maquiagem
32167120,Kit Nivea Protetor Solar Facial Toque Seco FPS60 50ml + Nécessaire Exclusiva,,Beleza e Perfumaria,Proteção solar
30405462,Kit Manicure C/ 9 Kit9 Studio B,,Beleza e Perfumaria,Unha
23081396,Kit Dermografo Cheyenne Micropigmentacao Fio A Fio 15 Agulhas,,Beleza e Perfumaria,Maquiagem
19305466,Cuba Candy Deo Parfum 35ml,,Beleza e Perfumaria,Perfumaria
35354239,Tattoo Henna para Sobrancelha Castanho Escuro,,Beleza e Perfumaria,Maquiagem
25218589,LA VIDA Perfume Feminino Deo Colônia 100ml Ciclo Cosméticos,,Beleza e Perfumaria,Perfumaria
33523111,Fox Kit Shampoo + Botox Ultra 1 Kg,,Beleza e Perfumaria,Produtos para cabelo
27290688,Sabonete 3 Em 1 Nivea Men Sensitive 90g,,Beleza e Perfumaria,Cuidados Pessoais
112831837,Shampoo + Condicionador Head&Shoulders Anticoceira com Eucalipto - 200ml,,Beleza e Perfumaria,Produtos para cabelo
28742043,"Clinique Chubby Plump &amp; Shine Powerhouse Punch - Gloss Labial 3,9g",,Beleza e Perfumaria,Maquiagem
17816413,Felps Marula Máscara De Hipernutrição - 1kg,,Beleza e Perfumaria,Cabelo
15099611,Organizador De Bolsa Necessaire Com 2 Unidades Grande E Medio Pratico,,Beleza e Perfumaria,Maquiagem
33943086,Creme Instantly Ageless Jeunesse Efeito Cinderela Botox Mágico 25 Ampolas,,Beleza e Perfumaria,Cuidados Pessoais
25521781,Kit 10 Pentes Disfarce Guia Colorido Maq Cortar Cabelo Wahl,,Beleza e Perfumaria,Produtos para cabelo
33627060,Kit Máscara Selante Banho De Verniz + Máscara Óleo De Coco - D'zahoo,,Beleza e Perfumaria,Produtos para cabelo
27142207,Aparelho Remoção de Cravo a Vácuo Succção Acne Espinha Elétrico Facil Pore Cleanser Impurezas Pele,,Beleza e Perfumaria,Cuidados Pessoais
26549295,Perspirex Strong Antiperspirant Rollon 20ml,,Beleza e Perfumaria,Cuidados Pessoais
27909560,Hobety kit Máscara Banho De Ouro 750gr e Shampoo e Hidratante Tecno Gold de 300ml,,Beleza e Perfumaria,Produtos para cabelo
30236143,Paleta Highlight Countour Blush Cheek Play Hb7502 Ruby Rose,,Beleza e Perfumaria,Maquiagem
28838567,"Lavatório Freedom Cuba Móvel Reclinável Para Cabeleireiro, Preto - Dompel",,Beleza e Perfumaria,Artigos de Salão de Beleza
27857850,Mesa Para Manicure Janfine STD Com 1 Gaveta,,Beleza e Perfumaria,Artigos de Salão de Beleza
23721076,"Plâncton - Cronograma Capilar Não Desespere, Repare! 3 Máscaras 400g Cada",,Beleza e Perfumaria,Cabelo
34098668,Óleo para Barba Terra 30ml Viking,,Beleza e Perfumaria,Produtos para cabelo
21761123,Salvatore Escova Progressiva Blue Gold Sem Formol Combo Especial 2 Kits 500ml,,Beleza e Perfumaria,Cabelo
34638844,Laguna Salvador Dali - Perfume Feminino - Eau de Toilette,,Beleza e Perfumaria,Perfumaria
20774090,Prancha Mq Professional Unique Slim Titanium Infrared 25mm 450ºF - Bivolt,,Beleza e Perfumaria,Cabelo
36374803,Onicut Gel Fortalecedor de Unhas com 5ml,,Beleza e Perfumaria,Unha
36119252,Espelho De Aumento 10x Com Ventosa Maquiagem Limpeza De Pele,,Beleza e Perfumaria,Cuidados Pessoais
32324490,Truss Night Spa 250ml + Uso Obrigatório 260ml,,Beleza e Perfumaria,Produtos para cabelo
15480597,G. Hair Perfect Blond Escova Progressiva - ( 3x 250ml ),,Beleza e Perfumaria,Cabelo
25494295,Red Iron Wave Active - Ativador De Cachos 150g,,Beleza e Perfumaria,Produtos para cabelo
11288714,Batom Líquido Dailus - Jetés,,Beleza e Perfumaria,Maquiagem
26636124,Máscara Absolut Control Loreal Professionnel 200ml,,Beleza e Perfumaria,Produtos para cabelo
33661277,Multifuncões Barbeador Elétrico Maquina de Cortar Cabelo,,Beleza e Perfumaria,Barbearia
32351104,Zap All Time Escova Progressiva - 2x1l,,Beleza e Perfumaria,Produtos para cabelo
29781087,Protetor Solar Facial Avon Care Sun+ Fps 30 50g,,Beleza e Perfumaria,Cuidados Pessoais
27175101,Maquina De Cabelo Barba Aparador Profissional 15peças 12w 220v Qirui,,Beleza e Perfumaria,Barbearia
30847715,Victoria's Secret Fragrance Mist Pure Seduction 250Ml,,Beleza e Perfumaria,Perfumaria
19423694,Óleo De Argan 7ml Inoar (Caixa Com 12 Unidades),,Beleza e Perfumaria,Banho
14117398,Escova Nutri Lipidica Innovator Itallian Hairtech,,Beleza e Perfumaria,Cabelo
19871666,Forever Liss - Máscara Banho De Verniz Morango 1kg,,Beleza e Perfumaria,Cabelo
325823,Perfume Via Paris Laloa Eau de Toilette Feminino 100ml,via paris,Beleza e Perfumaria,Perfumaria
8597188,Vital Care Mousse Mega Hold Mjaximum Control 21 Hours 340g,,Beleza e Perfumaria,Cabelo
27844049,Kit Let Me Be Smoothing  500ml+ Máscara Banho de Verniz 500g,,Beleza e Perfumaria,Produtos para cabelo
32358673,Lowell Extrato De Mirtilo Kit Salão + Leave-in + Liso Magico,,Beleza e Perfumaria,Produtos para cabelo
24239295,Cortador De Cabelos 14w Inox N Britânia,,Beleza e Perfumaria,Barbearia
31850258,Escova Progressiva Zap All Time Kit 2x1 Litro - Nova Embalagem,,Beleza e Perfumaria,Produtos para cabelo
33630160,Cabelo Humano Tela Tic Tac 65cm 100 gramas,,Beleza e Perfumaria,Produtos para cabelo
10462926,Forever Liss Home Care Leave-In Manutenção Pós Progressiva - 300ml,,Beleza e Perfumaria,Cabelo
27932984,"Máscara Azul Matizadora cabelos loiros, descoloridos ou grisalhos BioSPA Cosméticos",,Beleza e Perfumaria,Produtos para cabelo
12841552,Perfume Animale Eau De Toilette Masculino 100ml,,Beleza e Perfumaria,Perfumaria
29731625,Bermuda  curta anticelulite modeladora com biocerâmica e infravermelho longo,,Beleza e Perfumaria,Cuidados Pessoais
29967062,Deluxe Edition Eau de Parfum Eudora 75 ml 818641,,Beleza e Perfumaria,Perfumaria
18547342,Condicionador Cowash Yamasterol 900ml - Yamá,,Beleza e Perfumaria,Banho
18360677,Ácido Glicólico Renova A Pele Nat Skin Hinode – 30ml,,Beleza e Perfumaria,Tratamento de Pele
31970434,Tesoura Alfaiate Arte Costura Original Line 10 Polegadas 1/2,,Beleza e Perfumaria,Produtos para cabelo
18245267,Máscara S.O.S Bomba De Vitaminas Liberada Explosão De Revitalização 500g Salon Line,,Beleza e Perfumaria,Cabelo
9911104,Maquina Para Corte E Acabamento De Pelo / Cabelo Wahl Super Taper Branca 220v - Uso Profissional,,Beleza e Perfumaria,Cabelo
28890826,Lamina Gillette Wilkinson Barbear Navalha Aco 60 Unidades,,Beleza e Perfumaria,Barbearia
109886706,Secador Lizz Profissional 3800 Ionic Colors,,Beleza e Perfumaria,Aparelhos elétricos para cabelo
25514618,Cadeira Para Cabeleireiro Luana Reclinável Luxo Preto 3d,,Beleza e Perfumaria,Produtos para cabelo
16209477,Perfume Joop Pour Homme Edt 125ml Original,,Beleza e Perfumaria,Perfumaria
31698336,Máscara Pigmentante Kamaleão Color – Flamingo 150ml Ruivo Fantasia,,Beleza e Perfumaria,Produtos para cabelo
29768270,Aquecedor Gel Matic Bivolt - Mega Bell,,Beleza e Perfumaria,Depilação
15659013,Moist Aussie - Kit Shampoo 400ml + Condicionador 400ml,,Beleza e Perfumaria,Cabelo
26021778,Icon Elite Dunhill Eau De Parfum – Perfume Masculino 50ml,,Beleza e Perfumaria,Perfumaria
31105476,Kit C.Kamura Cronograma Capilar Disciplinante (3 Produtos),,Beleza e Perfumaria,Produtos para cabelo
23254982,Eliminadora E Removedora De Pontas Duplas Corte E Bordado Vermelho,,Beleza e Perfumaria,Cabelo
17102033,Manequim Hairart Professional Cabelo Natural Longo Castanho,,Beleza e Perfumaria,Cabelo
305064,Jungle L' Elephant Feminino Eau de Perfum 100ml,,Beleza e Perfumaria,Perfumaria
30576535,Cabelo humano castanho natural 65 cm 100 gramas,,Beleza e Perfumaria,Produtos para cabelo
15949313,Prancha De Cabelo Gama Italy Lumina Duo Ion Plus Bivolt Vermelha Com Cabo Giratório,,Beleza e Perfumaria,Cabelo
22387903,Hair Spray Fixador Charming Black 400ml Sem Perfume,,Beleza e Perfumaria,Cabelo
32024624,Tracta Bruna Tavares Batom Líquido Matte Rafaela,,Beleza e Perfumaria,Maquiagem
31901826,Perfume Feminino Bijan 75 Ml Eau De Toilette,,Beleza e Perfumaria,Perfumaria
20433232,Aparador Barbeador Elétrico Nova Bivolt Cor Azul,,Beleza e Perfumaria,Barbearia
26659493,"Secador De Cabelos Gama Bella Tourmaline, Jato De Ar Frio, Preto",,Beleza e Perfumaria,Aparelhos elétricos para cabelo
8589969,Lápis Para Olhos Preto Dailus,,Beleza e Perfumaria,Maquiagem
27530766,Inoar Gengibre Kit Duo,,Beleza e Perfumaria,Produtos para cabelo
16663169,Salvatore Bioplants Shampoo,,Beleza e Perfumaria,Cabelo
11111566,"Maquina Aparador Cortador Depiladora De Cabelo, Ba",,Beleza e Perfumaria,Barbearia
24288673,Prancha Beauty Pro Ion,,Beleza e Perfumaria,Cabelo
8312128,Schwarzkopf Bonacure Repair Rescue Treatment - Máscara De Tratamento 200ml,,Beleza e Perfumaria,Cabelo
32083854,Combo 3 Kit Escova Progressiva Zap Professional 2x1 Litro,,Beleza e Perfumaria,Produtos para cabelo
17438741,Leave-In Helcla Multiação Luxury Gray,,Beleza e Perfumaria,Cabelo
20405626,Lé Charme´S - Máscara Banho De Ouro Cicatri Mask 300g,,Beleza e Perfumaria,Cabelo
16740595,Kit Shampoo E Creme De Pentear Cabelo Tingido - Hidratação Para Cabelos Tingidos,,Beleza e Perfumaria,Cabelo
16740527,"Máscara De Hidratação Capilar Para Cabelos Tintos, Tingidos E Descoloridos",,Beleza e Perfumaria,Cabelo
25081201,Secador De Cabelo Taiff Turbo Ion 1900w 127v,,Beleza e Perfumaria,Aparelhos elétricos para cabelo
32934157,Desodorante Malizia Uomo Vetyver 150ml - Original,,Beleza e Perfumaria,Perfumaria
28807250,Kit Unha Gel Acrigel + Cabine + Lixa + Kit Gel Acrygel -110v,,Beleza e Perfumaria,Unha
23120653,Kit Joico Moisture Recovery Treatment Balm 3 Produtos,,Beleza e Perfumaria,Cabelo
31904986,Colônia Masculina Extreme Colônia Paul Smith 100 Ml Eau De Toilette,,Beleza e Perfumaria,Perfumaria
31004610,Truss Finish Hair Protector Leave-in 250ml,,Beleza e Perfumaria,Produtos para cabelo
12981720,Shampoo Paul Mitchell Forever Blonde 1 Litro,,Beleza e Perfumaria,Banho
33476767,Kit Unha Gel Acrigel + Cabine + Lixa + Kit Gel Acrygel 220v D&Z,,Beleza e Perfumaria,Unha
32531922,Relogio Hda-600B-7B Masculino Casio,,Beleza e Perfumaria,Perfumaria
15441020,Joico Curl Controlling Anti-Frizz Styler 100ml,,Beleza e Perfumaria,Cabelo
18278415,Joico Curl Cleansing Nourished Duo Kit (2 Produtos),,Beleza e Perfumaria,Cabelo
17571181,Perfume Sì Feminino Eau De Parfum 30ml | Giorgio Armani,,Beleza e Perfumaria,Perfumaria
22034251,Perfume Asteria Feminino Edp 100 Ml - Marina De Bourbon,,Beleza e Perfumaria,Perfumaria
14875713,Depilador Aparador De Pelos Nariz Sobrancelhas E Orelha Mulher Facial (92057),,Beleza e Perfumaria,Depilação
18500563,Escova Progressiva New Fox Gloss 2x1000ml - Edição Limitada,,Beleza e Perfumaria,Cabelo
32361055,Suporte De Pernas Para Manicure/pedicure- Apoio Tripé,,Beleza e Perfumaria,Artigos de Salão de Beleza
132766737,Máquina de Cortar Cabelo Philco PCR05S - Prata,,Beleza e Perfumaria,Barbearia
24306090,Espelho Articulado De Aumento Com Luz - Mor,,Beleza e Perfumaria,Artigos de Salão de Beleza
29122582,Creme Hidratante Kanechom Manteiga De Karité 1kg,,Beleza e Perfumaria,Produtos para cabelo
9350045,Macrilan Maleta De Maquiagem 3d Completa Com 56 Itens Ml2-2m,,Beleza e Perfumaria,Maquiagem
32303708,Zap Professional Escova Progressiva 2 x 1000 ML,,Beleza e Perfumaria,Produtos para cabelo
22669310,Neutrogena Ultra Gentle Tônico Sem Álcool 200ml,,Beleza e Perfumaria,Cuidados Pessoais
25526718,Delineador Líquido Extreme Preto À Prova D'água Vivai 2116.1,,Beleza e Perfumaria,Maquiagem
34941916,Tonico Capilar Vigori Trat 60ml,,Beleza e Perfumaria,Produtos para cabelo
35953350,Perfume Feminino Miss Dior Blooming Bouquet Eau de Toilette 50ml,,Beleza e Perfumaria,Cuidados Pessoais
26952098,Cadiveu Plástica De Argila Botox Capilar - Kit De Tratamento 3 Passos 500ml,,Beleza e Perfumaria,Produtos para cabelo
15654400,Forever Liss Banho De Pérola Loiro Brilhante - 1kg,,Beleza e Perfumaria,Cabelo
34789109,Creme Antivermelhidão Bioderma Sensibio Ar,,Beleza e Perfumaria,Cuidados Pessoais
25462556,Modelador Duo Spirale,,Beleza e Perfumaria,Cabelo
112310775,Perfume Calvin Klein Sheer Beauty Feminino Eau de Toilette 100ml,calvin klein,Beleza e Perfumaria,Perfumaria
18793673,Lowell Complex Care Mirtilo Trio Kit (3 Produtos),,Beleza e Perfumaria,Cabelo
31673396,Pó Descolore E Colore Vermelho Hidratycollor Mairibel 100g,,Beleza e Perfumaria,Produtos para cabelo
31961231,Matizador Lé Charme's Intensy Color Efeito Perolado 300ml,,Beleza e Perfumaria,Produtos para cabelo
25474756,Oxigenada Igora Royal 30 Volumes 60ml - SCHWAZRKOPF,,Beleza e Perfumaria,Produtos para cabelo
21903600,Coloração Schwarzkopf Igora - 0-77 Mistura Cobre - 60g,,Beleza e Perfumaria,Cabelo
30896252,Kit Sh + Cond Inoar Cicatrifios 1 Litro,,Beleza e Perfumaria,Produtos para cabelo
17434754,Escova Progressiva Monoi Oil Madame Lis ? Kit 2x1 Litro<Br>,,Beleza e Perfumaria,Cabelo
25840990,Mini Prancha Pro 20W Philco,,Beleza e Perfumaria,Aparelhos elétricos para cabelo
27729370,"Depilador Feminino Aparador De Pelos Facial Rosto E Corpo, Axilas, Pernas E Virilha Sem Fio Eletrico",,Beleza e Perfumaria,Produtos para cabelo
30438580,Botox Madeira Rosa 1kg,,Beleza e Perfumaria,Produtos para cabelo
18235715,Barber Originals Barbear Rente e Livre de Irritações - Óleo Pré-Barba 60ml,,Beleza e Perfumaria,Barbearia
27536454,Prancha Titanium Roxa - Edição Limitada,,Beleza e Perfumaria,Aparelhos elétricos para cabelo
21945052,Kit Base Dupla Com 2 Aquecedores De Cera Roll-On - Branca Com Rosa,,Beleza e Perfumaria,Depilação
20038523,Truss Cuidados Diários Miracle Kit Shampoo + Condicionador + Máscara,,Beleza e Perfumaria,Cabelo
27697923,Perfume Feminino Si Eau de Parfum 100ml,,Beleza e Perfumaria,Perfumaria
27279117,Anti-idade La Roche-posay Redermic Hyalu C Fps25 15ml,,Beleza e Perfumaria,Dermocosméticos
27187450,Prancha Argan Style 2 em 1 Philco Bivolt,,Beleza e Perfumaria,Aparelhos elétricos para cabelo
29688482,Lowell Color Coloração 60g,,Beleza e Perfumaria,Produtos para cabelo
25718236,"Dermaroller Esfoliador De Pele 4 X 1 - 0,5 1,0 1,5 Mm E Caixa",,Beleza e Perfumaria,Cuidados Pessoais
113556451,Perfume Antonio Banderas Blue Seduction Masculino Eau de Toilette 200ml,,Beleza e Perfumaria,Perfumaria
28320340,Prancha CP1 Nova Digital Titanium,,Beleza e Perfumaria,Aparelhos elétricos para cabelo
33923294,Escova Rotativa Modeladora Gama Turbo Plus 2300 Ceramic 110v,,Beleza e Perfumaria,Aparelhos elétricos para cabelo
32787435,Ulric de Varens Perfume Feminino Rue Pergolese Paris - Eau de Parfum 100ml,,Beleza e Perfumaria,Perfumaria
28782867,Whey Fit Cream Kit 2 Produtos - Yenzah,,Beleza e Perfumaria,Produtos para cabelo
21779421,Kit Aussie 3 Minute Moist - Shampoo 400ml - Condicionador 400ml- 236ml,,Beleza e Perfumaria,Cabelo
12358333,Tio Nacho Clareador Shampoo 415ml + Condicionador 415ml,,Beleza e Perfumaria,Cabelo
27101646,"Depilador E Aparador De Pelos Masculino E Feminino Depilação Portatil De Rosto, Barba, Sobrancelha,",,Beleza e Perfumaria,Barbearia
32333738,Fluido Termoativado Alisa Em Casa Garota Estupida 100ml,,Beleza e Perfumaria,Produtos para cabelo
35162520,Redermic Hyalu C La Roche Posay - Rejuvenescedor Facial,,Beleza e Perfumaria,Dermocosméticos
16836283,Schwarzkopf Bonacure Repair Rescue Nutri - Kit Profissional 2 Produtos,,Beleza e Perfumaria,Cabelo
16721411,Schwarzkopf Professional Bc Bonacure Repair Rescue Sealed Ends - Leave-In 75ml,,Beleza e Perfumaria,Cabelo
15707603,Porta Shampoo Canto Simples Prateleira Vidro,,Beleza e Perfumaria,Banho
24846213,Porta Esmalte Anel Suporte Para Os Dedos,,Beleza e Perfumaria,Unha
28168588,Tesoura (Higiene Pessoal) Flex Baby Pequena P/Unha Mundial,,Beleza e Perfumaria,Unha
29879375,Kit Ykas Anabolizante Capilar Potência Total (3 Produtos),,Beleza e Perfumaria,Produtos para cabelo
12641659,Máscara Lumino Contrast - L'oréal 500g,,Beleza e Perfumaria,Cabelo
26092047,M Perfect Cover Bb Cream Missha 50ml,,Beleza e Perfumaria,Maquiagem
18496108,Kérastase Densifique Masque Densité Máscara Regeneradora 500ml,,Beleza e Perfumaria,Cabelo
25899303,Kit Pós Química Abacate 500 Ml Bio Extratus,,Beleza e Perfumaria,Produtos para cabelo
34353401,Kit Creme Anti-Idade Renew Platinum Olhos e Lábios 15g,,Beleza e Perfumaria,Nutricosméticos
129679202,Escova Alisadora Modelle Shine Bivolt - Britania,britania,Beleza e Perfumaria,Aparelhos elétricos para cabelo
25478445,Lip Matte Latika Batom Líquido Nude Nº 35,,Beleza e Perfumaria,Maquiagem
34358293,Quartz Pour Homme Molyneux - Perfume Masculino - Eau de Toilette,,Beleza e Perfumaria,Perfumaria
30326086,Chapinha Prancha Profissional Nano Titanium - Azul,,Beleza e Perfumaria,Aparelhos elétricos para cabelo
12113924,Secador Fox Íon S 2100w Prata - Produto Cer,,Beleza e Perfumaria,Cabelo
33226174,Loreal Force Relax Condicionador 300Ml,,Beleza e Perfumaria,Produtos para cabelo
19423620,Máscara Rigen Milk Protein Plus Real Cream Alfaparf 1kg,,Beleza e Perfumaria,Cabelo
30643259,500 Unhas Tips Sorriso Acrigel Natural Honey Girl,,Beleza e Perfumaria,Unha
34647502,Rue Pergolese Parfums Pergolèse Paris - Perfume Feminino - Eau de Parfum,,Beleza e Perfumaria,Perfumaria
29877803,Prancha Lizze Extreme - 220V,,Beleza e Perfumaria,Aparelhos elétricos para cabelo
12981373,Cera Em Creme Schwarzkopf Osis+  Flexwax Texture 50ml,,Beleza e Perfumaria,Cabelo
18909139,Escova De Cabelo Evas Cms 3005,,Beleza e Perfumaria,Cabelo
24940707,Perfume Euphoria Feminino Eau De Parfum 100ml,,Beleza e Perfumaria,Perfumaria
16809827,Mini Aparador Para Nariz E Orelha Nasal Trimmer Preto Wahl,,Beleza e Perfumaria,Barbearia
33999959,Ruby Rose - Combo 2 unidades Naked Flawless Collection - L2,,Beleza e Perfumaria,Maquiagem
31776291,Loreal Bb Cream 5 Em 1 Com Fps 20 Media 30ml,,Beleza e Perfumaria,Maquiagem
34711781,"Catharine Hill Sombras Variadas 1017 - Paleta De Sombras 24G + Batom Moscou 1,5g",,Beleza e Perfumaria,Maquiagem
22986554,Mairibel Hidratante Matizador Red 500gr,,Beleza e Perfumaria,Cabelo
30437494,Creme corporal de alta hidratação Diabetex Abelha Rainha 200g,,Beleza e Perfumaria,Cuidados Pessoais
23097484,Shampoo Pós-química Abacate E Jojoba Bio Extratus 250ml,,Beleza e Perfumaria,Banho
15786777,Perfume Light Blue Pour Homme Dolce  Cabbana Eau De Toilette Masculino 125ml,,Beleza e Perfumaria,Perfumaria
34000823,Kit 10 Pinceis Pincel Unicornio Cute Colorido,,Beleza e Perfumaria,Maquiagem
7447456,Barbeador Elétrico Spirit Preto Bivolt - Lizz,lizz,Beleza e Perfumaria,Barbearia
31883606,Kit Hidratação Restauração Gordura De Rã Hábito Cosméticos,,Beleza e Perfumaria,Produtos para cabelo
9315647,Lâmina 10 - Oster,,Beleza e Perfumaria,Barbearia
6978483,Arsenal Woman Feminino Eau de Parfum 100ml - Gilles Cantuel,,Beleza e Perfumaria,Perfumaria
34353359,Kit Renew Clinical Clareador & Textura Uniforme Creme Multi-Clareador Facial 30g,,Beleza e Perfumaria,Cuidados Pessoais
30019153,Gama Secador Bella Pro Ion 127V,,Beleza e Perfumaria,Aparelhos elétricos para cabelo
25514653,Lizze Prancha Titânio 1+1/4 220v,,Beleza e Perfumaria,Aparelhos elétricos para cabelo
15701178,Perfume Elizabeth Arden Red Door Feminino Eau De Toilette 100ml,,Beleza e Perfumaria,Perfumaria
9716937,Kérastase Nutritive Bain Satin 2 - Shampoo 1 Litro,,Beleza e Perfumaria,Banho
34380983,Depilador Removedor De Pelos Yes Smooth Finishing Touch Luz,,Beleza e Perfumaria,Depilação
31437932,Animale Feminino Eau de Parfum 200ml,,Beleza e Perfumaria,Perfumaria
133276107,Depilador Satinelle HP6419 - Philips,,Beleza e Perfumaria,Depilação
24355504,Escova Progressiva Madame Lis Kit (2x 1000ml),,Beleza e Perfumaria,Cabelo
32239672,Necessaire Feminina Bolsa Térmica Vinho CBRN05352,,Beleza e Perfumaria,Maquiagem
24419221,Forever Liss Máscara Ultra Hidratante Desmaia Cabelo 950g,,Beleza e Perfumaria,Produtos para cabelo
16029500,Tratamento Anti-Idade Vichy Lifactiv Retinol Ha Advanced 30ml,,Beleza e Perfumaria,Dermocosméticos
25648564,Máscara Matizadora Marsala Óleo Argan 250g Hidraty Mairibel,,Beleza e Perfumaria,Produtos para cabelo
34169712,Inoar G.Hair Progressiva ALEMÃ 3X1000ML,,Beleza e Perfumaria,Produtos para cabelo
34169569,Gel Hidramais Massagem Esfoliante Forte 1KG,,Beleza e Perfumaria,Dermocosméticos
117753217,Barbeador Elétrico Aqua a Prova d'água Lizz Azul,lizz,Beleza e Perfumaria,Barbearia
25979377,Prancha Gama Italy Eleganza Infinity One Bivolt,,Beleza e Perfumaria,Aparelhos elétricos para cabelo
8213306,Perfume Elie Saab Le Parfum Feminino Eau De Parfum 90ml Elie Saab,,Beleza e Perfumaria,Perfumaria
29478792,Cafeína Feminino 100ml,,Beleza e Perfumaria,Perfumaria
19415047,Lupa De Bancada 5 Leds Com Suporte Para Ferro De Solda E Pinça Para Placa Recarregavel Para Eletroni,,Beleza e Perfumaria,Unha
27602362,Chapinha Prancha Profissional Nano Titanium 1 1/4 Até 450ºf - Bivolt,,Beleza e Perfumaria,Aparelhos elétricos para cabelo
18896767,Plancton Professional - Shampoo Liso Absoluto The Grand Cru 500ml,,Beleza e Perfumaria,Banho
7329014,Rouge Royal Eau de Parfum Feminino 100ml - Marina de Bourbon,royal talens,Beleza e Perfumaria,Perfumaria
11543706,I Love P.E. Eau De Toilette Paris Elysees - Perfume Feminino 100ml,,Beleza e Perfumaria,Perfumaria
25793988,Cabelo Humano Natural 75cm 100g,,Beleza e Perfumaria,Produtos para cabelo
25793568,Cabelo Humano Natural 75cm 100g,,Beleza e Perfumaria,Produtos para cabelo
36378714,Lift Intense 50ml Creme Anti Idade Rejuvenescedor Hidratante,,Beleza e Perfumaria,Dermocosméticos
25618297,Botox Capilar For Beauty Com Argan Oil 1kg (sem Formol),,Beleza e Perfumaria,Produtos para cabelo
123885970,Loção Pós Barba Bozzano Aloe Vera 100ml,bozzano,Beleza e Perfumaria,Barbearia
115644308,Perfume Ralph Lauren Polo Red Masculino Eau de Toilette 125ml,,Beleza e Perfumaria,Perfumaria
31404887,Prancha Azul Progressive Titanium Salon Line 230° Bivolt,,Beleza e Perfumaria,Aparelhos elétricos para cabelo
22233466,Secador De Cabelo Profissional Mq Titanium Turbo Compressor 2300w,,Beleza e Perfumaria,Cabelo
33522848,Kit Desmaia Cabelo Completo Forever Liss,,Beleza e Perfumaria,Produtos para cabelo
22289739,Revisteiro Dompel Linea Preto Ref.1650-1,,Beleza e Perfumaria,Artigos de Salão de Beleza
113027242,Cortador de Cabelo Britania 14W Inox,,Beleza e Perfumaria,Barbearia
12358417,Kit Aussie Smooth Shampoo 400ml + Condicionador 400ml + 3 Minute Miracle 236ml,,Beleza e Perfumaria,Banho
24119241,Reparador Cristal Liquido Alfaparf Semi Di Lino 30ml,,Beleza e Perfumaria,Cabelo
25515695,Máquina De Corte Profissional Babyliss Pro Ferrari X880,,Beleza e Perfumaria,Produtos para cabelo
25841052,Kit Com 16 Cargas Gillette Mach3 Regular,,Beleza e Perfumaria,Barbearia
31994002,"Tesoura Sq Profissional Prata Cabeleireiros 6,5"" Aço Inox",,Beleza e Perfumaria,Produtos para cabelo
28280632,Leave in Mediterrani Oyster Repair Treatment 250ml,,Beleza e Perfumaria,Produtos para cabelo
12981133,Escova Progressiva Sem Formol Portier Exclusive (2x1000ml),,Beleza e Perfumaria,Cabelo
23110603,Aparador De Pontas Duplas Fasiz Bivolt,,Beleza e Perfumaria,Barbearia
30428406,Keune Care Line Satin Oil Conditioner Condicionador 200ml,,Beleza e Perfumaria,Produtos para cabelo
34353516,Desodorante Aerosol Dove Men Care Cuidado Total 89g/150ml 6 Unidades,,Beleza e Perfumaria,Cuidados Pessoais
29226653,Soul Power Creme p/ Pentear 500mL Curly Definifion,,Beleza e Perfumaria,Produtos para cabelo
28493497,Goicoechea Diabet Tx Creme Hidratante p/ as Mãos e Pés 400g,,Beleza e Perfumaria,Cuidados Pessoais
29556326,Ponto9 Silver Máscara Profissional Neutraliza Amarelados 480ml,,Beleza e Perfumaria,Produtos para cabelo
35755468,Perfume Masculino Ch Men Carolina Herrera Eau de Toilette 50ml,,Beleza e Perfumaria,Cuidados Pessoais
11089803,Kérastase Resistance Masque Thérapiste - Máscara De Tratamento 500ml,,Beleza e Perfumaria,Cabelo
36566902,Jato de Plasma c/ Tela LCD Branco 6 Níveis,,Beleza e Perfumaria,Cuidados Pessoais
11728755,Loréal Vitamino Color Shampoo 1500ml,,Beleza e Perfumaria,Banho
11289152,Loreal Professionnel Vitamino Color - Condicionador 1500ml,,Beleza e Perfumaria,Banho
22955481,Perfume Hugo xy Masculino eau De toilette 100ml - Hugo Boss,,Beleza e Perfumaria,Perfumaria
307376,Perfume Tommy Girl Feminino Eau de Cologne 50ml - Tommy Hilfiger,tommy hilfiger,Beleza e Perfumaria,Perfumaria
121996537,Gel de Limpeza Facial Neutrogena Ultra Gentle 354ml,neutrogena,Beleza e Perfumaria,Cuidados Pessoais
9787424,Agi Max Dna System - Kit De Tratamento E Redução De Volume,,Beleza e Perfumaria,Cabelo
25522211,Cadeira Poltrona Para Cabeleireiro Milla Luxo Fixa Café 3d,,Beleza e Perfumaria,Produtos para cabelo
27914731,Kit Victoria's Secret Coconut Passion Creme Hidratante 236ml + Body Splash 250ml,,Beleza e Perfumaria,Perfumaria
24877345,Is My Love Shampoo Que Alisa 250ml,,Beleza e Perfumaria,Produtos para cabelo
29859116,Mademoiselle Azzaro Eau de Toilette - Perfume Feminino 30ml,,Beleza e Perfumaria,Perfumaria
35375386,Elizabeth Arden White Tea Feminino 100ml,,Beleza e Perfumaria,Perfumaria
29339458,Joico Kit Moisture Recovery Reparação Kit Shampoo e Condicionador 2x1000ml,,Beleza e Perfumaria,Produtos para cabelo
12302350,Kit Home Loreal Vitamino Color - 5 Produtos,,Beleza e Perfumaria,Cabelo
27922051,Combo 2 Chapinha Prancha Profissional Nano Titanium 1 1/4 Até 450ºf - Bivolts,,Beleza e Perfumaria,Aparelhos elétricos para cabelo
36842342,Umectação com Óleo de coco Bio Umection 500 g,,Beleza e Perfumaria,Produtos para cabelo
133306724,Aparador de Barba Bt3216/14 com Pente Integrado 20 Alturas - Philips,,Beleza e Perfumaria,Barbearia
119531351,Coloração Altamoda E' Colore Anti Amarelador 150g,alta moda,Beleza e Perfumaria,Produtos para cabelo
8429931,Redken All Soft Shampoo 1000ml,,Beleza e Perfumaria,Banho
34169686,Henna Prof. Sobrancelhas Meikki Castanho Medio,,Beleza e Perfumaria,Produtos para cabelo
29890503,FlowerByKenzo Légère Feminino Eau de Toilette,,Beleza e Perfumaria,Perfumaria
25927970,Fortalecedor De Unhas - Pro Unha - Tea Tree Cream - 30gr,,Beleza e Perfumaria,Cuidados Pessoais
33028044,Peel Line Creme De Combate À Celulite 500g,,Beleza e Perfumaria,Cuidados Pessoais
21429437,Botox Capilar Ztox 950gr Zap Ztox Nova Embalagem,,Beleza e Perfumaria,Cabelo
29895454,Fox Gloss Escova Progressiva Kit 2x1litro,,Beleza e Perfumaria,Produtos para cabelo
32335510,"Escova Rotativa Philco Ceramic Spin Ion Brush, 4 em 1, Preto - 110V",,Beleza e Perfumaria,Aparelhos elétricos para cabelo
30416590,Agulha para mega hair entrelaçamento,,Beleza e Perfumaria,Produtos para cabelo
7842472,K.Pro Style Stick - 40g,,Beleza e Perfumaria,Cabelo
19394703,Lowell Protect Care Full Kit Completo (shampoo + Cond + Leave In + Macara),,Beleza e Perfumaria,Cabelo
30623669,Kit Felps Escova Progressiva Tratamento XBTX de Okra Quiabo,,Beleza e Perfumaria,Produtos para cabelo
35149413,Esmalte Dailus Rose 8ml,,Beleza e Perfumaria,Unha
28174985,Escova Progressiva Definitiva de Quiabo Organic 2x1litro,,Beleza e Perfumaria,Produtos para cabelo
29768032,Cicatricure Kit com 4 produtos,,Beleza e Perfumaria,Cuidados Pessoais
16382220,Cadiveu Kit Plástica Dos Fios Selagem 3x250ml,,Beleza e Perfumaria,Cabelo
